USE Food_System;
GO

-- INSERT INTO TaiKhoan
-- Sửa lại để tất cả TenDangNhap là email
INSERT INTO TaiKhoan (TenDangNhap, MatKhau) VALUES 
('tranminh@gmail.com', 'matkhau1'),
('nguyenthithao@gmail.com', 'matkhau2'),
('phamvanan@gmail.com', 'matkhau3'),
('lethithuy@gmail.com', 'matkhau4'),
('dovanphuc@gmail.com', 'matkhau5'),
('nguyentranhoa@gmail.com', 'matkhau6'),
('hoangthitam@gmail.com', 'matkhau7'),
('buitruongson@gmail.com', 'matkhau8'),
('phamanhduc@gmail.com', 'matkhau9'),
('tranthimai@gmail.com', 'matkhau10'),
('phamquanghuy@gmail.com', 'matkhau11'),
('vuhoailinh@gmail.com', 'matkhau12'),
('nguyenvanthanh@gmail.com', 'matkhau13'),
('trandangkhoa@gmail.com', 'matkhau14'),
('lethuhien@gmail.com', 'matkhau15'),
('nguyenhuutin@gmail.com', 'matkhau16'),
('ngothihong@gmail.com', 'matkhau17'),
('phamduclong@gmail.com', 'matkhau18'),
('nguyenthibich@gmail.com', 'matkhau19'),
('levantung@gmail.com', 'matkhau20');


-- INSERT INTO NguoiDung
-- Cập nhật đầy đủ cả email và số điện thoại (đồng bộ với bảng TaiKhoan)
INSERT INTO NguoiDung (HoTen, NgaySinh, Tuoi, Email, Phone, TonGiao, GioiTinh, ChieuCao, CanNang, BMI, ImageAvatar, TaiKhoanID) VALUES
(N'Trần Minh', '1990-04-20', 35, 'tranminh@gmail.com', '0978123456', N'Không', N'Nam', 1.72, 68, 22.99, NULL, 1),
(N'Nguyễn Thị Thảo', '1998-07-15', 26, 'nguyenthithao@gmail.com', '0978123456', N'Phật giáo', N'Nữ', 1.60, 50, 19.53, NULL, 2),
(N'Phạm Văn An', '1987-11-02', 37, 'phamvanan@gmail.com', '0934223344', N'Không', N'Nam', 1.74, 75, 24.77, NULL, 3),
(N'Lê Thị Thủy', '1995-09-21', 29, 'lethithuy@gmail.com', '0934223344', N'Công giáo', N'Nữ', 1.58, 52, 20.83, NULL, 4),
(N'Đỗ Văn Phúc', '1989-03-30', 36, 'dovanphuc@gmail.com', '0934223344', N'Không', N'Nam', 1.78, 72, 22.72, NULL, 5),
(N'Nguyễn Trần Hoa', '1996-12-12', 28, 'nguyentranhoa@gmail.com', '0905111333', N'Không', N'Nữ', 1.65, 54, 19.83, NULL, 6),
(N'Hoàng Thị Tâm', '1993-08-25', 31, 'hoangthitam@gmail.com', '0968333777', N'Không', N'Nữ', 1.61, 49, 18.90, NULL, 7),
(N'Bùi Trường Sơn', '1992-05-17', 32, 'buitruongson@gmail.com', '0968333777', N'Không', N'Nam', 1.76, 70, 22.60, NULL, 8),
(N'Phạm Anh Đức', '1991-01-10', 34, 'phamanhduc@gmail.com', '0968333777', N'Công giáo', N'Nam', 1.80, 75, 23.15, NULL, 9),
(N'Trần Thị Mai', '1999-06-18', 25, 'tranthimai@gmail.com', '0938222333', N'Phật giáo', N'Nữ', 1.62, 51, 19.44, NULL, 10),
(N'Phạm Quang Huy', '1994-02-03', 31, 'phamquanghuy@gmail.com', '0968333777', N'Không', N'Nam', 1.70, 68, 23.53, NULL, 11),
(N'Vũ Hoài Linh', '1997-10-22', 27, 'vuhoailinh@gmail.com', '0968333777', N'Công giáo', N'Nữ', 1.63, 52, 19.57, NULL, 12),
(N'Nguyễn Văn Thành', '1986-03-14', 38, 'nguyenvanthanh@gmail.com', '0917888999', N'Không', N'Nam', 1.75, 80, 26.12, NULL, 13),
(N'Trần Đăng Khoa', '1992-11-09', 32, 'trandangkhoa@gmail.com', '0968999777', N'Không', N'Nam', 1.73, 67, 22.39, NULL, 14),
(N'Lê Thu Hiền', '1990-01-27', 35, 'lethuhien@gmail.com', '0968777555', N'Phật giáo', N'Nữ', 1.66, 55, 19.96, NULL, 15),
(N'Nguyễn Hữu Tín', '1993-09-01', 31, 'nguyenhuutin@gmail.com', '0905123123', N'Không', N'Nam', 1.72, 70, 23.66, NULL, 16),
(N'Ngô Thị Hồng', '1996-03-18', 29, 'ngothihong@gmail.com', '0977333888', N'Công giáo', N'Nữ', 1.64, 53, 19.71, NULL, 17),
(N'Phạm Đức Long', '1995-07-08', 29, 'phamduclong@gmail.com', '0968777555', N'Không', N'Nam', 1.80, 77, 23.77, NULL, 18),
(N'Nguyễn Thị Bích', '1997-12-14', 27, 'nguyenthibich@gmail.com', '0978123456', N'Không', N'Nữ', 1.60, 51, 19.92, NULL, 19),
(N'Lê Văn Tùng', '1988-06-05', 36, 'levantung@gmail.com', '0968777555', N'Không', N'Nam', 1.78, 82, 25.89, NULL, 20);

--INSERT INTO Blog
INSERT INTO Blog (NguoiDungID, PostTitle, FeatureImage, Category, PostContent)
VALUES 
(1, N'Thực phẩm tốt cho sức khỏe tim mạch', 'images/blog1.jpg', N'Dinh dưỡng', N'Bài viết chia sẻ các loại thực phẩm giúp cải thiện sức khỏe tim mạch như cá hồi, hạt óc chó, rau xanh,...'),

(2, N'Cách nấu món salad giảm cân nhanh chóng', 'images/blog2.jpg', N'Giảm cân', N'Hướng dẫn chế biến món salad ít calo phù hợp cho người muốn giảm cân mà vẫn ngon miệng.'),

(3, N'5 món ăn giàu protein cho người tập gym', 'images/blog3.jpg', N'Fitness', N'Giới thiệu các món ăn giàu protein như ức gà, trứng, yến mạch, thích hợp với người tập thể hình.'),

(4, N'Top thực phẩm giúp cải thiện tiêu hóa', 'images/blog4.jpg', N'Sức khỏe', N'Các thực phẩm như sữa chua, chuối, gừng có tác dụng tốt trong việc hỗ trợ hệ tiêu hóa.'),

(5, N'Món ăn truyền thống ngày Tết Việt Nam', 'images/blog5.jpg', N'Ẩm thực Việt', N'Khám phá các món ăn đặc trưng ngày Tết như bánh chưng, thịt kho trứng, dưa hành,...');


-- INSERT INTO Food và Food_Ingredient
INSERT INTO Food (FoodID, Title, Description, Calories, Instructions, ImageURL, SourceURL, Partition)
VALUES (
    'f101_0269',
    N'Irish stew',
    N'Irish Stew is a hearty, comforting dish from Ireland, featuring tender chunks of lamb or mutton slow-cooked with potatoes, carrots, onions, and fragrant herbs in a rich, savory broth, offering a warm, rustic blend of earthy flavors and melt-in-your-mouth textures, perfect for cozy evenings.',
    370,
    N'1. Heat the oven to 180C/350F/gas mark 4 2. Drain and rinse the soaked wheat, put it in a medium pan with lots of water, bring to a boil and simmer for an hour, until cooked 3. Drain and set aside.

Season the lamb with a teaspoon of salt and some black pepper 4. Put one tablespoon of oil in a large, deep sauté pan for which you have a lid; place on a medium-high heat 5. Add some of the lamb – don''t overcrowd the pan – and sear for four minutes on all sides 6. Transfer to a bowl, and repeat with the remaining lamb, adding oil as needed.

Lower the heat to medium and add a tablespoon of oil to the pan 7. Add the shallots and fry for four minutes, until caramelised 8. Tip these into the lamb bowl, and repeat with the remaining vegetables until they are all nice and brown, adding more oil as you need it.

Once all the vegetables are seared and removed from the pan, add the wine along with the sugar, herbs, a teaspoon of salt and a good grind of black pepper 9. Boil on a high heat for about three minutes.

Tip the lamb, vegetables and whole wheat back into the pot, and add the stock 10. Cover and boil for five minutes, then transfer to the oven for an hour and a half.

Remove the stew from the oven and check the liquid; if there is a lot, remove the lid and boil for a few minutes.',
    'https://www.themealdb.com/images/media/meals/sxxpst1468569714.jpg',
    'https://www.themealdb.com/images/media/meals/sxxpst1468569714.jpg',
    'test'
);

INSERT INTO Food_Ingredient (FoodID, Ingredient)
VALUES ('f101_0269', N'300g soaked overnight in water whole wheat');

INSERT INTO Food_Ingredient (FoodID, Ingredient)
VALUES ('f101_0269', N'2kg cut into 3cm cubes lamb loin chops');

INSERT INTO Food_Ingredient (FoodID, Ingredient)
VALUES ('f101_0269', N'120ml olive oil');

INSERT INTO Food_Ingredient (FoodID, Ingredient)
VALUES ('f101_0269', N'24 Skinned shallots');

INSERT INTO Food_Ingredient (FoodID, Ingredient)
VALUES ('f101_0269', N'4 large Carrots');

INSERT INTO Food_Ingredient (FoodID, Ingredient)
VALUES ('f101_0269', N'2 turnips');

INSERT INTO Food_Ingredient (FoodID, Ingredient)
VALUES ('f101_0269', N'1 celeriac');

INSERT INTO Food_Ingredient (FoodID, Ingredient)
VALUES ('f101_0269', N'350g charlotte potatoes');

INSERT INTO Food_Ingredient (FoodID, Ingredient)
VALUES ('f101_0269', N'150ml white wine');

INSERT INTO Food_Ingredient (FoodID, Ingredient)
VALUES ('f101_0269', N'1 tsp caster sugar');

INSERT INTO Food_Ingredient (FoodID, Ingredient)
VALUES ('f101_0269', N'4 sprigs fresh thyme');

INSERT INTO Food_Ingredient (FoodID, Ingredient)
VALUES ('f101_0269', N'4 sprigs oregano');

INSERT INTO Food_Ingredient (FoodID, Ingredient)
VALUES ('f101_0269', N'450ml chicken stock');

INSERT INTO Food (FoodID, Title, Description, Calories, Instructions, ImageURL, SourceURL, Partition)
VALUES (
    'f101_0270',
    N'Beef Dumpling Stew',
    N'Beef Dumpling Stew is a soul-warming dish with succulent beef chunks simmered in a robust, savory broth alongside fluffy, pillowy dumplings, carrots, and celery, infused with aromatic herbs, delivering a satisfying mix of tender meat, hearty vegetables, and soft dumplings in every comforting spoonful.',
    515,
    N'1. Preheat the oven to 180C/350F/Gas 4.

For the beef stew, heat the oil and butter in an ovenproof casserole and fry the beef until browned on all sides.

Sprinkle over the flour and cook for a further 2-3 minutes.

Add the garlic and all the vegetables and fry for 1-2 minutes.

Stir in the wine, stock and herbs, then add the Worcestershire sauce and balsamic vinegar, to taste 2. Season with salt and freshly ground black pepper.

Cover with a lid, transfer to the oven and cook for about two hours, or until the meat is tender.

For the dumplings, sift the flour, baking powder and salt into a bowl.
Add the suet and enough water to form a thick dough.

With floured hands, roll spoonfuls of the dough into small balls.

After two hours, remove the lid from the stew and place the balls on top of the stew 3. Cover, return to the oven and cook for a further 20 minutes, or until the dumplings have swollen and are tender 4. (If you prefer your dumplings with a golden top, leave the lid off when returning to the oven.)

To serve, place a spoonful of mashed potato onto each of four serving plates and top with the stew and dumplings 5. Sprinkle with chopped parsley.',
    'https://www.themealdb.com/images/media/meals/uyqrrv1511553350.jpg',
    'https://www.themealdb.com/images/media/meals/uyqrrv1511553350.jpg',
    'test'
);

INSERT INTO Food_Ingredient (FoodID, Ingredient)
VALUES ('f101_0270', N'2 tbs Olive Oil');

INSERT INTO Food_Ingredient (FoodID, Ingredient)
VALUES ('f101_0270', N'25g Butter');

INSERT INTO Food_Ingredient (FoodID, Ingredient)
VALUES ('f101_0270', N'750g Beef');

INSERT INTO Food_Ingredient (FoodID, Ingredient)
VALUES ('f101_0270', N'2 tblsp Plain Flour');

INSERT INTO Food_Ingredient (FoodID, Ingredient)
VALUES ('f101_0270', N'2 cloves minced Garlic');

INSERT INTO Food_Ingredient (FoodID, Ingredient)
VALUES ('f101_0270', N'175g Onions');

INSERT INTO Food_Ingredient (FoodID, Ingredient)
VALUES ('f101_0270', N'150g Celery');

INSERT INTO Food_Ingredient (FoodID, Ingredient)
VALUES ('f101_0270', N'150g Carrots');

INSERT INTO Food_Ingredient (FoodID, Ingredient)
VALUES ('f101_0270', N'2 chopped Leek');

INSERT INTO Food_Ingredient (FoodID, Ingredient)
VALUES ('f101_0270', N'200g Swede');

INSERT INTO Food_Ingredient (FoodID, Ingredient)
VALUES ('f101_0270', N'150ml Red Wine');

INSERT INTO Food_Ingredient (FoodID, Ingredient)
VALUES ('f101_0270', N'500g Beef Stock');

INSERT INTO Food_Ingredient (FoodID, Ingredient)
VALUES ('f101_0270', N'2 Bay Leaf');

INSERT INTO Food_Ingredient (FoodID, Ingredient)
VALUES ('f101_0270', N'3 tbs Thyme');

INSERT INTO Food_Ingredient (FoodID, Ingredient)
VALUES ('f101_0270', N'3 tblsp chopped Parsley');

INSERT INTO Food_Ingredient (FoodID, Ingredient)
VALUES ('f101_0270', N'125g Plain Flour');

INSERT INTO Food_Ingredient (FoodID, Ingredient)
VALUES ('f101_0270', N'1 tsp Baking Powder');

INSERT INTO Food_Ingredient (FoodID, Ingredient)
VALUES ('f101_0270', N'60g Suet');

INSERT INTO Food_Ingredient (FoodID, Ingredient)
VALUES ('f101_0270', N'Splash Water');

INSERT INTO Food (FoodID, Title, Description, Calories, Instructions, ImageURL, SourceURL, Partition)
VALUES (
    'f101_0271',
    N'Brown Stew Chicken',
    N'Brown Stew Chicken is a vibrant Jamaican classic, featuring tender chicken pieces marinated and browned to perfection, then simmered in a rich, spicy sauce with onions, bell peppers, tomatoes, and a medley of Caribbean spices, offering a bold, savory-sweet flavor with a hint of heat in every juicy bite.',
    343,
    N'1. Squeeze lime over chicken and rub well 2. Drain off excess lime juice.
Combine tomato, scallion, onion, garlic, pepper, thyme, pimento and soy sauce in a large bowl with the chicken pieces 3. Cover and marinate at least one hour.
Heat oil in a dutch pot or large saucepan 4. Shake off the seasonings as you remove each piece of chicken from the marinade 5. Reserve the marinade for sauce.
Lightly brown the chicken a few pieces at a time in very hot oil 6. Place browned chicken pieces on a plate to rest while you brown the remaining pieces.
Drain off excess oil and return the chicken to the pan 7. Pour the marinade over the chicken and add the carrots 8. Stir and cook over medium heat for 10 minutes.
Mix flour and coconut milk and add to stew, stirring constantly 9. Turn heat down to minimum and cook another 20 minutes or until tender.',
    'https://www.themealdb.com/images/media/meals/sypxpx1515365095.jpg',
    'https://www.themealdb.com/images/media/meals/sypxpx1515365095.jpg',
    'test'
);

INSERT INTO Food_Ingredient (FoodID, Ingredient)
VALUES ('f101_0271', N'1 whole Chicken');

INSERT INTO Food_Ingredient (FoodID, Ingredient)
VALUES ('f101_0271', N'1 chopped Tomato');

INSERT INTO Food_Ingredient (FoodID, Ingredient)
VALUES ('f101_0271', N'2 chopped Onions');

INSERT INTO Food_Ingredient (FoodID, Ingredient)
VALUES ('f101_0271', N'2 chopped Garlic Clove');

INSERT INTO Food_Ingredient (FoodID, Ingredient)
VALUES ('f101_0271', N'1 chopped Red Pepper');

INSERT INTO Food_Ingredient (FoodID, Ingredient)
VALUES ('f101_0271', N'1 chopped Carrots');

INSERT INTO Food_Ingredient (FoodID, Ingredient)
VALUES ('f101_0271', N'1 Lime');

INSERT INTO Food_Ingredient (FoodID, Ingredient)
VALUES ('f101_0271', N'2 tsp Thyme');

INSERT INTO Food_Ingredient (FoodID, Ingredient)
VALUES ('f101_0271', N'1 tsp Allspice');

INSERT INTO Food_Ingredient (FoodID, Ingredient)
VALUES ('f101_0271', N'2 tbs Soy Sauce');

INSERT INTO Food_Ingredient (FoodID, Ingredient)
VALUES ('f101_0271', N'2 tsp Cornstarch');

INSERT INTO Food_Ingredient (FoodID, Ingredient)
VALUES ('f101_0271', N'2 cups Coconut Milk');

INSERT INTO Food_Ingredient (FoodID, Ingredient)
VALUES ('f101_0271', N'1 tbs Vegetable Oil');

INSERT INTO Food (FoodID, Title, Description, Calories, Instructions, ImageURL, SourceURL, Partition)
VALUES (
    'f101_0272',
    N'Croatian Bean Stew',
    N'Croatian Bean Stew, or Grah, is a wholesome, rustic dish featuring creamy white or pinto beans slow-cooked with smoked sausage, pancetta, or ham, alongside onions, garlic, and paprika in a thick, savory broth, delivering a smoky, hearty flavor with a comforting, velvety texture in every warming spoonful.',
    419,
    N'1. Heat the oil in a pan 2. Add the chopped vegetables and sauté until tender 3. Take a pot, empty the beans together with the vegetables into it, put the sausages inside and cook for further 20 minutes on a low heat 4. Or, put it in an oven and bake it at a temperature of 180ºC/350ºF for 30 minutes 5. This dish is even better reheated the next day.',
    'https://www.themealdb.com/images/media/meals/tnwy8m1628770384.jpg',
    'https://www.themealdb.com/images/media/meals/tnwy8m1628770384.jpg',
    'test'
);

INSERT INTO Food_Ingredient (FoodID, Ingredient)
VALUES ('f101_0272', N'2 cans Cannellini Beans');

INSERT INTO Food_Ingredient (FoodID, Ingredient)
VALUES ('f101_0272', N'3 tbs Vegetable Oil');

INSERT INTO Food_Ingredient (FoodID, Ingredient)
VALUES ('f101_0272', N'2 cups Tomatoes');

INSERT INTO Food_Ingredient (FoodID, Ingredient)
VALUES ('f101_0272', N'5 Challots');

INSERT INTO Food_Ingredient (FoodID, Ingredient)
VALUES ('f101_0272', N'2 cloves Garlic');

INSERT INTO Food_Ingredient (FoodID, Ingredient)
VALUES ('f101_0272', N'Pinch Parsley');

INSERT INTO Food_Ingredient (FoodID, Ingredient)
VALUES ('f101_0272', N'1/2 kg chopped Chorizo');

INSERT INTO Food (FoodID, Title, Description, Calories, Instructions, ImageURL, SourceURL, Partition)
VALUES (
    'f101_0273',
    N'Bigos (Hunters Stew)',
    N'Bigos, known as Hunter''s Stew, is a robust Polish dish featuring a hearty medley of sauerkraut, fresh cabbage, and tender chunks of pork, sausage, and sometimes game meat, slow-cooked with mushrooms, onions, and a touch of red wine or prunes, offering a tangy, smoky, and deeply savory flavor with a rich, comforting texture.',
    584,
    N'1. Preheat the oven to 350 degrees F (175 degrees C).

Heat a large pot over medium heat 2. Add the bacon and kielbasa; cook and stir until the bacon has rendered its fat and sausage is lightly browned 3. Use a slotted spoon to remove the meat and transfer to a large casserole or Dutch oven.

Coat the cubes of pork lightly with flour and fry them in the bacon drippings over medium-high heat until golden brown 4. Use a slotted spoon to transfer the pork to the casserole 5. Add the garlic, onion, carrots, fresh mushrooms, cabbage and sauerkraut 6. Reduce heat to medium; cook and stir until the carrots are soft, about 10 minutes 7. Do not let the vegetables brown.

Deglaze the pan by pouring in the red wine and stirring to loosen all of the bits of food and flour that are stuck to the bottom 8. Season with the bay leaf, basil, marjoram, paprika, salt, pepper, caraway seeds and cayenne pepper; cook for 1 minute.

Mix in the dried mushrooms, hot pepper sauce, Worcestershire sauce, beef stock, tomato paste and tomatoes 9. Heat through just until boiling 10. Pour the vegetables and all of the liquid into the casserole dish with the meat 11. Cover with a lid.

Bake in the preheated oven for 2 1/2 to 3 hours, until meat is very tender.',
    'https://www.themealdb.com/images/media/meals/md8w601593348504.jpg',
    'https://www.themealdb.com/images/media/meals/md8w601593348504.jpg',
    'test'
);

INSERT INTO Food_Ingredient (FoodID, Ingredient)
VALUES ('f101_0273', N'2 sliced Bacon');

INSERT INTO Food_Ingredient (FoodID, Ingredient)
VALUES ('f101_0273', N'1 lb Kielbasa');

INSERT INTO Food_Ingredient (FoodID, Ingredient)
VALUES ('f101_0273', N'1 lb Pork');

INSERT INTO Food_Ingredient (FoodID, Ingredient)
VALUES ('f101_0273', N'1/4 cup Flour');

INSERT INTO Food_Ingredient (FoodID, Ingredient)
VALUES ('f101_0273', N'3 chopped Garlic');

INSERT INTO Food_Ingredient (FoodID, Ingredient)
VALUES ('f101_0273', N'1 Diced Onion');

INSERT INTO Food_Ingredient (FoodID, Ingredient)
VALUES ('f101_0273', N'1 1/2 cup Mushrooms');

INSERT INTO Food_Ingredient (FoodID, Ingredient)
VALUES ('f101_0273', N'4 cups Cabbage');

INSERT INTO Food_Ingredient (FoodID, Ingredient)
VALUES ('f101_0273', N'1 Jar Sauerkraut');

INSERT INTO Food_Ingredient (FoodID, Ingredient)
VALUES ('f101_0273', N'1/4 cup Red Wine');

INSERT INTO Food_Ingredient (FoodID, Ingredient)
VALUES ('f101_0273', N'1 Bay Leaf');

INSERT INTO Food_Ingredient (FoodID, Ingredient)
VALUES ('f101_0273', N'1 tsp Basil');

INSERT INTO Food_Ingredient (FoodID, Ingredient)
VALUES ('f101_0273', N'1 tsp Marjoram');

INSERT INTO Food_Ingredient (FoodID, Ingredient)
VALUES ('f101_0273', N'1 tbs Paprika');

INSERT INTO Food_Ingredient (FoodID, Ingredient)
VALUES ('f101_0273', N'1/8 teaspoon Caraway Seed');

INSERT INTO Food_Ingredient (FoodID, Ingredient)
VALUES ('f101_0273', N'1 dash Hotsauce');

INSERT INTO Food_Ingredient (FoodID, Ingredient)
VALUES ('f101_0273', N'5 Cups Beef Stock');

INSERT INTO Food_Ingredient (FoodID, Ingredient)
VALUES ('f101_0273', N'2 tbs Tomato Puree');

INSERT INTO Food_Ingredient (FoodID, Ingredient)
VALUES ('f101_0273', N'1 cup Diced Tomatoes');

INSERT INTO Food_Ingredient (FoodID, Ingredient)
VALUES ('f101_0273', N'1 dash Worcestershire Sauce');

INSERT INTO Food (FoodID, Title, Description, Calories, Instructions, ImageURL, SourceURL, Partition)
VALUES (
    'f101_0274',
    N'Fish Stew with Rouille',
    N'Fish Stew with Rouille is a fragrant Mediterranean delight, featuring a variety of tender white fish and shellfish simmered in a tomato-based broth infused with garlic, saffron, and fennel, served with a spicy, garlicky rouille spread on crusty bread, delivering a vibrant, aromatic balance of oceanic freshness and bold, creamy accents.',
    428,
    N'1. Twist the heads from the prawns, then peel away the legs and shells, but leave the tails intact 2. Devein each prawn 3. Fry the shells in 1 tbsp oil for 5 mins, until dark pink and golden in patches 4. Add the wine, boil down by two thirds, then pour in the stock 5. Strain into a jug, discarding the shells.
Heat the rest of the oil in a deep frying pan or casserole 6. Add the fennel, onion and garlic, season, then cover and gently cook for 10 mins until softened 7. Meanwhile, peel the potato and cut into 2cm-ish chunks 8. Put into a pan of cold water, bring to the boil and cook for 5 mins until almost tender 9. Drain in a colander.
Peel a strip of zest from the orange 10. Put the zest, star anise, bay and ½ tsp harissa into the pan 11. Fry gently, uncovered, for 5-10 mins, until the vegetables are soft, sweet and golden.
Stir in the tomato purée, cook for 2 mins, then add the tomatoes and stock 12. Simmer for 10 mins until the sauce thickens slightly 13. Season to taste 14. The sauce can be made ahead, then reheated later in the day 15. Meantime, scrub the mussels or clams and pull away any stringy beards 16. Any that are open should be tapped sharply on the worktop – if they don’t close after a few seconds, discard them.
Reheat the sauce if necessary, then stir the potato, chunks of fish and prawns very gently into the stew 17. Bring back to the boil, then cover and gently simmer for 3 mins 18. Scatter the mussels or clams over the stew, then cover and cook for 2 mins more or until the shells have opened wide 19. Discard any that remain closed 20. The chunks of fish should flake easily and the prawns should be pink through 21. Scatter with the thyme leaves.
To make the quick rouille, stir the rest of the harissa through the mayonnaise 22. Serve the stew in bowls, topped with spoonfuls of rouille, which will melt into the sauce and enrich it 23. Have some good bread ready, as you’ll definitely want to mop up the juices.',
    'https://www.themealdb.com/images/media/meals/vptqpw1511798500.jpg',
    'https://www.themealdb.com/images/media/meals/vptqpw1511798500.jpg',
    'test'
);

INSERT INTO Food_Ingredient (FoodID, Ingredient)
VALUES ('f101_0274', N'6 large Prawns');

INSERT INTO Food_Ingredient (FoodID, Ingredient)
VALUES ('f101_0274', N'3 tbs Olive Oil');

INSERT INTO Food_Ingredient (FoodID, Ingredient)
VALUES ('f101_0274', N'150ml Dry White Wine');

INSERT INTO Food_Ingredient (FoodID, Ingredient)
VALUES ('f101_0274', N'200ml Fish Stock');

INSERT INTO Food_Ingredient (FoodID, Ingredient)
VALUES ('f101_0274', N'1 small finely diced Fennel');

INSERT INTO Food_Ingredient (FoodID, Ingredient)
VALUES ('f101_0274', N'1 small finely diced Onion');

INSERT INTO Food_Ingredient (FoodID, Ingredient)
VALUES ('f101_0274', N'3 cloves Chopped Garlic');

INSERT INTO Food_Ingredient (FoodID, Ingredient)
VALUES ('f101_0274', N'1 large Potatoes');

INSERT INTO Food_Ingredient (FoodID, Ingredient)
VALUES ('f101_0274', N'1 Orange');

INSERT INTO Food_Ingredient (FoodID, Ingredient)
VALUES ('f101_0274', N'1 Star Anise');

INSERT INTO Food_Ingredient (FoodID, Ingredient)
VALUES ('f101_0274', N'1 Bay Leaf');

INSERT INTO Food_Ingredient (FoodID, Ingredient)
VALUES ('f101_0274', N'1 1/2 tsp Harissa Spice');

INSERT INTO Food_Ingredient (FoodID, Ingredient)
VALUES ('f101_0274', N'2 tbs Tomato Puree');

INSERT INTO Food_Ingredient (FoodID, Ingredient)
VALUES ('f101_0274', N'400g Chopped Tomatoes');

INSERT INTO Food_Ingredient (FoodID, Ingredient)
VALUES ('f101_0274', N'Handful Mussels');

INSERT INTO Food_Ingredient (FoodID, Ingredient)
VALUES ('f101_0274', N'200g White Fish');

INSERT INTO Food_Ingredient (FoodID, Ingredient)
VALUES ('f101_0274', N'2 Thyme');

INSERT INTO Food_Ingredient (FoodID, Ingredient)
VALUES ('f101_0274', N'to serve Bread');

INSERT INTO Food (FoodID, Title, Description, Calories, Instructions, ImageURL, SourceURL, Partition)
VALUES (
    'f101_0275',
    N'Portuguese fish stew (Caldeirada de peixe)',
    N'Caldeirada de Peixe is a vibrant Portuguese fish stew, showcasing layers of fresh fish, shellfish, potatoes, and tomatoes in a light, aromatic broth seasoned with olive oil, garlic, onions, and bay leaves, offering a bright, briny flavor with tender textures and a touch of coastal warmth in every spoonful.',
    323,
    N'1. STEP 1

Heat a drizzle of oil in a large, deep-sided frying pan, and fry the onion and pepper on a medium heat until softened but not browned 2. Finely chop the coriander stalks (keep the leaves for later), and add to the pan with the chilli and chopped garlic 3. Fry for another few minutes 4. Add the wine, saffron and bay leaf and let it simmer until reduced by half.

STEP 2

Add the potatoes, tomatoes, and 300ml water and bring to a gentle boil 5. Break up the tomatoes with a spoon on the side of the pan and simmer for 20-25 minutes until the potatoes are just tender, and the tomatoes have broken down.

STEP 3

Season well, then gently push the fish into the sauce, and arrange the squid, prawns, clams and mussels on the surface 6. Put the lid on and cook for 6-8 minutes until the mussel and clam shells have opened, the prawns are cooked and the fish is flaky 7. Toast the bread, rub lightly with the halved garlic clove and drizzle with olive oil 8. Serve the stew scatted with chopped coriander leaves, and the toasts for dunking.',
    'https://www.themealdb.com/images/media/meals/do7zps1614349775.jpg',
    'https://www.themealdb.com/images/media/meals/do7zps1614349775.jpg',
    'test'
);

INSERT INTO Food_Ingredient (FoodID, Ingredient)
VALUES ('f101_0275', N'2 finely chopped Onions');

INSERT INTO Food_Ingredient (FoodID, Ingredient)
VALUES ('f101_0275', N'1 Diced Red Pepper');

INSERT INTO Food_Ingredient (FoodID, Ingredient)
VALUES ('f101_0275', N'Small bunch Coriander');

INSERT INTO Food_Ingredient (FoodID, Ingredient)
VALUES ('f101_0275', N'1 small Red Chilli');

INSERT INTO Food_Ingredient (FoodID, Ingredient)
VALUES ('f101_0275', N'3 cloves Garlic');

INSERT INTO Food_Ingredient (FoodID, Ingredient)
VALUES ('f101_0275', N'400ml Dry White Wine');

INSERT INTO Food_Ingredient (FoodID, Ingredient)
VALUES ('f101_0275', N'Pinch Saffron');

INSERT INTO Food_Ingredient (FoodID, Ingredient)
VALUES ('f101_0275', N'1 Bay Leaf');

INSERT INTO Food_Ingredient (FoodID, Ingredient)
VALUES ('f101_0275', N'300g Potatoes');

INSERT INTO Food_Ingredient (FoodID, Ingredient)
VALUES ('f101_0275', N'400g Plum Tomatoes');

INSERT INTO Food_Ingredient (FoodID, Ingredient)
VALUES ('f101_0275', N'600g Cod');

INSERT INTO Food_Ingredient (FoodID, Ingredient)
VALUES ('f101_0275', N'300g Squid');

INSERT INTO Food_Ingredient (FoodID, Ingredient)
VALUES ('f101_0275', N'8 Tiger Prawns');

INSERT INTO Food_Ingredient (FoodID, Ingredient)
VALUES ('f101_0275', N'500g Clams');

INSERT INTO Food_Ingredient (FoodID, Ingredient)
VALUES ('f101_0275', N'500g Mussels');

INSERT INTO Food_Ingredient (FoodID, Ingredient)
VALUES ('f101_0275', N'1 sliced Baguette');

INSERT INTO Food (FoodID, Title, Description, Calories, Instructions, ImageURL, SourceURL, Partition)
VALUES (
    'f101_0276',
    N'Laksa King Prawn Noodles',
    N'Laksa King Prawn Noodles is a spicy Southeast Asian delight, featuring succulent king prawns and silky rice noodles in a creamy, coconut milk-based broth infused with fiery chili, lemongrass, and turmeric, garnished with fresh herbs and bean sprouts, delivering a bold, fragrant mix of heat, richness, and vibrant textures.',
    347,
    N'1. Heat the oil in a medium saucepan and add the chilli 2. Cook for 1 min, then add the curry paste, stir and cook for 1 min more 3. Dissolve the stock cube in a large jug in 700ml boiling water, then pour into the pan and stir to combine 4. Tip in the coconut milk and bring to the boil.
Add the fish sauce and a little seasoning 5. Toss in the noodles and cook for a further 3-4 mins until softening 6. Squeeze in the lime juice, add the prawns and cook through until warm, about 2-3 mins 7. Scatter over some of the coriander.
Serve in bowls with the remaining coriander and lime wedges on top for squeezing over.',
    'https://www.themealdb.com/images/media/meals/rvypwy1503069308.jpg',
    'https://www.themealdb.com/images/media/meals/rvypwy1503069308.jpg',
    'test'
);

INSERT INTO Food_Ingredient (FoodID, Ingredient)
VALUES ('f101_0276', N'1 tbsp Olive Oil');

INSERT INTO Food_Ingredient (FoodID, Ingredient)
VALUES ('f101_0276', N'1 finely sliced Red Chilli');

INSERT INTO Food_Ingredient (FoodID, Ingredient)
VALUES ('f101_0276', N'2 ½ tbsp Thai red curry paste');

INSERT INTO Food_Ingredient (FoodID, Ingredient)
VALUES ('f101_0276', N'1 vegetable stock cube');

INSERT INTO Food_Ingredient (FoodID, Ingredient)
VALUES ('f101_0276', N'400ml can coconut milk');

INSERT INTO Food_Ingredient (FoodID, Ingredient)
VALUES ('f101_0276', N'2 tsp fish sauce');

INSERT INTO Food_Ingredient (FoodID, Ingredient)
VALUES ('f101_0276', N'100g rice noodles');

INSERT INTO Food_Ingredient (FoodID, Ingredient)
VALUES ('f101_0276', N'2 juice of 1, the other halved lime');

INSERT INTO Food_Ingredient (FoodID, Ingredient)
VALUES ('f101_0276', N'150g king prawns');

INSERT INTO Food_Ingredient (FoodID, Ingredient)
VALUES ('f101_0276', N'½ small pack coriander');

INSERT INTO Food (FoodID, Title, Description, Calories, Instructions, ImageURL, SourceURL, Partition)
VALUES (
    'f101_0277',
    N'Sushi',
    N'Sushi is an exquisite Japanese delicacy featuring bite-sized portions of vinegared rice delicately shaped and paired with fresh, silky slices of raw or seared fish, vibrant vegetables, or creamy avocado, often wrapped in crisp seaweed or garnished with a touch of wasabi and soy sauce, offering a harmonious balance of umami, subtle sweetness, and refreshing textures in every meticulously crafted piece.',
    93,
    N'1. STEP 1
TO MAKE SUSHI ROLLS: Pat out some rice 2. Lay a nori sheet on the mat, shiny-side down 3. Dip your hands in the vinegared water, then pat handfuls of rice on top in a 1cm thick layer, leaving the furthest edge from you clear.

STEP 2
Spread over some Japanese mayonnaise 4. Use a spoon to spread out a thin layer of mayonnaise down the middle of the rice.

STEP 3
Add the filling 5. Get your child to top the mayonnaise with a line of their favourite fillings – here we’ve used tuna and cucumber.

STEP 4
Roll it up 6. Lift the edge of the mat over the rice, applying a little pressure to keep everything in a tight roll.

STEP 5
Stick down the sides like a stamp 7. When you get to the edge without any rice, brush with a little water and continue to roll into a tight roll.

STEP 6
Wrap in cling film 8. Remove the mat and roll tightly in cling film before a grown-up cuts the sushi into thick slices, then unravel the cling film.

STEP 7
TO MAKE PRESSED SUSHI: Layer over some smoked salmon 9. Line a loaf tin with cling film, then place a thin layer of smoked salmon inside on top of the cling film.

STEP 8
Cover with rice and press down 10. Press about 3cm of rice over the fish, fold the cling film over and press down as much as you can, using another tin if you have one.

STEP 9
Tip it out like a sandcastle 11. Turn block of sushi onto a chopping board 12. Get a grown-up to cut into fingers, then remove the cling film.

STEP 10
TO MAKE SUSHI BALLS: Choose your topping 13. Get a small square of cling film and place a topping, like half a prawn or a small piece of smoked salmon, on it 14. Use damp hands to roll walnut-sized balls of rice and place on the topping.

STEP 11
Make into tight balls 15. Bring the corners of the cling film together and tighten into balls by twisting it up, then unwrap and serve.',
    'https://www.themealdb.com/images/media/meals/g046bb1663960946.jpg',
    'https://www.themealdb.com/images/media/meals/g046bb1663960946.jpg',
    'test'
);

INSERT INTO Food_Ingredient (FoodID, Ingredient)
VALUES ('f101_0277', N'300ml Sushi Rice');

INSERT INTO Food_Ingredient (FoodID, Ingredient)
VALUES ('f101_0277', N'100ml Rice wine');

INSERT INTO Food_Ingredient (FoodID, Ingredient)
VALUES ('f101_0277', N'2 tbs Caster Sugar');

INSERT INTO Food_Ingredient (FoodID, Ingredient)
VALUES ('f101_0277', N'3 tbs Mayonnaise');

INSERT INTO Food_Ingredient (FoodID, Ingredient)
VALUES ('f101_0277', N'1 tbs Rice wine');

INSERT INTO Food_Ingredient (FoodID, Ingredient)
VALUES ('f101_0277', N'1 tbs Soy Sauce');

INSERT INTO Food_Ingredient (FoodID, Ingredient)
VALUES ('f101_0277', N'1 Cucumber');

INSERT INTO Food (FoodID, Title, Description, Calories, Instructions, ImageURL, SourceURL, Partition)
VALUES (
    'f101_0278',
    N'Ma Po Tofu',
    N'Ma Po Tofu is a fiery Sichuan classic, featuring silken tofu cubes and ground pork stir-fried in a bold, spicy sauce of fermented black beans, chili oil, and mouth-numbing Sichuan peppercorns, garnished with scallions, offering a thrilling contrast of creamy, tender tofu and intense, savory heat in every bite.',
    241,
    N'1. Add a small pinch of salt and sesame oil to minced beef 2. Mix well and set aside.
Mix 1 tablespoon of cornstarch with 2 and ½ tablespoons of water in a small bowl to make water starch.
Cut tofu into square cubes (around 2cms) 3. Bring a large amount of water to a boil and then add a pinch of salt 4. Slide the tofu in and cook for 1 minute 5. Move out and drain.
Get a wok and heat up around 2 tablespoons of oil, fry the minced meat until crispy 6. Transfer out beef out and leave the oil in.
Fry doubanjiang for 1 minute over slow fire and then add garlic, scallion white, ginger and fermented black beans to cook for 30 seconds until aroma 7. Then mix pepper flakes in.
Add water to the seasonings and bring to boil over high fire 8. Gently slide the tofu cubes 9. Add light soy sauce and beef.Slow the heat after boiling and then simmer for 6-8 minutes 10. Then add chopped garlic greens.
Stir the water starch and then pour half of the mixture to the simmering pot 11. Wait for around 30 seconds and then pour the other half 12. You can slightly taste the tofu and add pinch of salt if not salty enough 13. By the way, if you feel it is too spicy, add some sugar can milder the taste 14. But be carefully as the broth is very hot at this point.
Transfer out when almost all the seasonings stick to tofu cubes 15. Sprinkle Szechuan peppercorn powder (to taste)and chopped garlic greens if using.
Serve immediately with steamed rice.',
    'https://www.themealdb.com/images/media/meals/1525874812.jpg',
    'https://www.themealdb.com/images/media/meals/1525874812.jpg',
    'test'
);

INSERT INTO Food_Ingredient (FoodID, Ingredient)
VALUES ('f101_0278', N'450g Tofu');

INSERT INTO Food_Ingredient (FoodID, Ingredient)
VALUES ('f101_0278', N'100g Minced Beef');

INSERT INTO Food_Ingredient (FoodID, Ingredient)
VALUES ('f101_0278', N'1/2 tbs Sesame Seed Oil');

INSERT INTO Food_Ingredient (FoodID, Ingredient)
VALUES ('f101_0278', N'1 1/2 tsp Doubanjiang');

INSERT INTO Food_Ingredient (FoodID, Ingredient)
VALUES ('f101_0278', N'1/2 tsp Fermented Black Beans');

INSERT INTO Food_Ingredient (FoodID, Ingredient)
VALUES ('f101_0278', N'1 tbs Pepper');

INSERT INTO Food_Ingredient (FoodID, Ingredient)
VALUES ('f101_0278', N'1/2 tsp Salt');

INSERT INTO Food_Ingredient (FoodID, Ingredient)
VALUES ('f101_0278', N'1/2 tsp Sichuan pepper');

INSERT INTO Food_Ingredient (FoodID, Ingredient)
VALUES ('f101_0278', N'1 tbs Soy Sauce');

INSERT INTO Food_Ingredient (FoodID, Ingredient)
VALUES ('f101_0278', N'400ml Water');

INSERT INTO Food_Ingredient (FoodID, Ingredient)
VALUES ('f101_0278', N'2 tbs Olive Oil');

INSERT INTO Food_Ingredient (FoodID, Ingredient)
VALUES ('f101_0278', N'2 chopped Scallions');

INSERT INTO Food_Ingredient (FoodID, Ingredient)
VALUES ('f101_0278', N'4 Spring Onions');

INSERT INTO Food_Ingredient (FoodID, Ingredient)
VALUES ('f101_0278', N'2 cloves chopped Garlic');

INSERT INTO Food_Ingredient (FoodID, Ingredient)
VALUES ('f101_0278', N'4 sliced Ginger');

INSERT INTO Food_Ingredient (FoodID, Ingredient)
VALUES ('f101_0278', N'2 1/2 tbs Water');

INSERT INTO Food_Ingredient (FoodID, Ingredient)
VALUES ('f101_0278', N'1 tbs Cornstarch');

INSERT INTO Food (FoodID, Title, Description, Calories, Instructions, ImageURL, SourceURL, Partition)
VALUES (
    'f101_0279',
    N'Smoky Lentil Chili with Squash',
    N'Smoky Lentil Chili with Squash is a hearty, vegetarian delight, featuring tender lentils and sweet, roasted squash simmered in a smoky, spicy tomato-based broth with chili peppers, cumin, and smoked paprika, offering a warm, robust flavor with a balance of earthy depth and subtle sweetness in every comforting spoonful.',
    323,
    N'1. Begin by roasting the squash 2. Slice it into thin crescents and drizzle with a little oil and sprinkle with sea salt 3. I added a fresh little sage I had in the fridge, but it’s unnecessary 4. Roast the squash a 205 C (400 F) for 20-30 minutes, flipping halfway through, until soft and golden 5. Let cool and chop into cubes.
Meanwhile, rinse the lentils and cover them with water 6. Bring them to the boil then turn down to a simmer and let cook (uncovered) for 20-30 minutes, or until tender 7. Drain and set aside.
While the lentils are cooking heat the 1 Tbsp 8. of oil on low in a medium pot 9. Add the onions and leeks and sauté for 5 or so minutes, or until they begin to soften 10. Add the garlic next along with the cumin and coriander, cooking for a few more minutes 11. Add the remaining spices – paprika, cinnamon, chilli, cocoa, Worcestershire sauce, salt, and oregano 12. Next add the can of tomatoes, the water or stock, and carrots 13. Let simmer, covered, for 20 minutes or until the veg is tender and the mixture has thickened up 14. You’ll need to check on the pot periodically for a stir and a top of of liquid if needed.
Add the lentils and chopped roasted squash 15. Let cook for 10 more minutes to heat through.
Serve with sliced jalapeno, lime wedges, cilantro, green onions, and cashew sour cream.

SIMPLE CASHEW SOUR CREAM

1 Cup Raw Unsalted Cashews
Pinch Sea Salt
1 tsp 16. Apple Cider Vinegar
Water

Bring some water to the boil, and use it to soak the cashews for at least four hours 17. Alternatively, you can use cold water and let the cashews soak overnight, but I’m forgetful/lazy, so often use the boil method which is much faster.
After the cashews have soaked, drain them and add to a high speed blender 18. Begin to puree, slowly adding about 1/2 cup fresh water, until a creamy consistency is reached 19. You may need to add less or more water to reach the desired consistency.
Add a pinch of sea salt and vinegar (or lemon juice).',
    'https://www.themealdb.com/images/media/meals/uwxqwy1483389553.jpg',
    'https://www.themealdb.com/images/media/meals/uwxqwy1483389553.jpg',
    'test'
);

INSERT INTO Food_Ingredient (FoodID, Ingredient)
VALUES ('f101_0279', N'1 tbls Olive Oil');

INSERT INTO Food_Ingredient (FoodID, Ingredient)
VALUES ('f101_0279', N'1 Onion');

INSERT INTO Food_Ingredient (FoodID, Ingredient)
VALUES ('f101_0279', N'1 chopped Leek');

INSERT INTO Food_Ingredient (FoodID, Ingredient)
VALUES ('f101_0279', N'3 cloves Garlic');

INSERT INTO Food_Ingredient (FoodID, Ingredient)
VALUES ('f101_0279', N'4 tsp ground Cumin');

INSERT INTO Food_Ingredient (FoodID, Ingredient)
VALUES ('f101_0279', N'2 tsp ground Coriander');

INSERT INTO Food_Ingredient (FoodID, Ingredient)
VALUES ('f101_0279', N'1 tsp Smoked Paprika');

INSERT INTO Food_Ingredient (FoodID, Ingredient)
VALUES ('f101_0279', N'1/2 tsp Cinnamon');

INSERT INTO Food_Ingredient (FoodID, Ingredient)
VALUES ('f101_0279', N'1 tsp Chili Powder');

INSERT INTO Food_Ingredient (FoodID, Ingredient)
VALUES ('f101_0279', N'1 tsp Cocoa');

INSERT INTO Food_Ingredient (FoodID, Ingredient)
VALUES ('f101_0279', N'1/2 tsp Dried Oregano');

INSERT INTO Food_Ingredient (FoodID, Ingredient)
VALUES ('f101_0279', N'1 can Diced Tomatoes');

INSERT INTO Food_Ingredient (FoodID, Ingredient)
VALUES ('f101_0279', N'3 cups Water');

INSERT INTO Food_Ingredient (FoodID, Ingredient)
VALUES ('f101_0279', N'3 chopped Carrots');

INSERT INTO Food_Ingredient (FoodID, Ingredient)
VALUES ('f101_0279', N'1 1/2 cups Brown Lentils');

INSERT INTO Food_Ingredient (FoodID, Ingredient)
VALUES ('f101_0279', N'1 tsp Sea Salt');

INSERT INTO Food_Ingredient (FoodID, Ingredient)
VALUES ('f101_0279', N'1 Small Squash');

INSERT INTO Food_Ingredient (FoodID, Ingredient)
VALUES ('f101_0279', N'1 Cup Cashews');

INSERT INTO Food_Ingredient (FoodID, Ingredient)
VALUES ('f101_0279', N'1 tsp Apple Cider Vinegar');

INSERT INTO Food (FoodID, Title, Description, Calories, Instructions, ImageURL, SourceURL, Partition)
VALUES (
    'f101_0280',
    N'Fish pie',
    N'Fish Pie is a classic British comfort dish, featuring flaky white fish, salmon, and shrimp nestled in a creamy, herb-infused sauce, topped with a golden layer of buttery mashed potatoes, baked until bubbly and crisp, delivering a rich, savory seafood flavor with a velvety, comforting texture.',
    539,
    N'1. 01.Put the potatoes in a large pan of cold salted water and bring to the boil 2. Lower the heat, cover, then simmer gently for 15 minutes until tender 3. Drain, then return to the pan over a low heat for 30 seconds to drive off any excess water 4. Mash with 1 tbsp olive oil, then season.
02.Meanwhile put the milk in a large sauté pan, add the fish and bring to the boil 5. Remove from the heat, cover and stand for 3 minutes 6. Remove the fish (reserving the milk) and pat dry with kitchen paper, then gently flake into an ovenproof dish, discarding the skin and any bones.
03.Heat the remaining oil in a pan, stir in the flour and cook for 30 seconds 7. Gradually stir in 200-250ml of the reserved milk (discard the rest) 8. Grate in nutmeg, season, then bubble until thick 9. Stir in the cream.
04.Preheat the oven to 190°C/fan170°C/gas 5 10. Grate the artichokes and add to the dish with the leek, prawns and herbs 11. Stir the lemon zest and juice into the sauce, then pour over 12. Mix gently with a wooden spoon.
05.Spoon the mash onto the fish mixture, then use a fork to make peaks, which will crisp and brown as it cooks 13. Sprinkle over the cheese, then bake for 35-40 minutes until golden and bubbling 14. Serve with wilted greens.',
    'https://www.themealdb.com/images/media/meals/ysxwuq1487323065.jpg',
    'https://www.themealdb.com/images/media/meals/ysxwuq1487323065.jpg',
    'test'
);

INSERT INTO Food_Ingredient (FoodID, Ingredient)
VALUES ('f101_0280', N'900g Floury Potatoes');

INSERT INTO Food_Ingredient (FoodID, Ingredient)
VALUES ('f101_0280', N'2 tbsp Olive Oil');

INSERT INTO Food_Ingredient (FoodID, Ingredient)
VALUES ('f101_0280', N'600ml Semi-skimmed Milk');

INSERT INTO Food_Ingredient (FoodID, Ingredient)
VALUES ('f101_0280', N'800g White Fish Fillets');

INSERT INTO Food_Ingredient (FoodID, Ingredient)
VALUES ('f101_0280', N'1 tbsp Plain flour');

INSERT INTO Food_Ingredient (FoodID, Ingredient)
VALUES ('f101_0280', N'Grating Nutmeg');

INSERT INTO Food_Ingredient (FoodID, Ingredient)
VALUES ('f101_0280', N'3 tbsp Double Cream');

INSERT INTO Food_Ingredient (FoodID, Ingredient)
VALUES ('f101_0280', N'200g Jerusalem Artichokes');

INSERT INTO Food_Ingredient (FoodID, Ingredient)
VALUES ('f101_0280', N'1 finely sliced Leek');

INSERT INTO Food_Ingredient (FoodID, Ingredient)
VALUES ('f101_0280', N'200g peeled raw Prawns');

INSERT INTO Food_Ingredient (FoodID, Ingredient)
VALUES ('f101_0280', N'Large handful Parsley');

INSERT INTO Food_Ingredient (FoodID, Ingredient)
VALUES ('f101_0280', N'Handful Dill');

INSERT INTO Food_Ingredient (FoodID, Ingredient)
VALUES ('f101_0280', N'Grated zest of 1 Lemon');

INSERT INTO Food_Ingredient (FoodID, Ingredient)
VALUES ('f101_0280', N'25g grated Gruyère');

INSERT INTO Food_Ingredient (FoodID, Ingredient)
VALUES ('f101_0280', N'Juice of 1 Lemon');

INSERT INTO Food (FoodID, Title, Description, Calories, Instructions, ImageURL, SourceURL, Partition)
VALUES (
    'f101_0281',
    N'Sugar Pie',
    N'Sugar Pie is a decadent French-Canadian dessert, featuring a flaky, buttery crust filled with a smooth, caramel-like custard made from brown sugar, cream, and a hint of vanilla, offering a rich, melt-in-your-mouth sweetness with a delicate, crisp pastry base for an indulgent treat.',
    410,
    N'1. Preheat oven to 350 degrees F (175 degrees C) 2. Grease a 9-inch pie dish.
Place the brown sugar and butter in a mixing bowl, and beat them together with an electric mixer until creamy and very well combined, without lumps 3. Beat in eggs, one at a time, incorporating the first egg before adding the next one 4. Add the vanilla extract and salt; beat the flour in, a little at a time, and then the milk, making a creamy batter 5. Pour the batter into the prepared pie dish.
Bake in the preheated oven for 35 minutes; remove pie, and cover the rim with aluminum foil to prevent burning 6. Return to oven, and bake until the middle sets and the top forms a crusty layer, about 15 more minutes 7. Let the pie cool to room temperature, then refrigerate for at least 1 hour before serving.',
    'https://www.themealdb.com/images/media/meals/yrstur1511816601.jpg',
    'https://www.themealdb.com/images/media/meals/yrstur1511816601.jpg',
    'test'
);

INSERT INTO Food_Ingredient (FoodID, Ingredient)
VALUES ('f101_0281', N'2 cups Brown Sugar');

INSERT INTO Food_Ingredient (FoodID, Ingredient)
VALUES ('f101_0281', N'¼ cup Butter');

INSERT INTO Food_Ingredient (FoodID, Ingredient)
VALUES ('f101_0281', N'2 Eggs');

INSERT INTO Food_Ingredient (FoodID, Ingredient)
VALUES ('f101_0281', N'1 tsp Vanilla Extract');

INSERT INTO Food_Ingredient (FoodID, Ingredient)
VALUES ('f101_0281', N'1 tsp Salt');

INSERT INTO Food_Ingredient (FoodID, Ingredient)
VALUES ('f101_0281', N'½ cup Plain Flour');

INSERT INTO Food_Ingredient (FoodID, Ingredient)
VALUES ('f101_0281', N'1 1/2 cups Milk');

INSERT INTO Food (FoodID, Title, Description, Calories, Instructions, ImageURL, SourceURL, Partition)
VALUES (
    'f101_0282',
    N'Rappie Pie',
    N'Rappie Pie is a traditional Acadian dish from Nova Scotia, featuring a unique, starchy filling of grated potatoes squeezed dry and layered with tender chicken, pork, or clams in a savory broth, baked until golden and crispy on top, offering a comforting, rustic blend of chewy texture and hearty, savory flavors.',
    417,
    N'1. Preheat oven to 400 degrees F (200 degrees C) 2. Grease a 10x14x2-inch baking pan.
Heat margarine in a skillet over medium heat; stir in onion 3. Cook and stir until onion has softened and turned translucent, about 5 minutes 4. Reduce heat to low and continue to cook and stir until onion is very tender and dark brown, about 40 minutes more.
Bring chicken broth to a boil in a large pot; stir in chicken breasts, reduce heat, and simmer until chicken is no longer pink at the center, about 20 minutes 5. Remove from heat 6. Remove chicken breasts to a plate using a slotted spoon; reserve broth.
Juice potatoes with an electric juicer; place dry potato flesh into a bowl and discard juice 7. Stir salt and pepper into potatoes; stir in enough reserved broth to make the mixture the consistency of oatmeal 8. Set remaining broth aside.
Spread half of potato mixture evenly into the prepared pan 9. Lay cooked chicken breast evenly over potatoes; scatter caramelized onion evenly over chicken 10. Spread remaining potato mixture over onions and chicken to cover.
Bake in the preheated oven until golden brown, about 1 hour 11. Reheat chicken broth; pour over individual servings as desired.',
    'https://www.themealdb.com/images/media/meals/ruwpww1511817242.jpg',
    'https://www.themealdb.com/images/media/meals/ruwpww1511817242.jpg',
    'test'
);

INSERT INTO Food_Ingredient (FoodID, Ingredient)
VALUES ('f101_0282', N'2 tbs Butter');

INSERT INTO Food_Ingredient (FoodID, Ingredient)
VALUES ('f101_0282', N'2 chopped Onions');

INSERT INTO Food_Ingredient (FoodID, Ingredient)
VALUES ('f101_0282', N'4 qt Chicken Stock');

INSERT INTO Food_Ingredient (FoodID, Ingredient)
VALUES ('f101_0282', N'1.5kg Chicken Breast');

INSERT INTO Food_Ingredient (FoodID, Ingredient)
VALUES ('f101_0282', N'4kg Potatoes');

INSERT INTO Food_Ingredient (FoodID, Ingredient)
VALUES ('f101_0282', N'2 tbs Salt');

INSERT INTO Food_Ingredient (FoodID, Ingredient)
VALUES ('f101_0282', N'1tbsp Black Pepper');

INSERT INTO Food (FoodID, Title, Description, Calories, Instructions, ImageURL, SourceURL, Partition)
VALUES (
    'f101_0283',
    N'Mince Pies',
    N'Mince Pies are festive British treats, featuring flaky, buttery pastry shells filled with a rich, spiced mixture of dried fruits, apples, suet, and brandy or rum, dusted with powdered sugar, delivering a warm, sweet-tart flavor with a hint of festive warmth in every bite-sized delight.',
    477,
    N'1. To make the pastry, rub 225g cold, diced butter into 350g plain flour, then mix in 100g golden caster sugar and a pinch of salt.

Combine the pastry into a ball – don’t add liquid – and knead it briefly 2. The dough will be fairly firm, like shortbread dough 3. You can use the dough immediately, or chill for later.

Preheat the oven to 200C/gas 6/fan 180C 4. Line 18 holes of two 12-hole patty tins, by pressing small walnut-sized balls of pastry into each hole.

Spoon 280g mincemeat into the pies.

Take slightly smaller balls of pastry than before and pat them out between your hands to make round lids, big enough to cover the pies 5. Top the pies with their lids, pressing the edges gently together to seal – you don’t need to seal them with milk or egg as they will stick on their own 6. (The pies may now be frozen for up to 1 month).

Beat 1 small egg and brush the tops of the pies 7. Bake for 20 mins until golden 8. Leave to cool in the tin for 5 mins, then remove to a wire rack.

To serve, lightly dust with icing sugar.',
    'https://www.themealdb.com/images/media/meals/qe8pf51576795532.jpg',
    'https://www.themealdb.com/images/media/meals/qe8pf51576795532.jpg',
    'test'
);

INSERT INTO Food_Ingredient (FoodID, Ingredient)
VALUES ('f101_0283', N'225g Butter');

INSERT INTO Food_Ingredient (FoodID, Ingredient)
VALUES ('f101_0283', N'350g Plain Flour');

INSERT INTO Food_Ingredient (FoodID, Ingredient)
VALUES ('f101_0283', N'100g Caster Sugar');

INSERT INTO Food_Ingredient (FoodID, Ingredient)
VALUES ('f101_0283', N'280g Mincemeat');

INSERT INTO Food_Ingredient (FoodID, Ingredient)
VALUES ('f101_0283', N'1 small Egg');

INSERT INTO Food_Ingredient (FoodID, Ingredient)
VALUES ('f101_0283', N'Topping Icing Sugar');

INSERT INTO Food (FoodID, Title, Description, Calories, Instructions, ImageURL, SourceURL, Partition)
VALUES (
    'f101_0284',
    N'Pumpkin Pie',
    N'Pumpkin Pie is an iconic American dessert, featuring a flaky, golden crust filled with a smooth, spiced pumpkin custard made with cinnamon, nutmeg, and cloves, offering a creamy, velvety texture and a warm, autumnal blend of sweet and earthy flavors, perfect for cozy gatherings.',
    323,
    N'1. Place the pumpkin in a large saucepan, cover with water and bring to the boil 2. Cover with a lid and simmer for 15 mins or until tender 3. Drain pumpkin; let cool.
Heat oven to 180C/160C fan/gas 4 4. Roll out the pastry on a lightly floured surface and use it to line a 22cm loose-bottomed tart tin 5. Chill for 15 mins 6. Line the pastry with baking parchment and baking beans, then bake for 15 mins 7. Remove the beans and paper, and cook for a further 10 mins until the base is pale golden and biscuity 8. Remove from the oven and allow to cool slightly.
Increase oven to 220C/200C fan/gas 7 9. Push the cooled pumpkin through a sieve into a large bowl 10. In a separate bowl, combine the sugar, salt, nutmeg and half the cinnamon 11. Mix in the beaten eggs, melted butter and milk, then add to the pumpkin purée and stir to combine 12. Pour into the tart shell and cook for 10 mins, then reduce the temperature to 180C/160C fan/gas 4 13. Continue to bake for 35-40 mins until the filling has just set.
Leave to cool, then remove the pie from the tin 14. Mix the remaining cinnamon with the icing sugar and dust over the pie 15. Serve chilled.',
    'https://www.themealdb.com/images/media/meals/usuqtp1511385394.jpg',
    'https://www.themealdb.com/images/media/meals/usuqtp1511385394.jpg',
    'test'
);

INSERT INTO Food_Ingredient (FoodID, Ingredient)
VALUES ('f101_0284', N'750g Pumpkin');

INSERT INTO Food_Ingredient (FoodID, Ingredient)
VALUES ('f101_0284', N'350g Shortcrust Pastry');

INSERT INTO Food_Ingredient (FoodID, Ingredient)
VALUES ('f101_0284', N'Dusting Plain Flour');

INSERT INTO Food_Ingredient (FoodID, Ingredient)
VALUES ('f101_0284', N'140g Caster Sugar');

INSERT INTO Food_Ingredient (FoodID, Ingredient)
VALUES ('f101_0284', N'½ tsp Salt');

INSERT INTO Food_Ingredient (FoodID, Ingredient)
VALUES ('f101_0284', N'½ tsp Nutmeg');

INSERT INTO Food_Ingredient (FoodID, Ingredient)
VALUES ('f101_0284', N'1 tsp Cinnamon');

INSERT INTO Food_Ingredient (FoodID, Ingredient)
VALUES ('f101_0284', N'2 Beaten Eggs');

INSERT INTO Food_Ingredient (FoodID, Ingredient)
VALUES ('f101_0284', N'25g Butter');

INSERT INTO Food_Ingredient (FoodID, Ingredient)
VALUES ('f101_0284', N'175g Milk');

INSERT INTO Food_Ingredient (FoodID, Ingredient)
VALUES ('f101_0284', N'1 tblsp Icing Sugar');

INSERT INTO Food (FoodID, Title, Description, Calories, Instructions, ImageURL, SourceURL, Partition)
VALUES (
    'f101_0285',
    N'Key Lime Pie',
    N'Key Lime Pie is a refreshing American classic, featuring a buttery graham cracker crust filled with a tangy, creamy custard made from tart key lime juice, sweetened condensed milk, and egg yolks, topped with fluffy whipped cream, delivering a zesty, sweet-tart balance with a silky, tropical finish.',
    410,
    N'1. Heat the oven to 160C/fan 140C/gas 3 2. Whizz the biscuits to crumbs in a food processor (or put in a strong plastic bag and bash with a rolling pin) 3. Mix with the melted butter and press into the base and up the sides of a 22cm loose-based tart tin 4. Bake in the oven for 10 minutes 5. Remove and cool.
Put the egg yolks in a large bowl and whisk for a minute with electric beaters 6. Add the condensed milk and whisk for 3 minutes then add the zest and juice and whisk again for 3 minutes 7. Pour the filling into the cooled base then put back in the oven for 15 minutes 8. Cool then chill for at least 3 hours or overnight if you like.
When you are ready to serve, carefully remove the pie from the tin and put on a serving plate 9. To decorate, softly whip together the cream and icing sugar 10. Dollop or pipe the cream onto the top of the pie and finish with extra lime zest.',
    'https://www.themealdb.com/images/media/meals/qpqtuu1511386216.jpg',
    'https://www.themealdb.com/images/media/meals/qpqtuu1511386216.jpg',
    'test'
);

INSERT INTO Food_Ingredient (FoodID, Ingredient)
VALUES ('f101_0285', N'300g Digestive Biscuits');

INSERT INTO Food_Ingredient (FoodID, Ingredient)
VALUES ('f101_0285', N'150g Butter');

INSERT INTO Food_Ingredient (FoodID, Ingredient)
VALUES ('f101_0285', N'400g Condensed Milk');

INSERT INTO Food_Ingredient (FoodID, Ingredient)
VALUES ('f101_0285', N'3 Egg Yolks');

INSERT INTO Food_Ingredient (FoodID, Ingredient)
VALUES ('f101_0285', N'4 Lime');

INSERT INTO Food_Ingredient (FoodID, Ingredient)
VALUES ('f101_0285', N'300ml Double Cream');

INSERT INTO Food_Ingredient (FoodID, Ingredient)
VALUES ('f101_0285', N'1 tbls Icing Sugar');

INSERT INTO Food_Ingredient (FoodID, Ingredient)
VALUES ('f101_0285', N'to serve Lime');

INSERT INTO Food (FoodID, Title, Description, Calories, Instructions, ImageURL, SourceURL, Partition)
VALUES (
    'f101_0286',
    N'Three Fish Pie',
    N'Three Fish Pie is a luxurious variation of the British classic, featuring a trio of tender cod, salmon, and smoked haddock in a creamy, herb-infused sauce, crowned with a golden layer of fluffy mashed potatoes, baked to perfection, offering a rich, smoky, and savory seafood medley with a comforting, crispy topping.',
    538,
    N'1. Preheat the oven to 200C/400F/Gas 6 (180C fan).
Put the potatoes into a saucepan of cold salted water 2. Bring up to the boil and simmer until completely tender 3. Drain well and then mash with the butter and milk 4. Add pepper and taste to check the seasoning 5. Add salt and more pepper if necessary.
For the fish filling, melt the butter in a saucepan, add the leeks and stir over the heat 6. Cover with a lid and simmer gently for 10 minutes, or until soft 7. Measure the flour into a small bowl 8. Add the wine and whisk together until smooth.
Add the milk to the leeks, bring to the boil and then add the wine mixture 9. Stir briskly until thickened 10. Season and add the parsley and fish 11. Stir over the heat for two minutes, then spoon into an ovenproof casserole 12. Scatter over the eggs 13. Allow to cool until firm.
Spoon the mashed potatoes over the fish mixture and mark with a fork 14. Sprinkle with cheese.
Bake for 30-40 minutes, or until lightly golden-brown on top and bubbling around the edges.',
    'https://www.themealdb.com/images/media/meals/spswqs1511558697.jpg',
    'https://www.themealdb.com/images/media/meals/spswqs1511558697.jpg',
    'test'
);

INSERT INTO Food_Ingredient (FoodID, Ingredient)
VALUES ('f101_0286', N'1kg Potatoes');

INSERT INTO Food_Ingredient (FoodID, Ingredient)
VALUES ('f101_0286', N'Knob Butter');

INSERT INTO Food_Ingredient (FoodID, Ingredient)
VALUES ('f101_0286', N'Dash Milk');

INSERT INTO Food_Ingredient (FoodID, Ingredient)
VALUES ('f101_0286', N'50g Gruyere');

INSERT INTO Food_Ingredient (FoodID, Ingredient)
VALUES ('f101_0286', N'75g Butter');

INSERT INTO Food_Ingredient (FoodID, Ingredient)
VALUES ('f101_0286', N'2 sliced Leek');

INSERT INTO Food_Ingredient (FoodID, Ingredient)
VALUES ('f101_0286', N'75g Plain Flour');

INSERT INTO Food_Ingredient (FoodID, Ingredient)
VALUES ('f101_0286', N'150ml White Wine');

INSERT INTO Food_Ingredient (FoodID, Ingredient)
VALUES ('f101_0286', N'568ml Milk');

INSERT INTO Food_Ingredient (FoodID, Ingredient)
VALUES ('f101_0286', N'2 tbs chopped Parsley');

INSERT INTO Food_Ingredient (FoodID, Ingredient)
VALUES ('f101_0286', N'250g Salmon');

INSERT INTO Food_Ingredient (FoodID, Ingredient)
VALUES ('f101_0286', N'250g Haddock');

INSERT INTO Food_Ingredient (FoodID, Ingredient)
VALUES ('f101_0286', N'250g Smoked Haddock');

INSERT INTO Food_Ingredient (FoodID, Ingredient)
VALUES ('f101_0286', N'6 Eggs');

INSERT INTO Food (FoodID, Title, Description, Calories, Instructions, ImageURL, SourceURL, Partition)
VALUES (
    'f101_0287',
    N'Minced Beef Pie',
    N'Minced Beef Pie is a hearty British classic, featuring a flaky, golden pastry crust encasing a rich, savory filling of seasoned minced beef, onions, and carrots in a thick, flavorful gravy, offering a comforting, robust blend of tender meat and buttery pastry in every satisfying bite.',
    530,
    N'1. Preheat the oven to 200C/400F/Gas 6.
Heat the oil in a deep frying pan and fry the beef mince for 4-5 minutes, breaking it up with a wooden spoon as it browns.
Add the onion and cook for 2-3 minutes, then stir in the tomato purée and cook for 2-3 more minutes 2. Stir in the flour and cook for a further minute, then add the chopped mushrooms, the stout or beef stock and a couple of dashes of Worcestershire sauce 3. Bring to the boil, then reduce the heat, cover the pan with a lid and leave to simmer for 20 minutes 4. Set aside and leave to cool, then turn the meat mixture into a one litre pie dish.
Roll out the pastry on a floured work surface until it is slightly larger than the pie dish 5. Gently drape the pastry over the dish, pressing firmly onto the edges 6. Trim, then shape the edges into a fluted shape.
Cut some leaf shapes out of the pastry trimmings and decorate the top of the pie, sticking them to the pastry with the beaten egg yolk.
Make three or four slits in the pastry to allow the steam to escape, then brush the pie with the rest of the beaten egg yolk and bake in the oven for 20-25 minutes, or until golden-brown.
To serve, slice into wedges.',
    'https://www.themealdb.com/images/media/meals/xwutvy1511555540.jpg',
    'https://www.themealdb.com/images/media/meals/xwutvy1511555540.jpg',
    'test'
);

INSERT INTO Food_Ingredient (FoodID, Ingredient)
VALUES ('f101_0287', N'2 tbs Vegetable Oil');

INSERT INTO Food_Ingredient (FoodID, Ingredient)
VALUES ('f101_0287', N'500g Minced Beef');

INSERT INTO Food_Ingredient (FoodID, Ingredient)
VALUES ('f101_0287', N'1 chopped Onion');

INSERT INTO Food_Ingredient (FoodID, Ingredient)
VALUES ('f101_0287', N'1 tbls Tomato Puree');

INSERT INTO Food_Ingredient (FoodID, Ingredient)
VALUES ('f101_0287', N'1 ½ tbsp Plain Flour');

INSERT INTO Food_Ingredient (FoodID, Ingredient)
VALUES ('f101_0287', N'75g Mushrooms');

INSERT INTO Food_Ingredient (FoodID, Ingredient)
VALUES ('f101_0287', N'250ml Beef Stock');

INSERT INTO Food_Ingredient (FoodID, Ingredient)
VALUES ('f101_0287', N'Dash Worcestershire Sauce');

INSERT INTO Food_Ingredient (FoodID, Ingredient)
VALUES ('f101_0287', N'400g Shortcrust Pastry');

INSERT INTO Food_Ingredient (FoodID, Ingredient)
VALUES ('f101_0287', N'1 Egg Yolks');

INSERT INTO Food (FoodID, Title, Description, Calories, Instructions, ImageURL, SourceURL, Partition)
VALUES (
    'f101_0288',
    N'Choc Chip Pecan Pie',
    N'Choc Chip Pecan Pie is a decadent American dessert, featuring a buttery, flaky crust filled with a gooey, sweet filling of toasted pecans, rich brown sugar, and melted chocolate chips, delivering a delightful balance of crunchy nuts, velvety sweetness, and deep chocolate flavor in every indulgent slice.',
    710,
    N'1. First, make the pastry 2. Tip the ingredients into a food processor with 1 /4 tsp salt 3. Blend until the mixture resembles breadcrumbs 4. Drizzle 2-3 tsp cold water into the funnel while the blade is running – the mixture should start to clump together 5. Tip onto a work surface and bring together, kneading briefly into a ball 6. Pat into a disc, wrap in cling film, and chill for at least 20 mins 7. Heat oven to 200C/180C fan/gas 6.

Remove the pastry from the fridge and leave at room temperature for 5 mins to soften 8. Flour the work surface, then unwrap the pastry and roll to a circle the thickness of a £1 coin 9. Use the pastry to line a deep, 23cm round fluted tin – mine was about 3cm deep 10. Press the pastry into the corners and up the sides, making sure there are no gaps 11. Leave 1cm pastry overhanging (save some of the pastry scraps for later) 12. Line with baking parchment (scrunch it up first to make it more pliable) and fill with baking beans 13. Blind-bake for 15-20 mins until the sides are set, then remove the parchment and beans and return to the oven for 5 mins until golden brown 14. Trim the pastry so it’s flush with the top of the tin – a small serrated knife is best for this 15. If there are any cracks, patch them up with the pastry scraps.

Meanwhile, weigh the butter, syrup and sugars into a pan, and add 1 /4 tsp salt 16. Heat until the butter has melted and the sugar dissolved, stirring until smooth 17. Remove from the heat and cool for 10 mins 18. Reduce oven to 160C/140C fan/gas 3.

Beat the eggs in a bowl 19. Add the syrup mixture, vanilla and pecans, and mix until well combined 20. Pour half the mixture into the tart case, scatter over half the chocolate chips, then cover with the remaining filling and chocolate chips 21. Bake on the middle shelf for 50-55 mins until set 22. Remove from the oven and leave to cool, then chill for at least 2 hrs before serving.',
    'https://www.themealdb.com/images/media/meals/rqvwxt1511384809.jpg',
    'https://www.themealdb.com/images/media/meals/rqvwxt1511384809.jpg',
    'test'
);

INSERT INTO Food_Ingredient (FoodID, Ingredient)
VALUES ('f101_0288', N'300g Plain Flour');

INSERT INTO Food_Ingredient (FoodID, Ingredient)
VALUES ('f101_0288', N'75g Butter');

INSERT INTO Food_Ingredient (FoodID, Ingredient)
VALUES ('f101_0288', N'100g Cream Cheese');

INSERT INTO Food_Ingredient (FoodID, Ingredient)
VALUES ('f101_0288', N'1 tbls Icing Sugar');

INSERT INTO Food_Ingredient (FoodID, Ingredient)
VALUES ('f101_0288', N'150g Butter');

INSERT INTO Food_Ingredient (FoodID, Ingredient)
VALUES ('f101_0288', N'200ml Maple Syrup');

INSERT INTO Food_Ingredient (FoodID, Ingredient)
VALUES ('f101_0288', N'250g Light Brown Soft Sugar');

INSERT INTO Food_Ingredient (FoodID, Ingredient)
VALUES ('f101_0288', N'100g Dark Brown Soft Sugar');

INSERT INTO Food_Ingredient (FoodID, Ingredient)
VALUES ('f101_0288', N'4 Eggs');

INSERT INTO Food_Ingredient (FoodID, Ingredient)
VALUES ('f101_0288', N'1 tsp Vanilla Extract');

INSERT INTO Food_Ingredient (FoodID, Ingredient)
VALUES ('f101_0288', N'400g Pecan Nuts');

INSERT INTO Food_Ingredient (FoodID, Ingredient)
VALUES ('f101_0288', N'200g Dark Chocolate Chips');

INSERT INTO Food (FoodID, Title, Description, Calories, Instructions, ImageURL, SourceURL, Partition)
VALUES (
    'f101_0289',
    N'Lamb and Potato pie',
    N'Lamb and Potato Pie is a rustic, savory dish with a golden, crisp pastry shell filled with tender, slow-cooked lamb, hearty potatoes, and aromatic herbs in a rich, savory gravy, offering a warm, earthy medley of flavors and textures, perfect for a cozy, comforting meal.',
    690,
    N'1. Dust the meat with flour to lightly coat.
Heat enough vegetable oil in a large saucepan to fill the base, and fry the onion and meat until lightly browned 2. Season with salt and pepper.
Add the carrots, stock and more seasoning to taste.
Bring to the boil, cover and reduce the heat to a simmer 3. Simmer for at least an hour or until the meat is tender 4. Take your time cooking the meat, the longer you leave it to cook, the better the flavour will be.
Preheat the oven to 180C/350F/Gas 4.
Add the drained potato cubes to the lamb.
Turn the mixture into a pie dish or casserole and cover with the shortcrust pastry 5. Make three slits in the top of the pastry to release any steam while cooking.
Brush with beaten egg and bake for about 40 minutes, until the pastry is golden brown.
Serve.',
    'https://www.themealdb.com/images/media/meals/sxrpws1511555907.jpg',
    'https://www.themealdb.com/images/media/meals/sxrpws1511555907.jpg',
    'test'
);

INSERT INTO Food_Ingredient (FoodID, Ingredient)
VALUES ('f101_0289', N'500g Lamb Shoulder');

INSERT INTO Food_Ingredient (FoodID, Ingredient)
VALUES ('f101_0289', N'1 tbls Flour');

INSERT INTO Food_Ingredient (FoodID, Ingredient)
VALUES ('f101_0289', N'Dash Vegetable Oil');

INSERT INTO Food_Ingredient (FoodID, Ingredient)
VALUES ('f101_0289', N'1 sliced Onion');

INSERT INTO Food_Ingredient (FoodID, Ingredient)
VALUES ('f101_0289', N'2 sliced Carrots');

INSERT INTO Food_Ingredient (FoodID, Ingredient)
VALUES ('f101_0289', N'350ml/12fl Vegetable Stock');

INSERT INTO Food_Ingredient (FoodID, Ingredient)
VALUES ('f101_0289', N'500g Potatoes');

INSERT INTO Food_Ingredient (FoodID, Ingredient)
VALUES ('f101_0289', N'450g Shortcrust Pastry');

INSERT INTO Food_Ingredient (FoodID, Ingredient)
VALUES ('f101_0289', N'To Glaze Eggs');

INSERT INTO Food (FoodID, Title, Description, Calories, Instructions, ImageURL, SourceURL, Partition)
VALUES (
    'f101_0290',
    N'Beef and Oyster pie',
    N'Beef and Oyster Pie is a traditional British delicacy, featuring a buttery, flaky pastry encasing succulent beef chunks and plump, briny oysters in a rich, savory broth with onions and herbs, delivering a luxurious contrast of tender meat and oceanic freshness in every flavorful bite.',
    650,
    N'1. Season the beef cubes with salt and black pepper 2. Heat a tablespoon of oil in the frying pan and fry the meat over a high heat 3. Do this in three batches so that you don’t overcrowd the pan, transferring the meat to a large flameproof casserole dish once it is browned all over 4. Add extra oil if the pan seems dry.
In the same pan, add another tablespoon of oil and cook the shallots for 4-5 minutes, then add the garlic and fry for 30 seconds 5. Add the bacon and fry until slightly browned 6. Transfer the onion and bacon mixture to the casserole dish and add the herbs.
Preheat the oven to 180C/350F/Gas 4.
Pour the stout into the frying pan and bring to the boil, stirring to lift any stuck-on browned bits from the bottom of the pan 7. Pour the stout over the beef in the casserole dish and add the stock 8. Cover the casserole and place it in the oven for 1½-2 hours, or until the beef is tender and the sauce is reduced.
Skim off any surface fat, taste and add salt and pepper if necessary, then stir in the cornflour paste 9. Put the casserole dish on the hob – don’t forget that it will be hot – and simmer for 1-2 minutes, stirring, until thickened 10. Leave to cool.
Increase the oven to 200C/400F/Gas 6 11. To make the pastry, put the flour and salt in a very large bowl 12. Grate the butter and stir it into the flour in three batches 13. Gradually add 325ml/11fl oz cold water – you may not need it all – and stir with a round-bladed knife until the mixture just comes together 14. Knead the pastry lightly into a ball on a lightly floured surface and set aside 250g/9oz for the pie lid.
Roll the rest of the pastry out until about 2cm/¾in larger than the dish you’re using 15. Line the dish with the pastry then pile in the filling, tucking the oysters in as well 16. Brush the edge of the pastry with beaten egg.
Roll the remaining pastry until slightly larger than your dish and gently lift over the filling, pressing the edges firmly to seal, then trim with a sharp knife 17. Brush with beaten egg to glaze 18. Put the dish on a baking tray and bake for 25-30 minutes, or until the pastry is golden-brown and the filling is bubbling.',
    'https://www.themealdb.com/images/media/meals/wrssvt1511556563.jpg',
    'https://www.themealdb.com/images/media/meals/wrssvt1511556563.jpg',
    'test'
);

INSERT INTO Food_Ingredient (FoodID, Ingredient)
VALUES ('f101_0290', N'900g Beef');

INSERT INTO Food_Ingredient (FoodID, Ingredient)
VALUES ('f101_0290', N'3 tbs Olive Oil');

INSERT INTO Food_Ingredient (FoodID, Ingredient)
VALUES ('f101_0290', N'3 Shallots');

INSERT INTO Food_Ingredient (FoodID, Ingredient)
VALUES ('f101_0290', N'2 cloves minced Garlic');

INSERT INTO Food_Ingredient (FoodID, Ingredient)
VALUES ('f101_0290', N'125g Bacon');

INSERT INTO Food_Ingredient (FoodID, Ingredient)
VALUES ('f101_0290', N'1 tbs chopped Thyme');

INSERT INTO Food_Ingredient (FoodID, Ingredient)
VALUES ('f101_0290', N'2 Bay Leaf');

INSERT INTO Food_Ingredient (FoodID, Ingredient)
VALUES ('f101_0290', N'330ml Stout');

INSERT INTO Food_Ingredient (FoodID, Ingredient)
VALUES ('f101_0290', N'400ml Beef Stock');

INSERT INTO Food_Ingredient (FoodID, Ingredient)
VALUES ('f101_0290', N'2 tbs Corn Flour');

INSERT INTO Food_Ingredient (FoodID, Ingredient)
VALUES ('f101_0290', N'8 Oysters');

INSERT INTO Food_Ingredient (FoodID, Ingredient)
VALUES ('f101_0290', N'400g Plain Flour');

INSERT INTO Food_Ingredient (FoodID, Ingredient)
VALUES ('f101_0290', N'pinch Salt');

INSERT INTO Food_Ingredient (FoodID, Ingredient)
VALUES ('f101_0290', N'250g Butter');

INSERT INTO Food_Ingredient (FoodID, Ingredient)
VALUES ('f101_0290', N'To Glaze Eggs');

INSERT INTO Food (FoodID, Title, Description, Calories, Instructions, ImageURL, SourceURL, Partition)
VALUES (
    'f101_0291',
    N'McSinghs Scotch pie',
    N'McSinghs Scotch Pie is a fusion twist on the Scottish classic, featuring a crisp, cylindrical pastry shell filled with spiced minced lamb or beef, infused with bold Indian flavors like cumin, coriander, and chili, offering a warm, aromatic blend of savory meat and flaky crust with a spicy kick.',
    680,
    N'1. Heat a large frying pan and toast the cumin seeds for a few minutes, then set aside 2. Heat the oil in the same pan and fry the onion, garlic, chilli, pepper and a good pinch of salt for around eight minutes, until there is no moisture left 3. Remove from the heat, stir in the toasted cumin seeds, ground mace (or nutmeg) and ground coriander 4. Leave to cool.
In a large bowl mix together the minced lamb, white pepper, fresh coriander, and the cooled spiced onion mixture until combined 5. Set aside, covered, in the fridge.
Preheat the oven to 200C/400F/Gas 6 and generously grease a 20cm/8in diameter loose-bottomed or springform round cake tin with lard.
To make the pastry, sift the flour and salt in a large bowl and make a well in the centre.
Put the milk, lard and 90ml/3fl oz of water in a saucepan and heat gently 6. When the lard has melted, increase the heat and bring to the boil.
Pour the boiling liquid into the flour, and use a wooden spoon to combine until cool enough to handle 7. Bring together into a ball.
Dust a work surface with flour and, working quickly, knead the dough briefly – it will be soft and moist 8. Set aside a third of the pastry and roll the rest out on a well-floured surface 9. Line the pie dish with the pastry, pressing it right up the sides until it pokes just over the top of the tin.
Add the filling into the pastry-lined tin bit by bit 10. As you reach the top, form a slight peak 11. Roll out the reserved pastry and top the pie with it 12. Pinch the edges to seal and trim the excess 13. Poke a hole in the top of the pie and insert a small tube made from aluminium foil to allow steam to escape.
Brush the top of the pie with a little beaten egg yolk, and bake in the preheated oven for 30 minutes (put a tray on the shelf below to catch any drips) 14. Then reduce the temperature to 160C/325F/Gas 3 and cook for a further 1¼ hours until golden-brown 15. Leave to cool completely before refrigerating for two hours, or overnight.
Run a knife around the edge of the pie, remove from the tin and serve with chutneys, salads or pickles.',
    'https://www.themealdb.com/images/media/meals/vssrtx1511557680.jpg',
    'https://www.themealdb.com/images/media/meals/vssrtx1511557680.jpg',
    'test'
);

INSERT INTO Food_Ingredient (FoodID, Ingredient)
VALUES ('f101_0291', N'2 tsp Cumin');

INSERT INTO Food_Ingredient (FoodID, Ingredient)
VALUES ('f101_0291', N'1 tbs Rapeseed Oil');

INSERT INTO Food_Ingredient (FoodID, Ingredient)
VALUES ('f101_0291', N'2 finely chopped Red Onions');

INSERT INTO Food_Ingredient (FoodID, Ingredient)
VALUES ('f101_0291', N'6 Garlic Clove');

INSERT INTO Food_Ingredient (FoodID, Ingredient)
VALUES ('f101_0291', N'3 finely chopped Green Chilli');

INSERT INTO Food_Ingredient (FoodID, Ingredient)
VALUES ('f101_0291', N'1 finely chopped Red Pepper');

INSERT INTO Food_Ingredient (FoodID, Ingredient)
VALUES ('f101_0291', N'1 tsp Nutmeg');

INSERT INTO Food_Ingredient (FoodID, Ingredient)
VALUES ('f101_0291', N'2 tsp Coriander');

INSERT INTO Food_Ingredient (FoodID, Ingredient)
VALUES ('f101_0291', N'1kg Lamb Mince');

INSERT INTO Food_Ingredient (FoodID, Ingredient)
VALUES ('f101_0291', N'1 tsp Pepper');

INSERT INTO Food_Ingredient (FoodID, Ingredient)
VALUES ('f101_0291', N'3 tbs Coriander');

INSERT INTO Food_Ingredient (FoodID, Ingredient)
VALUES ('f101_0291', N'340g Plain Flour');

INSERT INTO Food_Ingredient (FoodID, Ingredient)
VALUES ('f101_0291', N'½ tsp Salt');

INSERT INTO Food_Ingredient (FoodID, Ingredient)
VALUES ('f101_0291', N'90 ml Milk');

INSERT INTO Food_Ingredient (FoodID, Ingredient)
VALUES ('f101_0291', N'150g Lard');

INSERT INTO Food_Ingredient (FoodID, Ingredient)
VALUES ('f101_0291', N'Beaten Egg Yolks');

INSERT INTO Food (FoodID, Title, Description, Calories, Instructions, ImageURL, SourceURL, Partition)
VALUES (
    'f101_0292',
    N'Beef and Mustard Pie',
    N'Beef and Mustard Pie is a robust, savory dish with a golden, flaky pastry crust enveloping tender beef chunks in a rich, tangy gravy spiked with wholegrain mustard and onions, delivering a bold, zesty flavor with a perfect balance of hearty meat and sharp, spicy warmth.',
    640,
    N'1. Preheat the oven to 150C/300F/Gas 2.
Toss the beef and flour together in a bowl with some salt and black pepper.
Heat a large casserole until hot, add half of the rapeseed oil and enough of the beef to just cover the bottom of the casserole.
Fry until browned on each side, then remove and set aside 2. Repeat with the remaining oil and beef.
Return the beef to the pan, add the wine and cook until the volume of liquid has reduced by half, then add the stock, onion, carrots, thyme and mustard, and season well with salt and pepper.
Cover with a lid and place in the oven for two hours.
Remove from the oven, check the seasoning and set aside to cool 3. Remove the thyme.
When the beef is cool and you''re ready to assemble the pie, preheat the oven to 200C/400F/Gas 6.
Transfer the beef to a pie dish, brush the rim with the beaten egg yolks and lay the pastry over the top 4. Brush the top of the pastry with more beaten egg.
Trim the pastry so there is just enough excess to crimp the edges, then place in the oven and bake for 30 minutes, or until the pastry is golden-brown and cooked through.
For the green beans, bring a saucepan of salted water to the boil, add the beans and cook for 4-5 minutes, or until just tender.
Drain and toss with the butter, then season with black pepper.
To serve, place a large spoonful of pie onto each plate with some green beans alongside.',
    'https://www.themealdb.com/images/media/meals/sytuqu1511553755.jpg',
    'https://www.themealdb.com/images/media/meals/sytuqu1511553755.jpg',
    'test'
);

INSERT INTO Food_Ingredient (FoodID, Ingredient)
VALUES ('f101_0292', N'1kg Beef');

INSERT INTO Food_Ingredient (FoodID, Ingredient)
VALUES ('f101_0292', N'2 tbs Plain Flour');

INSERT INTO Food_Ingredient (FoodID, Ingredient)
VALUES ('f101_0292', N'2 tbs Rapeseed Oil');

INSERT INTO Food_Ingredient (FoodID, Ingredient)
VALUES ('f101_0292', N'200ml Red Wine');

INSERT INTO Food_Ingredient (FoodID, Ingredient)
VALUES ('f101_0292', N'400ml Beef Stock');

INSERT INTO Food_Ingredient (FoodID, Ingredient)
VALUES ('f101_0292', N'1 finely sliced Onion');

INSERT INTO Food_Ingredient (FoodID, Ingredient)
VALUES ('f101_0292', N'2 chopped Carrots');

INSERT INTO Food_Ingredient (FoodID, Ingredient)
VALUES ('f101_0292', N'3 sprigs Thyme');

INSERT INTO Food_Ingredient (FoodID, Ingredient)
VALUES ('f101_0292', N'2 tbs Mustard');

INSERT INTO Food_Ingredient (FoodID, Ingredient)
VALUES ('f101_0292', N'2 free-range Egg Yolks');

INSERT INTO Food_Ingredient (FoodID, Ingredient)
VALUES ('f101_0292', N'400g Puff Pastry');

INSERT INTO Food_Ingredient (FoodID, Ingredient)
VALUES ('f101_0292', N'300g Green Beans');

INSERT INTO Food_Ingredient (FoodID, Ingredient)
VALUES ('f101_0292', N'25g Butter');

INSERT INTO Food_Ingredient (FoodID, Ingredient)
VALUES ('f101_0292', N'pinch Salt');

INSERT INTO Food_Ingredient (FoodID, Ingredient)
VALUES ('f101_0292', N'pinch Pepper');

INSERT INTO Food (FoodID, Title, Description, Calories, Instructions, ImageURL, SourceURL, Partition)
VALUES (
    'f101_0293',
    N'Steak and Kidney Pie',
    N'Steak and Kidney Pie is a traditional British favorite, featuring a crisp, buttery pastry filled with tender chunks of beef steak and kidney in a thick, savory gravy with onions and herbs, offering a rich, deeply satisfying combination of meaty flavors and flaky, golden texture.',
    570,
    N'1. Preheat the oven to 220C/425F/Gas 7
Heat the vegetable oil in a large frying pan, and brown the beef all over 2. (You may need to do this in batches.) Set aside, then brown the kidneys on both sides in the same pan 3. Add the onions and cook for 3-4 minutes.
Return the beef to the pan, sprinkle flour over and coat the meat and onions
Add the stock to the pan, stir well and bring to the boil.
Turn the heat down and simmer for 1½ hours without a lid 4. If the liquid evaporates too much, add more stock.
Remove from the heat 5. Add salt, pepper and Worcestershire sauce and allow to cool completely 6. Place the cooked meat mixture into a pie dish.
Roll out the pastry to 5mm/¼in thick and 5cm/2in larger than the dish you are using.
Using a rolling pin, lift the pastry and place it over the top of the pie dish 7. Trim and crimp the edges with your fingers and thumb.
Brush the surface with the beaten egg mixture and bake for 30-40 minutes until golden-brown and puffed.
Serve with creamy mash and steamed vegetables to soak up the gravy.',
    'https://www.themealdb.com/images/media/meals/qysyss1511558054.jpg',
    'https://www.themealdb.com/images/media/meals/qysyss1511558054.jpg',
    'test'
);

INSERT INTO Food_Ingredient (FoodID, Ingredient)
VALUES ('f101_0293', N'300g Puff Pastry');

INSERT INTO Food_Ingredient (FoodID, Ingredient)
VALUES ('f101_0293', N'Beaten Egg White');

INSERT INTO Food_Ingredient (FoodID, Ingredient)
VALUES ('f101_0293', N'Beaten Egg Yolks');

INSERT INTO Food_Ingredient (FoodID, Ingredient)
VALUES ('f101_0293', N'2 tbs Vegetable Oil');

INSERT INTO Food_Ingredient (FoodID, Ingredient)
VALUES ('f101_0293', N'70 ml Beef');

INSERT INTO Food_Ingredient (FoodID, Ingredient)
VALUES ('f101_0293', N'200g Lamb Kidney');

INSERT INTO Food_Ingredient (FoodID, Ingredient)
VALUES ('f101_0293', N'2 chopped Onions');

INSERT INTO Food_Ingredient (FoodID, Ingredient)
VALUES ('f101_0293', N'30g Plain Flour');

INSERT INTO Food_Ingredient (FoodID, Ingredient)
VALUES ('f101_0293', N'85 ml Beef Stock');

INSERT INTO Food_Ingredient (FoodID, Ingredient)
VALUES ('f101_0293', N'pinch Salt');

INSERT INTO Food_Ingredient (FoodID, Ingredient)
VALUES ('f101_0293', N'pinch Pepper');

INSERT INTO Food_Ingredient (FoodID, Ingredient)
VALUES ('f101_0293', N'Dash Worcestershire Sauce');

INSERT INTO Food (FoodID, Title, Description, Calories, Instructions, ImageURL, SourceURL, Partition)
VALUES (
    'f101_0294',
    N'Strawberry Rhubarb Pie',
    N'Strawberry Rhubarb Pie is a classic American dessert, featuring a flaky, golden crust filled with a vibrant, sweet-tart filling of juicy strawberries and tangy rhubarb, lightly spiced with a hint of cinnamon, delivering a refreshing, balanced sweetness with a buttery, crisp finish in every slice.',
    410,
    N'1. Pie Crust:  In a food processor, place the flour, salt, and sugar and process until combined 2. Add the butter and process until the mixture resembles coarse

meal (about 15 seconds) 3. Pour 1/4 cup (60 ml) water in a slow, steady stream, through the feed tube until the dough just holds together when pinched 4. If necessary, add more water 5. Do not process more than 30 seconds.
Turn the dough onto your work surface and gather into a ball 6. Divide the dough in half, flattening each half into a disk, cover with plastic wrap, and refrigerate for about one hour before using 7. This will chill the butter and relax the gluten in the flour 8. After the dough has chilled sufficiently, remove one portion of the dough from the fridge and place it on a lightly floured surface 9. Roll the pastry into a 12 inch (30 cm) circle 10. (To prevent the pastry from sticking to the counter and to ensure uniform thickness, keep lifting up and turning the pastry a quarter turn as you roll (always roll from the center of the pastry outwards).)  Fold the dough in half and gently transfer to a 9 inch (23 cm) pie pan 11. Brush off any excess flour and trim any overhanging pastry to an edge of 1/2 inch (1.5 cm) 12. Refrigerate the pastry, covered with plastic wrap, while you make the filling 13. Remove the second round of pastry and roll it into a 13 inch (30 cm) circle 14. Using a pastry wheel or pizza cutter, cut the pastry into about 3/4 inch (2 cm) strips 15. Place the strips of pastry on a parchment paper-lined baking sheet, cover with plastic wrap, and place in the refrigerator for about 10 minutes 16. Make the Strawberry Rhubarb Filling: Place the cut strawberries and rhubarb in a large bowl 17. In a small bowl mix together the cornstarch, sugar, and ground cinnamon 18. Remove the chilled pie crust from the fridge 19. Sprinkle about 2 tablespoons of the sugar mixture over the bottom of the pastry crust 20. Add the remaining sugar mixture to the strawberries and rhubarb and gently toss to combine 21. Pour the fruit mixture into the prepared pie shell 22. Sprinkle the fruit with about 1 teaspoon of lemon juice and dot with 2 tablespoons of butter.

Remove the lattice pastry from the refrigerator and, starting at the center with the longest strips and working outwards, place half the strips, spacing about 1 inch (2.5 cm) apart, on top of the filling 23. (Use the shortest pastry strips at the outer edges.) Then, gently fold back, about halfway, every other strip of pastry 24. Take another strip of pastry and place it perpendicular on top of the first strips of pastry 25. Unfold the bottom strips of pastry and then fold back the strips that weren''t folded back the first time 26. Lay another strip of pastry perpendicular on top of the filling and then continue with the remaining strips 27. Trim the edges of the pastry strips, leaving a 1 inch (2.5 cm) overhang 28. Seal the edges of the pastry strips by folding them under the bottom pastry crust and flute the edges of the pastry 29. Brush the lattice pastry with milk and sprinkle with a little sugar 30. Cover and place in the refrigerator while you preheat the oven to 400 degrees F (205 degrees C) and place the oven rack in the lower third of the oven 31. Put a baking sheet, lined with aluminum foil, on the oven rack (to catch any spills.)

Place the pie plate on the hot baking sheet and bake the pie for about 35 minutes and then, if the edges of the pie are browning too much, cover with a foil ring 32. Continue to bake the pie for about another 10 minutes or until the crust is a golden brown color and the fruit juices begin to bubble.

Remove the pie from the oven and place on a wire rack to cool for several hours 33. Serve at room temperature with softly whipped cream or vanilla ice cream 34. Leftovers can be stored in the refrigerator for about 3 days 35. Reheat before serving 36. This pie can be frozen.

Makes one 9 inch (23 cm) pie.',
    'https://www.themealdb.com/images/media/meals/178z5o1585514569.jpg',
    'https://www.themealdb.com/images/media/meals/178z5o1585514569.jpg',
    'test'
);

INSERT INTO Food_Ingredient (FoodID, Ingredient)
VALUES ('f101_0294', N'350g Flour');

INSERT INTO Food_Ingredient (FoodID, Ingredient)
VALUES ('f101_0294', N'1 tsp Salt');

INSERT INTO Food_Ingredient (FoodID, Ingredient)
VALUES ('f101_0294', N'2 tbs Sugar');

INSERT INTO Food_Ingredient (FoodID, Ingredient)
VALUES ('f101_0294', N'1 cup Butter');

INSERT INTO Food_Ingredient (FoodID, Ingredient)
VALUES ('f101_0294', N'1/2 cup Water');

INSERT INTO Food_Ingredient (FoodID, Ingredient)
VALUES ('f101_0294', N'450g Rhubarb');

INSERT INTO Food_Ingredient (FoodID, Ingredient)
VALUES ('f101_0294', N'450g Strawberries');

INSERT INTO Food_Ingredient (FoodID, Ingredient)
VALUES ('f101_0294', N'3 tbs Cornstarch');

INSERT INTO Food_Ingredient (FoodID, Ingredient)
VALUES ('f101_0294', N'150g Sugar');

INSERT INTO Food_Ingredient (FoodID, Ingredient)
VALUES ('f101_0294', N'1/4 tsp Cinnamon');

INSERT INTO Food_Ingredient (FoodID, Ingredient)
VALUES ('f101_0294', N'1 tsp Lemon Juice');

INSERT INTO Food_Ingredient (FoodID, Ingredient)
VALUES ('f101_0294', N'2 tbs Unsalted Butter');

INSERT INTO Food_Ingredient (FoodID, Ingredient)
VALUES ('f101_0294', N'2 tbs Milk');

INSERT INTO Food_Ingredient (FoodID, Ingredient)
VALUES ('f101_0294', N'Spinkling Sugar');

INSERT INTO Food (FoodID, Title, Description, Calories, Instructions, ImageURL, SourceURL, Partition)
VALUES (
    'f101_0295',
    N'Vegetable Shepherds Pie',
    N'Vegetable Shepherd''s Pie is a wholesome vegetarian comfort dish, featuring a medley of tender carrots, peas, lentils, and mushrooms in a rich, savory tomato-based sauce, topped with creamy, golden mashed potatoes and baked until bubbly and crisp, offering a hearty, earthy flavor with a cozy, satisfying texture.',
    479,
    N'1. Add Ingredients:

12 cups chopped mixed vegetables
1   cup chopped fresh mushrooms 
1   cup pearl onions

TOPPING:

Preheat oven to 450° 2. Bake potatoes on a foil-lined baking sheet until tender, about 45 minutes 3. Let cool slightly, then peel 4. Press potatoes through a ricer, food mill, or colander into a large bowl 5. Add butter; stir until well blended 6. Stir in milk 7. Season to taste with salt.

FILLING:

Soak dried porcini in 3 cups hot water; set aside 8. Combine lentils, 1 garlic clove, 1 tsp 9. salt, and 4 cups water in a medium saucepan 10. Bring to a boil; reduce heat and simmer, stirring occasionally, until lentils are tender but not mushy, 15–20 minutes 11. Drain lentils and discard garlic.

Heat 3 Tbsp 12. oil in a large heavy pot over medium heat 13. Add onions and cook, stirring occasionally, until soft, about 12 minutes 14. Add chopped garlic and cook for 1 minute 15. Stir in tomato paste 16. Cook, stirring constantly, until tomato paste is caramelized, 2–3 minutes.

Add bay leaves and wine; stir, scraping up any browned bits 17. Stir in porcini, slowly pouring porcini soaking liquid into pan but leaving any sediment behind 18. Bring to a simmer and cook until liquid is reduced by half, about 10 minutes 19. Stir in broth and cook, stirring occasionally, until reduced by half, about 45 minutes.

Strain mixture into a large saucepan and bring to a boil; discard solids in strainer 20. Stir cornstarch and 2 Tbsp 21. water in a small bowl to dissolve 22. Add cornstarch mixture; simmer until thickened, about 5 minutes 23. Whisk in miso 24. Season sauce with salt and pepper 25. Set aside.

Preheat oven to 450° 26. Toss vegetables and pearl onions with remaining 2 Tbsp 27. oil, 5 garlic cloves, and rosemary sprigs in a large bowl; season with salt and pepper 28. Divide between 2 rimmed baking sheets 29. Roast, stirring once, until tender, 20–25 minutes 30. Transfer garlic cloves to a small bowl; mash well with a fork and stir into sauce 31. Discard rosemary 32. DO AHEAD: Lentils, sauce, and vegetables can be made 1 day ahead 33. Cover separately; chill.
Arrange lentils in an even layer in a 3-qt 34. baking dish; set dish on a foil-lined rimmed baking sheet 35. Toss roasted vegetables with fresh mushrooms and chopped herbs; layer on top of lentils 36. Pour sauce over vegetables 37. Spoon potato mixture evenly over.

Bake until browned and bubbly, about 30 minutes 38. Let stand for 15 minutes before serving.',
    'https://www.themealdb.com/images/media/meals/w8umt11583268117.jpg',
    'https://www.themealdb.com/images/media/meals/w8umt11583268117.jpg',
    'test'
);

INSERT INTO Food_Ingredient (FoodID, Ingredient)
VALUES ('f101_0295', N'3 Lbs Potatoes');

INSERT INTO Food_Ingredient (FoodID, Ingredient)
VALUES ('f101_0295', N'3 Lbs Small Potatoes');

INSERT INTO Food_Ingredient (FoodID, Ingredient)
VALUES ('f101_0295', N'1/2 cup Salted Butter');

INSERT INTO Food_Ingredient (FoodID, Ingredient)
VALUES ('f101_0295', N'1 oz Mushrooms');

INSERT INTO Food_Ingredient (FoodID, Ingredient)
VALUES ('f101_0295', N'3/4 cup Brown Lentils');

INSERT INTO Food_Ingredient (FoodID, Ingredient)
VALUES ('f101_0295', N'6 cloves Garlic');

INSERT INTO Food_Ingredient (FoodID, Ingredient)
VALUES ('f101_0295', N'1 tsp Kosher Salt');

INSERT INTO Food_Ingredient (FoodID, Ingredient)
VALUES ('f101_0295', N'3 cups Onion');

INSERT INTO Food_Ingredient (FoodID, Ingredient)
VALUES ('f101_0295', N'2 tbsp Tomato Puree');

INSERT INTO Food_Ingredient (FoodID, Ingredient)
VALUES ('f101_0295', N' Bay Leaves');

INSERT INTO Food_Ingredient (FoodID, Ingredient)
VALUES ('f101_0295', N' Olive Oil');

INSERT INTO Food_Ingredient (FoodID, Ingredient)
VALUES ('f101_0295', N'2 cups Dry White Wine');

INSERT INTO Food_Ingredient (FoodID, Ingredient)
VALUES ('f101_0295', N'8 cups Vegetable Stock');

INSERT INTO Food_Ingredient (FoodID, Ingredient)
VALUES ('f101_0295', N'2 tbsp Cornstarch');

INSERT INTO Food_Ingredient (FoodID, Ingredient)
VALUES ('f101_0295', N'2 tsp Soy Sauce');

INSERT INTO Food_Ingredient (FoodID, Ingredient)
VALUES ('f101_0295', N'2 sprigs Rosemary');

INSERT INTO Food_Ingredient (FoodID, Ingredient)
VALUES ('f101_0295', N' Parsley');

INSERT INTO Food_Ingredient (FoodID, Ingredient)
VALUES ('f101_0295', N' Sage');

INSERT INTO Food_Ingredient (FoodID, Ingredient)
VALUES ('f101_0295', N' Chives');

INSERT INTO Food (FoodID, Title, Description, Calories, Instructions, ImageURL, SourceURL, Partition)
VALUES (
    'f101_0296',
    N'Chicken Ham and Leek Pie',
    N'Chicken, Ham and Leek Pie is a comforting British classic, featuring a flaky, buttery pastry crust filled with tender chicken, smoky ham, and soft leeks in a creamy, herb-infused sauce, delivering a rich, savory blend of flavors with a perfect balance of crisp pastry and velvety filling.',
    598,
    N'1. Heat the chicken stock in a lidded saucepan 2. Add the chicken breast and bring to a low simmer 3. Cover with a lid and cook for 10 minutes 4. Remove the chicken breasts from the water with tongs and place on a plate 5. Pour the cooking liquor into a large jug.
Melt 25g/1oz of the butter in a large heavy-based saucepan over a low heat 6. Stir in the leeks and fry gently for two minutes, stirring occasionally until just softened 7. Add the garlic and cook for a further minute 8. Add the remaining butter and stir in the flour as soon as the butter has melted 9. Cook for 30 seconds, stirring constantly.
Slowly pour the milk into the pan, just a little at a time, stirring well between each adding 10. Gradually add 250ml/10fl oz of the reserved stock and the wine, if using, stirring until the sauce is smooth and thickened slightly 11. Bring to a gentle simmer and cook for 3 minutes.
Season the mixture, to taste, with salt and freshly ground black pepper 12. Remove from the heat and stir in the cream 13. Pour into a large bowl and cover the surface of the sauce with cling ilm to prevent a skin forming 14. Set aside to cool.
Preheat the oven to 200C/400F/Gas 6 15. Put a baking tray in the oven to heat.
For the pastry, put the flour and butter in a food processor and blend on the pulse setting until the mixture resembles fine breadcrumbs 16. With the motor running, add the beaten egg and water and blend until the mixture forms a ball 17. Portion off 250g/10oz of pastry for the lid.
Roll the remaining pastry out on a lightly floured surface, turning the pastry frequently until around 5mm/¼in thick and 4cm/1½in larger than the pie dish 18. Lift the pastry over the rolling pin and place it gently into the pie dish 19. Press the pastry firmly up the sides, making sure there are no air bubbles 20. Leave the excess pastry overhanging the sides.
Cut the chicken breasts into 3cm/1¼in pieces 21. Stir the chicken, ham and leeks into the cooled sauce 22. Pour the chicken filling into the pie dish 23. Brush the rim of the dish with beaten egg 24. Roll out the reserved pastry for the lid.
Cover the pie with the pastry lid and press the edges together firmly to seal 25. Trim any excess pastry.
Make a small hole in the centre of the pie with the tip of a knife 26. Glaze the top of the pie with beaten egg 27. Bake on the preheated tray in the centre of the oven for 35-40 minutes or until the pie is golden-brown all over and the filling is piping hot.',
    'https://www.themealdb.com/images/media/meals/xrrtss1511555269.jpg',
    'https://www.themealdb.com/images/media/meals/xrrtss1511555269.jpg',
    'test'
);

INSERT INTO Food_Ingredient (FoodID, Ingredient)
VALUES ('f101_0296', N'450ml Chicken Stock');

INSERT INTO Food_Ingredient (FoodID, Ingredient)
VALUES ('f101_0296', N'3 Chicken Breast');

INSERT INTO Food_Ingredient (FoodID, Ingredient)
VALUES ('f101_0296', N'75g Butter');

INSERT INTO Food_Ingredient (FoodID, Ingredient)
VALUES ('f101_0296', N'2 sliced Leek');

INSERT INTO Food_Ingredient (FoodID, Ingredient)
VALUES ('f101_0296', N'2 cloves minced Garlic');

INSERT INTO Food_Ingredient (FoodID, Ingredient)
VALUES ('f101_0296', N'50g Plain Flour');

INSERT INTO Food_Ingredient (FoodID, Ingredient)
VALUES ('f101_0296', N'200ml Milk');

INSERT INTO Food_Ingredient (FoodID, Ingredient)
VALUES ('f101_0296', N'3 tbs White Wine');

INSERT INTO Food_Ingredient (FoodID, Ingredient)
VALUES ('f101_0296', N'150ml Double Cream');

INSERT INTO Food_Ingredient (FoodID, Ingredient)
VALUES ('f101_0296', N'150g Ham');

INSERT INTO Food_Ingredient (FoodID, Ingredient)
VALUES ('f101_0296', N'spinkling Sea Salt');

INSERT INTO Food_Ingredient (FoodID, Ingredient)
VALUES ('f101_0296', N'pinch Pepper');

INSERT INTO Food_Ingredient (FoodID, Ingredient)
VALUES ('f101_0296', N'350g Plain Flour');

INSERT INTO Food_Ingredient (FoodID, Ingredient)
VALUES ('f101_0296', N'200g Butter');

INSERT INTO Food_Ingredient (FoodID, Ingredient)
VALUES ('f101_0296', N'1 Free-range Egg, Beaten');

INSERT INTO Food_Ingredient (FoodID, Ingredient)
VALUES ('f101_0296', N'1 tbls Cold Water');

INSERT INTO Food_Ingredient (FoodID, Ingredient)
VALUES ('f101_0296', N'1 Free-range Egg, Beaten');

INSERT INTO Food (FoodID, Title, Description, Calories, Instructions, ImageURL, SourceURL, Partition)
VALUES (
    'f101_0297',
    N'Pierogi (Polish Dumplings)',
    N'Pierogi are traditional Polish dumplings, featuring soft, pillowy dough pockets filled with savory ingredients like mashed potatoes, cheese, mushrooms, or meat, boiled and often pan-fried for a golden crisp, served with sour cream or butter, offering a delightful mix of tender and crispy textures with rich, comforting flavors.',
    230,
    N'1. To prepare the sauerkraut filling, melt the butter in a skillet over medium heat 2. Stir in the onion, and cook until translucent, about 5 minutes 3. Add the drained sauerkraut and cook for an additional 5 minutes 4. Season to taste with salt and pepper, then remove to a plate to cool.

For the mashed potato filling, melt the butter in a skillet over medium heat 5. Stir in the onion, and cook until translucent, about 5 minutes 6. Stir into the mashed potatoes, and season with salt and white pepper.

To make the dough, beat together the eggs and sour cream until smooth 7. Sift together the flour, salt, and baking powder; stir into the sour cream mixture until dough comes together 8. Knead the dough on a lightly floured surface until firm and smooth 9. Divide the dough in half, then roll out one half to 1/8 inch thickness 10. Cut into 3 inch rounds using a biscuit cutter.

Place a small spoonful of the mashed potato filling into the center of each round 11. Moisten the edges with water, fold over, and press together with a fork to seal 12. Repeat procedure with the remaining dough and the sauerkraut filling.

Bring a large pot of lightly salted water to a boil 13. Add perogies and cook for 3 to 5 minutes or until pierogi float to the top 14. Remove with a slotted spoon.',
    'https://www.themealdb.com/images/media/meals/45xxr21593348847.jpg',
    'https://www.themealdb.com/images/media/meals/45xxr21593348847.jpg',
    'test'
);

INSERT INTO Food_Ingredient (FoodID, Ingredient)
VALUES ('f101_0297', N'2 tbs Butter');

INSERT INTO Food_Ingredient (FoodID, Ingredient)
VALUES ('f101_0297', N'1/3 cup Chopped Onion');

INSERT INTO Food_Ingredient (FoodID, Ingredient)
VALUES ('f101_0297', N'1 1/2 cups Sauerkraut');

INSERT INTO Food_Ingredient (FoodID, Ingredient)
VALUES ('f101_0297', N'3 tbs Butter');

INSERT INTO Food_Ingredient (FoodID, Ingredient)
VALUES ('f101_0297', N'1/2 cup Chopped Onion');

INSERT INTO Food_Ingredient (FoodID, Ingredient)
VALUES ('f101_0297', N'2 cups Potatoes');

INSERT INTO Food_Ingredient (FoodID, Ingredient)
VALUES ('f101_0297', N'3 Eggs');

INSERT INTO Food_Ingredient (FoodID, Ingredient)
VALUES ('f101_0297', N'1 pot Sour Cream');

INSERT INTO Food_Ingredient (FoodID, Ingredient)
VALUES ('f101_0297', N'3 cups Flour');

INSERT INTO Food_Ingredient (FoodID, Ingredient)
VALUES ('f101_0297', N'1/4 tsp Salt');

INSERT INTO Food_Ingredient (FoodID, Ingredient)
VALUES ('f101_0297', N'1 tbs Baking Powder');

INSERT INTO Food (FoodID, Title, Description, Calories, Instructions, ImageURL, SourceURL, Partition)
VALUES (
    'f101_0298',
    N'Cajun spiced fish tacos',
    N'Cajun Spiced Fish Tacos are a vibrant, spicy delight, featuring flaky white fish coated in bold Cajun spices, grilled or fried, and nestled in soft corn tortillas with crisp cabbage, tangy lime crema, and fresh cilantro, delivering a zesty, smoky flavor with a perfect balance of crunch and heat.',
    404,
    N'1. Cooking in a cajun spice and cayenne pepper marinade makes this fish super succulent and flavoursome 2. Top with a zesty dressing and serve in a tortilla for a quick, fuss-free main that''s delightfully summery.

On a large plate, mix the cajun spice and cayenne pepper with a little seasoning and use to coat the fish all over.

Heat a little oil in a frying pan, add in the fish and cook over a medium heat until golden 3. Reduce the heat and continue frying until the fish is cooked through, about 10 minutes 4. Cook in batches if you don’t have enough room in the pan.

Meanwhile, prepare the dressing by combining all the ingredients with a little seasoning.
Soften the tortillas by heating in the microwave for 5-10 seconds 5. Pile high with the avocado, lettuce and spring onion, add a spoonful of salsa, top with large flakes of fish and drizzle over the dressing.',
    'https://www.themealdb.com/images/media/meals/uvuyxu1503067369.jpg',
    'https://www.themealdb.com/images/media/meals/uvuyxu1503067369.jpg',
    'test'
);

INSERT INTO Food_Ingredient (FoodID, Ingredient)
VALUES ('f101_0298', N'2 tbsp cajun');

INSERT INTO Food_Ingredient (FoodID, Ingredient)
VALUES ('f101_0298', N'1 tsp cayenne pepper');

INSERT INTO Food_Ingredient (FoodID, Ingredient)
VALUES ('f101_0298', N'4 fillets white fish');

INSERT INTO Food_Ingredient (FoodID, Ingredient)
VALUES ('f101_0298', N'1 tsp vegetable oil');

INSERT INTO Food_Ingredient (FoodID, Ingredient)
VALUES ('f101_0298', N'8 flour tortilla');

INSERT INTO Food_Ingredient (FoodID, Ingredient)
VALUES ('f101_0298', N'1 sliced avocado');

INSERT INTO Food_Ingredient (FoodID, Ingredient)
VALUES ('f101_0298', N'2 shredded little gem lettuce');

INSERT INTO Food_Ingredient (FoodID, Ingredient)
VALUES ('f101_0298', N'4 shredded Spring Onions');

INSERT INTO Food_Ingredient (FoodID, Ingredient)
VALUES ('f101_0298', N'1 x 300ml salsa');

INSERT INTO Food_Ingredient (FoodID, Ingredient)
VALUES ('f101_0298', N'1 pot sour cream');

INSERT INTO Food_Ingredient (FoodID, Ingredient)
VALUES ('f101_0298', N'1 lemon');

INSERT INTO Food_Ingredient (FoodID, Ingredient)
VALUES ('f101_0298', N'1 clove finely chopped garlic');

INSERT INTO Food (FoodID, Title, Description, Calories, Instructions, ImageURL, SourceURL, Partition)
VALUES (
    'f101_0299',
    N'Crock Pot Chicken Baked Tacos',
    N'Crock Pot Chicken Baked Tacos are a fuss-free, flavorful dish, featuring tender, slow-cooked shredded chicken seasoned with bold spices, stuffed into crisp taco shells with melted cheese, salsa, and fresh toppings like lettuce and avocado, offering a juicy, savory bite with a satisfying crunch.',
    295,
    N'1. Put the uncooked chicken breasts in the crock pot 2. Pour the full bottle of salad dressing over the chicken 3. Sprinkle the rest of the ingredients over the top and mix them in a bit with a spoon.
Cover your crock pot with the lid and cook on high for 4 hours.
Remove all the chicken breasts from the crock pot and let cool.
Shred the chicken breasts and move to a glass bowl.
Pour most of the liquid over the shredded chicken.
FOR THE TACOS:
Make the guacamole sauce by mixing the avocado and green salsa together 4. Pour the guacamole mixture through a strainer until smooth and transfer to a squeeze bottle 5. Cut the tip off the lid of the squeeze bottle to make the opening more wide if needed.
Make the sour cream sauce by mixing the sour cream and milk together until you get a more liquid sour cream sauce 6. Transfer to a squeeze bottle.
In a 9x 13 glass baking dish, fill all 12+ tacos with a layer of refried beans, cooked chicken and shredded cheese.
Bake at 450 for 10-15 minutes just until the cheese is melted and bubbling.
Out of the oven top all the tacos with the sliced grape tomaotes, jalapeno and cilantro.
Finish with a drizzle of guacamole and sour cream.
Enjoy!',
    'https://www.themealdb.com/images/media/meals/ypxvwv1505333929.jpg',
    'https://www.themealdb.com/images/media/meals/ypxvwv1505333929.jpg',
    'test'
);

INSERT INTO Food_Ingredient (FoodID, Ingredient)
VALUES ('f101_0299', N'4 - 6 Chicken Breasts');

INSERT INTO Food_Ingredient (FoodID, Ingredient)
VALUES ('f101_0299', N'1 bottle Vinaigrette Dressing');

INSERT INTO Food_Ingredient (FoodID, Ingredient)
VALUES ('f101_0299', N'1½ tablespoon Cumin');

INSERT INTO Food_Ingredient (FoodID, Ingredient)
VALUES ('f101_0299', N'1 tablespoon Smoked Paprika');

INSERT INTO Food_Ingredient (FoodID, Ingredient)
VALUES ('f101_0299', N'1 teaspoon Garlic');

INSERT INTO Food_Ingredient (FoodID, Ingredient)
VALUES ('f101_0299', N'1 can Refried Beans');

INSERT INTO Food_Ingredient (FoodID, Ingredient)
VALUES ('f101_0299', N'12 Hard Taco Shells');

INSERT INTO Food_Ingredient (FoodID, Ingredient)
VALUES ('f101_0299', N'2 cups Shredded Mexican Cheese');

INSERT INTO Food_Ingredient (FoodID, Ingredient)
VALUES ('f101_0299', N'Halved Grape Tomatoes');

INSERT INTO Food_Ingredient (FoodID, Ingredient)
VALUES ('f101_0299', N'Sliced and Seeded Jalapeno');

INSERT INTO Food_Ingredient (FoodID, Ingredient)
VALUES ('f101_0299', N'Peeled and Sliced Avocado');

INSERT INTO Food_Ingredient (FoodID, Ingredient)
VALUES ('f101_0299', N'2 tablespoons Green Salsa');

INSERT INTO Food_Ingredient (FoodID, Ingredient)
VALUES ('f101_0299', N'3 tablespoons Sour Cream');

INSERT INTO Food_Ingredient (FoodID, Ingredient)
VALUES ('f101_0299', N'1 tablespoon Milk');

INSERT INTO Food (FoodID, Title, Description, Calories, Instructions, ImageURL, SourceURL, Partition)
VALUES (
    'f101_0300',
    N'Chicken & mushroom Hotpot',
    N'Chicken & Mushroom Hotpot is a cozy, savory dish, featuring tender chicken pieces and earthy mushrooms simmered in a rich, herb-infused broth, topped with thinly sliced potatoes that bake to a golden, crispy finish, delivering a hearty, comforting blend of flavors and textures in every warming spoonful.',
    588,
    N'1. Heat oven to 200C/180C fan/gas 6 2. Put the butter in a medium-size saucepan and place over a medium heat 3. Add the onion and leave to cook for 5 mins, stirring occasionally 4. Add the mushrooms to the saucepan with the onions.

Once the onion and mushrooms are almost cooked, stir in the flour – this will make a thick paste called a roux 5. If you are using a stock cube, crumble the cube into the roux now and stir well 6. Put the roux over a low heat and stir continuously for 2 mins – this will cook the flour and stop the sauce from having a floury taste.

Take the roux off the heat 7. Slowly add the fresh stock, if using, or pour in 500ml water if you’ve used a stock cube, stirring all the time 8. Once all the liquid has been added, season with pepper, a pinch of nutmeg and mustard powder 9. Put the saucepan back onto a medium heat and slowly bring it to the boil, stirring all the time 10. Once the sauce has thickened, place on a very low heat 11. Add the cooked chicken and vegetables to the sauce and stir well 12. Grease a medium-size ovenproof pie dish with a little butter and pour in the chicken and mushroom filling.

Carefully lay the potatoes on top of the hot-pot filling, overlapping them slightly, almost like a pie top.

Brush the potatoes with a little melted butter and cook in the oven for about 35 mins 13. The hot-pot is ready once the potatoes are cooked and golden brown.',
    'https://www.themealdb.com/images/media/meals/uuuspp1511297945.jpg',
    'https://www.themealdb.com/images/media/meals/uuuspp1511297945.jpg',
    'test'
);

INSERT INTO Food_Ingredient (FoodID, Ingredient)
VALUES ('f101_0300', N'50g Butter');

INSERT INTO Food_Ingredient (FoodID, Ingredient)
VALUES ('f101_0300', N'1 chopped Onion');

INSERT INTO Food_Ingredient (FoodID, Ingredient)
VALUES ('f101_0300', N'100g Mushrooms');

INSERT INTO Food_Ingredient (FoodID, Ingredient)
VALUES ('f101_0300', N'40g Plain Flour');

INSERT INTO Food_Ingredient (FoodID, Ingredient)
VALUES ('f101_0300', N'1 Chicken Stock Cube');

INSERT INTO Food_Ingredient (FoodID, Ingredient)
VALUES ('f101_0300', N'pinch Nutmeg');

INSERT INTO Food_Ingredient (FoodID, Ingredient)
VALUES ('f101_0300', N'pinch Mustard Powder');

INSERT INTO Food_Ingredient (FoodID, Ingredient)
VALUES ('f101_0300', N'250g Chicken');

INSERT INTO Food_Ingredient (FoodID, Ingredient)
VALUES ('f101_0300', N'2 Handfuls Sweetcorn');

INSERT INTO Food_Ingredient (FoodID, Ingredient)
VALUES ('f101_0300', N'2 large Potatoes');

INSERT INTO Food_Ingredient (FoodID, Ingredient)
VALUES ('f101_0300', N'1 knob Butter');

INSERT INTO Food (FoodID, Title, Description, Calories, Instructions, ImageURL, SourceURL, Partition)
VALUES (
    'f101_0301',
    N'Mushroom & Chestnut Rotolo',
    N'Mushroom & Chestnut Rotolo is an elegant Italian dish, featuring rolled sheets of fresh pasta filled with a creamy mixture of earthy mushrooms, sweet chestnuts, and ricotta, baked in a rich tomato or béchamel sauce, offering a luxurious, nutty flavor with a tender, melt-in-your-mouth texture.',
    416,
    N'1. Soak the dried mushrooms in 350ml boiling water and set aside until needed 2. Blitz ¾ of the chestnuts with 150ml water until creamy 3. Roughly chop the remaining chestnuts.
Heat 2 tbsp olive oil in a large non-stick frying pan 4. Fry the shallots with a pinch of salt until softened, then add the garlic, chopped chestnuts and rosemary, and fry for 2 mins more 5. Add the wild mushrooms, 2 tbsp oil and some seasoning 6. Cook for 3 mins until they begin to soften 7. Drain and roughly chop the dried mushrooms (reserve the soaking liquid), then add those too, along with the soy sauce, and fry for 2 mins more.
Whisk the wine, reserved mushroom liquid and chestnut cream together to create a sauce 8. Season, then add half to the mushroom mixture in the pan and cook for 1 min until the sauce becomes glossy 9. Remove and discard the rosemary sprigs, then set the mixture aside.
Heat oven to 180C/160C fan/gas 4 10. Bring a large pan of salted water to the boil and get a large bowl of ice water ready 11. Drop the lasagne sheets into the boiling water for 2 mins or until pliable and a little cooked, then immediately plunge them into the cold water 12. Using your fingers, carefully separate the sheets and transfer to a clean tea towel 13. Spread a good spoonful of the sauce on the bottom two thirds of each sheet, then, rolling away from yourself, roll up the shorter ends 14. Cut each roll in half, then position the rolls of pasta cut-side up in a pie dish that you are happy to serve from at the table 15. If you have any mushroom sauce remaining after you’ve rolled up all the sheets, simply push it into some of the exposed rolls of pasta.
Pour the rest of the sauce over the top of the pasta, then bake for 10 mins or until the pasta no longer has any resistance when tested with a skewer.
Meanwhile, put the breadcrumbs, the last 2 tbsp olive oil, sage leaves and some seasoning in a bowl, and toss everything together 16. Scatter the rotolo with the crumbs and sage, then bake for another 10 mins, until the top is golden and the sage leaves are crispy 17. Leave to cool for 10 mins to allow the pasta to absorb the sauce, then drizzle with a little truffle oil, if you like, before taking your dish to the table.',
    'https://www.themealdb.com/images/media/meals/ssyqwr1511451678.jpg',
    'https://www.themealdb.com/images/media/meals/ssyqwr1511451678.jpg',
    'test'
);

INSERT INTO Food_Ingredient (FoodID, Ingredient)
VALUES ('f101_0301', N'30g Mushrooms');

INSERT INTO Food_Ingredient (FoodID, Ingredient)
VALUES ('f101_0301', N'240g Chestnuts');

INSERT INTO Food_Ingredient (FoodID, Ingredient)
VALUES ('f101_0301', N'3 Challots');

INSERT INTO Food_Ingredient (FoodID, Ingredient)
VALUES ('f101_0301', N'3 cloves Garlic');

INSERT INTO Food_Ingredient (FoodID, Ingredient)
VALUES ('f101_0301', N'3 sprigs Rosemary');

INSERT INTO Food_Ingredient (FoodID, Ingredient)
VALUES ('f101_0301', N'500g Wild Mushrooms');

INSERT INTO Food_Ingredient (FoodID, Ingredient)
VALUES ('f101_0301', N'2 tblsp Soy Sauce');

INSERT INTO Food_Ingredient (FoodID, Ingredient)
VALUES ('f101_0301', N'125ml White Wine');

INSERT INTO Food_Ingredient (FoodID, Ingredient)
VALUES ('f101_0301', N'350g Lasagne Sheets');

INSERT INTO Food_Ingredient (FoodID, Ingredient)
VALUES ('f101_0301', N'4 tbsp Breadcrumbs');

INSERT INTO Food_Ingredient (FoodID, Ingredient)
VALUES ('f101_0301', N'1/2 handful Sage');

INSERT INTO Food_Ingredient (FoodID, Ingredient)
VALUES ('f101_0301', N'to serve Truffle Oil');

INSERT INTO Food (FoodID, Title, Description, Calories, Instructions, ImageURL, SourceURL, Partition)
VALUES (
    'f101_0302',
    N'Mushroom soup with buckwheat',
    N'Mushroom Soup with Buckwheat is a rustic, earthy delight, featuring a velvety broth brimming with savory mushrooms, nutty buckwheat grains, and aromatic herbs, offering a warm, wholesome flavor with a satisfying mix of creamy soup and chewy, hearty buckwheat in every comforting spoonful.',
    250,
    N'1. Chop the onion and garlic, slice the mushrooms and wash the buckwheat 2. Heat the oil and lightly sauté the onion 3. Add the mushrooms and the garlic and continue to sauté 4. Add the salt, vegetable seasoning, buckwheat and the bay leaf and cover with water 5. Simmer gently and just before it is completely cooked, add pepper, sour cream mixed with flour, the chopped parsley and vinegar to taste.',
    'https://www.themealdb.com/images/media/meals/1ngcbf1628770793.jpg',
    'https://www.themealdb.com/images/media/meals/1ngcbf1628770793.jpg',
    'test'
);

INSERT INTO Food_Ingredient (FoodID, Ingredient)
VALUES ('f101_0302', N'150g Mushrooms');

INSERT INTO Food_Ingredient (FoodID, Ingredient)
VALUES ('f101_0302', N'50g Buckwheat');

INSERT INTO Food_Ingredient (FoodID, Ingredient)
VALUES ('f101_0302', N'4 tbs Vegetable Oil');

INSERT INTO Food_Ingredient (FoodID, Ingredient)
VALUES ('f101_0302', N'40g Onion');

INSERT INTO Food_Ingredient (FoodID, Ingredient)
VALUES ('f101_0302', N'2 cloves Garlic');

INSERT INTO Food_Ingredient (FoodID, Ingredient)
VALUES ('f101_0302', N'1 Bay Leaf');

INSERT INTO Food_Ingredient (FoodID, Ingredient)
VALUES ('f101_0302', N'1tbsp Vegetable Stock Cube');

INSERT INTO Food_Ingredient (FoodID, Ingredient)
VALUES ('f101_0302', N'50 ml Sour Cream');

INSERT INTO Food_Ingredient (FoodID, Ingredient)
VALUES ('f101_0302', N'Dash White Wine Vinegar');

INSERT INTO Food_Ingredient (FoodID, Ingredient)
VALUES ('f101_0302', N'Top Parsley');

INSERT INTO Food (FoodID, Title, Description, Calories, Instructions, ImageURL, SourceURL, Partition)
VALUES (
    'f101_0303',
    N'Eggplant Adobo',
    N'Eggplant Adobo is a Filipino favorite, featuring silky, tender eggplant simmered in a tangy, savory sauce of soy sauce, vinegar, garlic, and bay leaves, often with a hint of spice, delivering a bold, umami-packed flavor with a perfect balance of tartness and melt-in-your-mouth texture.',
    169,
    N'1. 1.	Slice 1 lb 2. small Japanese or Italian eggplant (about 3) into quarters lengthwise, then cut crosswise into 2"-wide pieces 3. Place in a medium bowl 4. Add 1 Tbsp 5. sugar, 1 tsp 6. Diamond Crystal or ½ tsp 7. Morton kosher salt, and ½ tsp 8. freshly ground black pepper 9. Toss to evenly coat eggplant and let sit at room temperature at least 20 minutes and up to 2 hours.
2.	Peel and thinly slice 8 garlic cloves 10. Add 3 Tbsp 11. vegetable oil and half of garlic to a medium Dutch oven or other heavy pot 12. Cook over medium-high heat, stirring constantly with a wooden spoon, until light golden and crisp, about 5 minutes 13. Using a slotted spoon, transfer garlic chips to a plate; season lightly with salt.
3 14. Place 4 oz 15. ground pork in same pot and break up into small pieces with wooden spoon 16. Season with ¼ tsp 17. Diamond Crystal or Morton kosher salt and cook, undisturbed, until deeply browned underneath, about 5 minutes 18. Using a slotted spoon, transfer to another plate, leaving fat behind in the pot.
4 19. Place eggplant on a clean kitchen towel and blot away any moisture the salt has drawn out.
5 20. Working in batches and adding more oil if needed, cook eggplant in the same pot until lightly browned, about 3 minutes per side 21. Transfer to a plate with pork.
6 22. Pour 1½ cups of water into the pot and scrape up browned bits from the bottom with a wooden spoon 23. Add remaining garlic, 3 Tbsp 24. coconut vinegar or unseasoned rice vinegar, 2 Tbsp 25. soy sauce, 2 bay leaves, 1 tsp 26. freshly ground black pepper, and remaining 1 Tbsp 27. sugar 28. Bring to a simmer, then return pork and eggplant to pot 29. Reduce heat to medium-low, partially cover, and simmer until eggplant is tender and silky and sauce is reduced by half, 20–25 minutes 30. Taste and season with more salt and pepper and add a little more sugar if needed.
7 31. Top with garlic chips and serve with cooked white rice.',
    'https://www.themealdb.com/images/media/meals/y7h0lq1683208991.jpg',
    'https://www.themealdb.com/images/media/meals/y7h0lq1683208991.jpg',
    'test'
);

INSERT INTO Food_Ingredient (FoodID, Ingredient)
VALUES ('f101_0303', N'1 lb Egg Plants');

INSERT INTO Food_Ingredient (FoodID, Ingredient)
VALUES ('f101_0303', N'2 tbs Sugar');

INSERT INTO Food_Ingredient (FoodID, Ingredient)
VALUES ('f101_0303', N'1 tsp Salt');

INSERT INTO Food_Ingredient (FoodID, Ingredient)
VALUES ('f101_0303', N'1 tsp Pepper');

INSERT INTO Food_Ingredient (FoodID, Ingredient)
VALUES ('f101_0303', N'1 whole Garlic');

INSERT INTO Food_Ingredient (FoodID, Ingredient)
VALUES ('f101_0303', N'3 tbs Olive Oil');

INSERT INTO Food_Ingredient (FoodID, Ingredient)
VALUES ('f101_0303', N'4 oz Ground Pork');

INSERT INTO Food_Ingredient (FoodID, Ingredient)
VALUES ('f101_0303', N'3 tbs Rice Vinegar');

INSERT INTO Food_Ingredient (FoodID, Ingredient)
VALUES ('f101_0303', N'2 tbs Soy Sauce');

INSERT INTO Food_Ingredient (FoodID, Ingredient)
VALUES ('f101_0303', N'2 Bay Leaf');

INSERT INTO Food (FoodID, Title, Description, Calories, Instructions, ImageURL, SourceURL, Partition)
VALUES (
    'f101_0304',
    N'Crispy Eggplant',
    N'Crispy Eggplant is a delightful dish, featuring thick slices of eggplant coated in a seasoned breadcrumb or batter, fried to a golden, crunchy perfection, and served with a tangy dipping sauce or fresh herbs, offering a satisfying contrast of crisp exterior and tender, juicy interior in every bite.',
    53,
    N'1. Slice eggplant into 1 cm (0.4-inch) slices 2. Place them in a bowl and sprinkle them with salt 3. allow them to sit for 30 minutes to render some of their liquid and bitterness.
2 4. After 30 minutes wash eggplant slices from salt and pat dry with a kitchen towel.
3 5. In a large bowl/plate place breadcrumbs and sesame seeds 6. In another bowl beat 2 eggs with pinch salt and pepper.
4 7. Heal oil in a large skillet over high heat.
5 8. Dip eggplant slices in egg, then in crumbs, and place in hot oil 9. Fry 2 to 3 minutes on each side, or until golden brown 10. Drain on a paper towel',
    'https://www.themealdb.com/images/media/meals/c7lzrl1683208757.jpg',
    'https://www.themealdb.com/images/media/meals/c7lzrl1683208757.jpg',
    'test'
);

INSERT INTO Food_Ingredient (FoodID, Ingredient)
VALUES ('f101_0304', N'1 large Egg Plants');

INSERT INTO Food_Ingredient (FoodID, Ingredient)
VALUES ('f101_0304', N'1 cup Breadcrumbs');

INSERT INTO Food_Ingredient (FoodID, Ingredient)
VALUES ('f101_0304', N'50g Sesame Seed');

INSERT INTO Food_Ingredient (FoodID, Ingredient)
VALUES ('f101_0304', N'2 Eggs');

INSERT INTO Food_Ingredient (FoodID, Ingredient)
VALUES ('f101_0304', N'To taste Salt');

INSERT INTO Food_Ingredient (FoodID, Ingredient)
VALUES ('f101_0304', N'To taste Pepper');

INSERT INTO Food_Ingredient (FoodID, Ingredient)
VALUES ('f101_0304', N'For frying Vegetable Oil');

INSERT INTO Food (FoodID, Title, Description, Calories, Instructions, ImageURL, SourceURL, Partition)
VALUES (
    'f101_0305',
    N'Grilled eggplant with coconut milk',
    N'Grilled Eggplant with Coconut Milk is a creamy, tropical dish, featuring smoky, charred eggplant slices simmered in a rich, fragrant coconut milk sauce infused with garlic, ginger, and a hint of chili, delivering a luscious, velvety texture with a perfect balance of savory and subtly sweet flavors.',
    100,
    N'1. Prepare the eggplants for grilling by pricking them all over with a fork 2. This is so it won’t burst during the grilling process as the natural water in it heats up.
2 3. Grill the eggplants, turning them over frequently to ensure even cooking 4. Grill until the skins are dark brown, even black and the eggplant is soft when you touch it.
3 5. Soak the grilled eggplant in a bowl of water to cool it down 6. Peel the skin off the eggplant 7. Place the whole eggplants in a shallow dish (my mom actually cuts the eggplant into small, bite-sized pieces).
 4 8. In a small mixing bowl, mix together the coconut milk or cream, lemon powder, salt and hot pepper 9. Mix until the lemon powder and salt dissolve 10. Taste, then adjust the amount of lemon powder, salt and hot pepper to your liking 11. Pour the mixture over the eggplant 12. Sprinkle the green onions over the eggplant and coconut milk 13. Stir gently to combine',
    'https://www.themealdb.com/images/media/meals/bopa2i1683209167.jpg',
    'https://www.themealdb.com/images/media/meals/bopa2i1683209167.jpg',
    'test'
);

INSERT INTO Food_Ingredient (FoodID, Ingredient)
VALUES ('f101_0305', N'6 Egg Plants');

INSERT INTO Food_Ingredient (FoodID, Ingredient)
VALUES ('f101_0305', N'1 can Coconut Milk');

INSERT INTO Food_Ingredient (FoodID, Ingredient)
VALUES ('f101_0305', N'1 tbs Lemon Juice');

INSERT INTO Food_Ingredient (FoodID, Ingredient)
VALUES ('f101_0305', N'1 tsp Salt');

INSERT INTO Food_Ingredient (FoodID, Ingredient)
VALUES ('f101_0305', N'To taste Red Pepper Flakes');

INSERT INTO Food_Ingredient (FoodID, Ingredient)
VALUES ('f101_0305', N'4 Sticks Onions');

INSERT INTO Food (FoodID, Title, Description, Calories, Instructions, ImageURL, SourceURL, Partition)
VALUES (
    'f101_0306',
    N'Roasted Eggplant With Tahini, Pine Nuts, and Lentils',
    N'Roasted Eggplant With Tahini, Pine Nuts, and Lentils is a vibrant Middle Eastern-inspired dish, featuring smoky, tender roasted eggplant drizzled with creamy tahini, topped with nutty toasted pine nuts and earthy lentils, offering a rich, harmonious blend of creamy, crunchy, and savory flavors with a hint of smokiness.',
    400,
    N'1. For the Lentils: Adjust oven rack to center position and preheat oven to 450°F to prepare for roasting eggplant 2. Meanwhile, heat 2 tablespoons olive oil in a medium saucepan over medium heat until shimmering 3. Add carrots, celery, and onion and cook, stirring, until softened but not browned, about 4 minutes 4. Add garlic and cook, stirring, until fragrant, about 30 seconds 5. Add lentils, bay leaves, stock or water, and a pinch of salt 6. Bring to a simmer, cover with the lid partially ajar, and cook until lentils are tender, about 30 minutes 7. (Top up with water if lentils are at any point not fully submerged.) Remove lid, stir in vinegar, and reduce until lentils are moist but not soupy 8. Season to taste with salt and pepper, cover, and keep warm until ready to serve.

2.
For the Eggplant: While lentils cook, cut each eggplant in half 9. Score flesh with the tip of a paring knife in a cross-hatch pattern at 1-inch intervals 10. Transfer to a foil-lined rimmed baking sheet, cut side up, and brush each eggplant half with 1 tablespoon oil, letting each brushstroke be fully absorbed before brushing with more 11. Season with salt and pepper 12. Place a rosemary sprig on top of each one 13. Transfer to oven and roast until completely tender and well charred, 25 to 35 minutes 14. Remove from oven and discard rosemary.

3.
To Serve: Heat 2 tablespoons olive oil and pine nuts in a medium skillet set over medium heat 15. Cook, tossing nuts frequently, until golden brown and aromatic, about 4 minutes 16. Transfer to a bowl to halt cooking 17. Stir half of parsley and rosemary into lentils and transfer to a serving platter 18. Arrange eggplant halves on top 19. Spread a few tablespoons of tahini sauce over each eggplant half and sprinkle with pine nuts 20. Sprinkle with remaining parsley and rosemary, drizzle with additional olive oil, and serve.',
    'https://www.themealdb.com/images/media/meals/ysqrus1487425681.jpg',
    'https://www.themealdb.com/images/media/meals/ysqrus1487425681.jpg',
    'test'
);

INSERT INTO Food_Ingredient (FoodID, Ingredient)
VALUES ('f101_0306', N'2 tablespoons Olive Oil');

INSERT INTO Food_Ingredient (FoodID, Ingredient)
VALUES ('f101_0306', N'2 small cut into chunks Carrots');

INSERT INTO Food_Ingredient (FoodID, Ingredient)
VALUES ('f101_0306', N'2 small stalks Celery');

INSERT INTO Food_Ingredient (FoodID, Ingredient)
VALUES ('f101_0306', N'1 medium finely diced Onion');

INSERT INTO Food_Ingredient (FoodID, Ingredient)
VALUES ('f101_0306', N'6 medium cloves sliced Garlic');

INSERT INTO Food_Ingredient (FoodID, Ingredient)
VALUES ('f101_0306', N'12 ounces (340g) Brown Lentils');

INSERT INTO Food_Ingredient (FoodID, Ingredient)
VALUES ('f101_0306', N'2 Bay Leaves');

INSERT INTO Food_Ingredient (FoodID, Ingredient)
VALUES ('f101_0306', N'4 cups Water');

INSERT INTO Food_Ingredient (FoodID, Ingredient)
VALUES ('f101_0306', N'Pinch Salt');

INSERT INTO Food_Ingredient (FoodID, Ingredient)
VALUES ('f101_0306', N'2 teaspoons (10ml) Apple Cider Vinegar');

INSERT INTO Food_Ingredient (FoodID, Ingredient)
VALUES ('f101_0306', N'Pinch Pepper');

INSERT INTO Food_Ingredient (FoodID, Ingredient)
VALUES ('f101_0306', N'2 large Egg Plants');

INSERT INTO Food_Ingredient (FoodID, Ingredient)
VALUES ('f101_0306', N'4 sprigs Rosemary');

INSERT INTO Food_Ingredient (FoodID, Ingredient)
VALUES ('f101_0306', N'1/4 cup Pine nuts');

INSERT INTO Food_Ingredient (FoodID, Ingredient)
VALUES ('f101_0306', N'2 tablespoons Parsley');

INSERT INTO Food (FoodID, Title, Description, Calories, Instructions, ImageURL, SourceURL, Partition)
VALUES (
    'f101_0307',
    N'Stovetop Eggplant With Harissa, Chickpeas, and Cumin Yogurt',
    N'Stovetop Eggplant With Harissa, Chickpeas, and Cumin Yogurt is a bold, spicy dish, featuring tender eggplant cooked with fiery harissa and hearty chickpeas, served with a cooling cumin-infused yogurt, delivering a vibrant mix of smoky, spicy, and creamy textures with a zesty, aromatic finish.',
    420,
    N'1. Heat the oil in a 12-inch skillet over high heat until shimmering 2. Add the eggplants and lower the heat to medium 3. Season with salt and pepper as you rotate the eggplants, browning them on all sides 4. Continue to cook, turning regularly, until a fork inserted into the eggplant meets no resistance (you may have to stand them up on their fat end to finish cooking the thickest parts), about 20 minutes, lowering the heat and sprinkling water into the pan as necessary if the eggplants threaten to burn or smoke excessively.

2.
Mix the harissa, chickpeas and tomatoes together, then add to the eggplants 5. Cook until the tomatoes have blistered and broken down, about 5 minutes more 6. Season with salt and pepper and add water as necessary to thin to a saucy consistency 7. Meanwhile, combine the yogurt and cumin in a serving bowl 8. Season with salt and pepper.

3.
Top the eggplant mixture with the parsley, drizzle with more extra virgin olive oil, and serve with the yogurt on the side.',
    'https://www.themealdb.com/images/media/meals/yqwtvu1487426027.jpg',
    'https://www.themealdb.com/images/media/meals/yqwtvu1487426027.jpg',
    'test'
);

INSERT INTO Food_Ingredient (FoodID, Ingredient)
VALUES ('f101_0307', N'4 tablespoons Olive Oil');

INSERT INTO Food_Ingredient (FoodID, Ingredient)
VALUES ('f101_0307', N'6 small Egg Plants');

INSERT INTO Food_Ingredient (FoodID, Ingredient)
VALUES ('f101_0307', N'½ tablespoon Harissa Spice');

INSERT INTO Food_Ingredient (FoodID, Ingredient)
VALUES ('f101_0307', N'1 can Chickpeas');

INSERT INTO Food_Ingredient (FoodID, Ingredient)
VALUES ('f101_0307', N'2 cups halved Cherry Tomatoes');

INSERT INTO Food_Ingredient (FoodID, Ingredient)
VALUES ('f101_0307', N'1 1/2 cups Greek yogurt');

INSERT INTO Food_Ingredient (FoodID, Ingredient)
VALUES ('f101_0307', N'1 tablespoon Ground cumin');

INSERT INTO Food_Ingredient (FoodID, Ingredient)
VALUES ('f101_0307', N'½ cup Parsley');

INSERT INTO Food (FoodID, Title, Description, Calories, Instructions, ImageURL, SourceURL, Partition)
VALUES (
    'f101_0308',
    N'Cevapi Sausages',
    N'Cevapi Sausages are a Balkan street food favorite, featuring small, juicy grilled sausages made from a blend of spiced beef and lamb, served in warm flatbread with ajvar, onions, and sour cream, offering a smoky, savory flavor with a tender bite and a hint of tangy spice.',
    522,
    N'1. Place the ground meat in a bowl 2. Chop the onion very finely and grate the garlic cloves 3. Add to the bowl 4. Add the chopped parsley, all sorts of paprika, baking soda, dried breadcrumbs, water, Vegeta, salt, and pepper.
Mix well with the hand mixer fitted with the dough hooks 5. Cover the bowl with cling film/ plastic foil and leave to rest for 1 or 2 hours in the refrigerator.
Take portions of the meat mixture, about 50-55 g/ 1.7-1.9 oz/ ¼ cup portions, and form the cevapi 6. The rolls should be about as thick as your thumb and about 7-10 cm/ 3-4 inches long 7. I had 18 sausages 8. The recipe can be easily doubled.
Grill the cevapcici on the hot grill pan or on the barbecue for about 12-14 minutes, turning them several times in between, or until brown and cooked through 9. I checked by cutting one in the middle and then grilling the following batches for the same period of time.
Serve hot as suggested above 10. The cevapcici can be reheated in the oven at 180 degrees Celsius/ 350 degrees Fahrenheit for about 10 minutes or until heated through 11. Check one, if it is not hot enough, give the sausages a few more minutes.',
    'https://www.themealdb.com/images/media/meals/vc08jn1628769553.jpg',
    'https://www.themealdb.com/images/media/meals/vc08jn1628769553.jpg',
    'test'
);

INSERT INTO Food_Ingredient (FoodID, Ingredient)
VALUES ('f101_0308', N'500g Minced Beef');

INSERT INTO Food_Ingredient (FoodID, Ingredient)
VALUES ('f101_0308', N'250g Minced Pork');

INSERT INTO Food_Ingredient (FoodID, Ingredient)
VALUES ('f101_0308', N'1 Onion');

INSERT INTO Food_Ingredient (FoodID, Ingredient)
VALUES ('f101_0308', N'4 cloves Garlic');

INSERT INTO Food_Ingredient (FoodID, Ingredient)
VALUES ('f101_0308', N'3 tblsp chopped Parsley');

INSERT INTO Food_Ingredient (FoodID, Ingredient)
VALUES ('f101_0308', N'1 tbs Paprika');

INSERT INTO Food_Ingredient (FoodID, Ingredient)
VALUES ('f101_0308', N'3/4 teaspoon Baking Powder');

INSERT INTO Food_Ingredient (FoodID, Ingredient)
VALUES ('f101_0308', N'2 tbs Breadcrumbs');

INSERT INTO Food_Ingredient (FoodID, Ingredient)
VALUES ('f101_0308', N'3 tbs Water');

INSERT INTO Food_Ingredient (FoodID, Ingredient)
VALUES ('f101_0308', N'1 Vegetable Stock Cube');

INSERT INTO Food_Ingredient (FoodID, Ingredient)
VALUES ('f101_0308', N'1 tsp Salt');

INSERT INTO Food_Ingredient (FoodID, Ingredient)
VALUES ('f101_0308', N'1 tsp Pepper');

INSERT INTO Food (FoodID, Title, Description, Calories, Instructions, ImageURL, SourceURL, Partition)
VALUES (
    'f101_0309',
    N'Bean & Sausage Hotpot',
    N'Bean & Sausage Hotpot is a hearty, comforting dish, featuring plump sausages simmered with creamy white beans, tomatoes, and aromatic herbs in a rich broth, topped with a crispy breadcrumb crust, delivering a warm, savory blend of tender beans and juicy sausage in every satisfying spoonful.',
    895,
    N'1. In a large casserole, fry the sausages until brown all over – about 10 mins.

Add the tomato sauce, stirring well, then stir in the beans, treacle or sugar and mustard 2. Bring to the simmer, cover and cook for 30 mins 3. Great served with crusty bread or rice.',
    'https://www.themealdb.com/images/media/meals/vxuyrx1511302687.jpg',
    'https://www.themealdb.com/images/media/meals/vxuyrx1511302687.jpg',
    'test'
);

INSERT INTO Food_Ingredient (FoodID, Ingredient)
VALUES ('f101_0309', N'8 large Sausages');

INSERT INTO Food_Ingredient (FoodID, Ingredient)
VALUES ('f101_0309', N'1 Jar Tomato Sauce');

INSERT INTO Food_Ingredient (FoodID, Ingredient)
VALUES ('f101_0309', N'1200g Butter Beans');

INSERT INTO Food_Ingredient (FoodID, Ingredient)
VALUES ('f101_0309', N'1 tbls Black Treacle');

INSERT INTO Food_Ingredient (FoodID, Ingredient)
VALUES ('f101_0309', N'1 tsp English Mustard');

INSERT INTO Food (FoodID, Title, Description, Calories, Instructions, ImageURL, SourceURL, Partition)
VALUES (
    'f101_0310',
    N'Crispy Sausages and Greens',
    N'Crispy Sausages and Greens is a rustic, flavorful dish, featuring golden, pan-seared sausages paired with vibrant, sautéed greens like kale or chard, seasoned with garlic and a splash of lemon, offering a perfect balance of juicy, savory meat and fresh, earthy greens with a zesty finish.',
    455,
    N'1. Preheat the oven to 350° 2. Remove the stems from one bunch of Tuscan kale and tear the leaves into 1" pieces (mustard greens, collards, spinach, and chard are great, too) 3. Coarsely chop half a head of green cabbage 4. Combine the greens in a large baking dish and add 4 cloves of thinly sliced garlic 5. Adding some sliced onions and shiitake mushrooms at this point is optional, but highly recommended (I''ll sauté the onions and mushrooms in a cast iron baking dish right on the stove before adding to the greens) 6. Coat the greens with some olive oil and pour ½ cup chicken stock or broth over everything 7. Cover the dish with foil and bake until the greens are wilted, about 15 minutes 8. Remove foil and season with salt and pepper 9. Continue to bake until cabbage is tender, about 20-25 minutes more.

Meanwhile, heat a little olive oil in a large skillet over medium-high 10. Prick four sweet Italian sausages with a fork and cook until browned on all sides and cooked through, 10 to 12 minutes 11. When the greens are done, slice the sausage and toss into the greens with a splash of your favorite vinegar (I like sherry or red wine).',
    'https://www.themealdb.com/images/media/meals/st1ifa1583267248.jpg',
    'https://www.themealdb.com/images/media/meals/st1ifa1583267248.jpg',
    'test'
);

INSERT INTO Food_Ingredient (FoodID, Ingredient)
VALUES ('f101_0310', N'1  bunch Kale');

INSERT INTO Food_Ingredient (FoodID, Ingredient)
VALUES ('f101_0310', N'8 Italian Fennel Sausages');

INSERT INTO Food_Ingredient (FoodID, Ingredient)
VALUES ('f101_0310', N'1 Head chopped Cabbage');

INSERT INTO Food_Ingredient (FoodID, Ingredient)
VALUES ('f101_0310', N'8 Garlic Clove');

INSERT INTO Food_Ingredient (FoodID, Ingredient)
VALUES ('f101_0310', N'Sliced Onion');

INSERT INTO Food_Ingredient (FoodID, Ingredient)
VALUES ('f101_0310', N'Sliced Shiitake Mushrooms');

INSERT INTO Food_Ingredient (FoodID, Ingredient)
VALUES ('f101_0310', N'1 cup Chicken Stock');

INSERT INTO Food_Ingredient (FoodID, Ingredient)
VALUES ('f101_0310', N' Salt');

INSERT INTO Food_Ingredient (FoodID, Ingredient)
VALUES ('f101_0310', N' Pepper');

INSERT INTO Food (FoodID, Title, Description, Calories, Instructions, ImageURL, SourceURL, Partition)
VALUES (
    'f101_0311',
    N'Rigatoni with fennel sausage sauce',
    N'Rigatoni with Fennel Sausage Sauce is a robust Italian dish, featuring al dente rigatoni tossed in a rich, savory sauce of crumbled fennel-spiced sausage, tomatoes, and a hint of cream, delivering a bold, aromatic flavor with sweet, anise-like notes and a satisfying, hearty texture.',
    877,
    N'1. Heat a tablespoon of oil in a large saute pan for which you have a lid 2. Add the sausage pieces and fry on a medium-high heat for 10 minutes, stirring regularly, until golden-brown all over 3. Transfer the sausages to a plate, then add the onion and fennel to the hot pan and fry for 15 minutes, stirring once in a while, until soft and caramelised; if the pan goes a bit dry, add a teaspoon or so of extra oil 4. Stir in the paprika, garlic and half the fennel seeds, fry for two minutes more, then pour on the wine and boil for 30 seconds, to reduce by half 5. Add the tomatoes, sugar, 100ml water, the seared sausage and half a teaspoon of salt, cover and simmer for 30 minutes; remove the lid after 10 minutes, and cook until the sauce is thick and rich 6. Remove from the heat, stir through the olives and remaining fennel seeds and set aside until you’re ready to serve.

Bring a large pot of salted water to a boil, add the pasta and cook for 12-14 minutes (or according to the instructions on the packet), until al dente 7. Meanwhile, reheat the sauce 8. Drain the pasta, return it to the pot, stir in a tablespoon of oil, then divide between the bowls 9. Put all the pesto ingredients except the basil in the small bowl of a food processor 10. Add a tablespoon of water and blitz to a rough paste 11. Add the basil, then blitz until just combined (the pesto has a much better texture if the basil is not overblended).

Spoon over the ragù and top with a spoonful of pesto 12. Finish with a sprinkling of chopped fennel fronds, if you have any, and serve at once.',
    'https://www.themealdb.com/images/media/meals/qtqvys1468573168.jpg',
    'https://www.themealdb.com/images/media/meals/qtqvys1468573168.jpg',
    'test'
);

INSERT INTO Food_Ingredient (FoodID, Ingredient)
VALUES ('f101_0311', N'2½ tbsp olive oil');

INSERT INTO Food_Ingredient (FoodID, Ingredient)
VALUES ('f101_0311', N'6 cut into 1.5cm-thick slices Italian fennel sausages');

INSERT INTO Food_Ingredient (FoodID, Ingredient)
VALUES ('f101_0311', N'1 large peeled and chopped onion');

INSERT INTO Food_Ingredient (FoodID, Ingredient)
VALUES ('f101_0311', N'1 trimmed and roughly chopped; reserve any fronds to garnish fennel bulb');

INSERT INTO Food_Ingredient (FoodID, Ingredient)
VALUES ('f101_0311', N'½ tsp smoky paprika');

INSERT INTO Food_Ingredient (FoodID, Ingredient)
VALUES ('f101_0311', N'1 clove, peeled and sliced garlic');

INSERT INTO Food_Ingredient (FoodID, Ingredient)
VALUES ('f101_0311', N'2 tsp lightly toasted and then gently crushed fennel seeds');

INSERT INTO Food_Ingredient (FoodID, Ingredient)
VALUES ('f101_0311', N'100ml red wine');

INSERT INTO Food_Ingredient (FoodID, Ingredient)
VALUES ('f101_0311', N'400g tinned chopped tomatoes');

INSERT INTO Food_Ingredient (FoodID, Ingredient)
VALUES ('f101_0311', N'½ tsp caster sugar');

INSERT INTO Food_Ingredient (FoodID, Ingredient)
VALUES ('f101_0311', N'50g cut in half lengthways pitted black olives');

INSERT INTO Food_Ingredient (FoodID, Ingredient)
VALUES ('f101_0311', N'500g rigatoni');

INSERT INTO Food_Ingredient (FoodID, Ingredient)
VALUES ('f101_0311', N'30g roughly crumbled into 0.5cm pieces pecorino');

INSERT INTO Food_Ingredient (FoodID, Ingredient)
VALUES ('f101_0311', N'1  rinsed and patted dry anchovy fillet');

INSERT INTO Food_Ingredient (FoodID, Ingredient)
VALUES ('f101_0311', N'1 clove, peeled and crushed garlic');

INSERT INTO Food_Ingredient (FoodID, Ingredient)
VALUES ('f101_0311', N'60ml olive oil');

INSERT INTO Food_Ingredient (FoodID, Ingredient)
VALUES ('f101_0311', N'50g torn basil leaves');

INSERT INTO Food (FoodID, Title, Description, Calories, Instructions, ImageURL, SourceURL, Partition)
VALUES (
    'f101_0312',
    N'Broccoli & Stilton soup',
    N'Broccoli & Stilton Soup is a creamy, comforting British classic, featuring tender broccoli blended with rich, tangy Stilton cheese in a velvety broth, offering a smooth, luxurious texture with a perfect balance of earthy vegetable sweetness and bold, savory cheese flavor in every warming spoonful.',
    213,
    N'1. Heat the rapeseed oil in a large saucepan and then add the onions 2. Cook on a medium heat until soft 3. Add a splash of water if the onions start to catch.

Add the celery, leek, potato and a knob of butter 4. Stir until melted, then cover with a lid 5. Allow to sweat for 5 minutes 6. Remove the lid.

Pour in the stock and add any chunky bits of broccoli stalk 7. Cook for 10 – 15 minutes until all the vegetables are soft.

Add the rest of the broccoli and cook for a further 5 minutes 8. Carefully transfer to a blender and blitz until smooth 9. Stir in the stilton, allowing a few lumps to remain 10. Season with black pepper and serve.',
    'https://www.themealdb.com/images/media/meals/tvvxpv1511191952.jpg',
    'https://www.themealdb.com/images/media/meals/tvvxpv1511191952.jpg',
    'test'
);

INSERT INTO Food_Ingredient (FoodID, Ingredient)
VALUES ('f101_0312', N'2 tblsp Rapeseed Oil');

INSERT INTO Food_Ingredient (FoodID, Ingredient)
VALUES ('f101_0312', N'1 finely chopped Onion');

INSERT INTO Food_Ingredient (FoodID, Ingredient)
VALUES ('f101_0312', N'1 Celery');

INSERT INTO Food_Ingredient (FoodID, Ingredient)
VALUES ('f101_0312', N'1 sliced Leek');

INSERT INTO Food_Ingredient (FoodID, Ingredient)
VALUES ('f101_0312', N'1 medium Potatoes');

INSERT INTO Food_Ingredient (FoodID, Ingredient)
VALUES ('f101_0312', N'1 knob Butter');

INSERT INTO Food_Ingredient (FoodID, Ingredient)
VALUES ('f101_0312', N'1 litre hot Vegetable Stock');

INSERT INTO Food_Ingredient (FoodID, Ingredient)
VALUES ('f101_0312', N'1 Head chopped Broccoli');

INSERT INTO Food_Ingredient (FoodID, Ingredient)
VALUES ('f101_0312', N'140g Stilton Cheese');

INSERT INTO Food (FoodID, Title, Description, Calories, Instructions, ImageURL, SourceURL, Partition)
VALUES (
    'f101_0313',
    N'Honey Balsamic Chicken with Crispy Broccoli & Potatoes',
    N'Honey Balsamic Chicken with Crispy Broccoli & Potatoes is a flavorful, wholesome dish, featuring juicy chicken glazed with a sweet-tangy honey-balsamic sauce, served alongside golden, roasted broccoli and crispy potatoes, delivering a delightful mix of caramelized sweetness, tangy zest, and satisfying crunch.',
    540,
    N'1. 2 Servings

1 2. Preheat oven to 425 degrees 3. Wash and dry all produce 4. Cut potatoes into 1/2-inch-thick wedges 5. Toss on one side of a baking sheet with a drizzle of oil, salt, and pepper 6. (For 4 servings, spread potatoes out across entire sheet.) Roast on top rack for 5 minutes (we''ll add the broccoli then) 7. 2 8. Meanwhile, cut broccoli florets into bite-size pieces, if necessary 9. Peel and finely chop garlic 10. In a small microwave-safe bowl, combine 1 TBSP olive oil (2 TBSP for 4 servings) and half the garlic 11. Microwave until garlic sizzles, 30 seconds 12. 3 13. Once potatoes have roasted 5 minutes, remove sheet from oven and add broccoli to empty side; carefully toss with garlic oil, salt, and pepper 14. (For 4 servings, add broccoli to a second sheet.) Continue roasting until potatoes and broccoli are browned and crispy, 15-20 minutes more 15. 4 16. While veggies roast, pat chicken dry with paper towels; season all over with salt and pepper 17. Heat a drizzle of oil in a large pan over medium-high heat 18. Add chicken and cook until browned and cooked through, 5-6 minutes per side 19. (If chicken browns too quickly, reduce heat to medium.) Turn off heat; set chicken aside to rest 20. Wash out pan 21. 5 22. Heat pan used for chicken over medium-high heat 23. Add a drizzle of oil and remaining garlic; cook until fragrant, 30 seconds 24. Stir in vinegar, honey, stock concentrate, and 1/4 cup water (1/3 cup for 4 servings) 25. Simmer until thick and glossy, 2-3 minutes 26. Remove from heat and stir in 1 TBSP butter (2 TBSP for 4) 27. Season with salt and pepper 28. 6 29. Return chicken to pan and turn to coat in glaze 30. Divide chicken, broccoli, and potatoes between plates 31. Spoon any remaining glaze over chicken and serve',
    'https://www.themealdb.com/images/media/meals/kvbotn1581012881.jpg',
    'https://www.themealdb.com/images/media/meals/kvbotn1581012881.jpg',
    'test'
);

INSERT INTO Food_Ingredient (FoodID, Ingredient)
VALUES ('f101_0313', N'5 Potatoes');

INSERT INTO Food_Ingredient (FoodID, Ingredient)
VALUES ('f101_0313', N'1 Broccoli');

INSERT INTO Food_Ingredient (FoodID, Ingredient)
VALUES ('f101_0313', N'2 cloves Garlic');

INSERT INTO Food_Ingredient (FoodID, Ingredient)
VALUES ('f101_0313', N'2 Chicken Breast');

INSERT INTO Food_Ingredient (FoodID, Ingredient)
VALUES ('f101_0313', N' Balsamic Vinegar');

INSERT INTO Food_Ingredient (FoodID, Ingredient)
VALUES ('f101_0313', N' Honey');

INSERT INTO Food_Ingredient (FoodID, Ingredient)
VALUES ('f101_0313', N' Chicken Stock');

INSERT INTO Food_Ingredient (FoodID, Ingredient)
VALUES ('f101_0313', N'1 tbsp Butter');

INSERT INTO Food_Ingredient (FoodID, Ingredient)
VALUES ('f101_0313', N'1 tbsp Vegetable Oil');

INSERT INTO Food_Ingredient (FoodID, Ingredient)
VALUES ('f101_0313', N'1 tbsp Olive Oil');

INSERT INTO Food (FoodID, Title, Description, Calories, Instructions, ImageURL, SourceURL, Partition)
VALUES (
    'f101_0314',
    N'Brie wrapped in prosciutto & brioche',
    N'Brie Wrapped in Prosciutto & Brioche is an indulgent appetizer, featuring creamy, melted Brie cheese encased in salty prosciutto and wrapped in a golden, buttery brioche dough, baked until crisp, offering a luxurious blend of rich, gooey cheese, savory ham, and soft, sweet bread.',
    560,
    N'1. Mix the flour, 1 tsp salt, caster sugar, yeast, milk and eggs together in a mixer using the dough attachment for 5 mins until the dough is smooth 2. Add the butter and mix for a further 4 mins on medium speed 3. Scrape the dough bowl and mix again for 1 min 4. Place the dough in a container, cover with cling film and leave in the fridge for at least 6 hrs before using.
Wrap the Brie in the prosciutto and set aside 5. Turn out the dough onto a lightly floured surface 6. Roll into a 25cm circle 7. Place the wrapped Brie in the middle of the circle and fold the edges in neatly 8. Put the parcel onto a baking tray lined with baking parchment and brush with beaten egg 9. Chill in the fridge for 30 mins, then brush again with beaten egg and chill for a further 30 mins 10. Leave to rise for 1 hr at room temperature 11. Heat oven to 200C/180C fan/gas 6, then bake for 22 mins 12. Serve warm.',
    'https://www.themealdb.com/images/media/meals/qqpwsy1511796276.jpg',
    'https://www.themealdb.com/images/media/meals/qqpwsy1511796276.jpg',
    'test'
);

INSERT INTO Food_Ingredient (FoodID, Ingredient)
VALUES ('f101_0314', N'375g Plain Flour');

INSERT INTO Food_Ingredient (FoodID, Ingredient)
VALUES ('f101_0314', N'50g Caster Sugar');

INSERT INTO Food_Ingredient (FoodID, Ingredient)
VALUES ('f101_0314', N'7g Yeast');

INSERT INTO Food_Ingredient (FoodID, Ingredient)
VALUES ('f101_0314', N'75g Milk');

INSERT INTO Food_Ingredient (FoodID, Ingredient)
VALUES ('f101_0314', N'3 Large Eggs');

INSERT INTO Food_Ingredient (FoodID, Ingredient)
VALUES ('f101_0314', N'To Glaze Eggs');

INSERT INTO Food_Ingredient (FoodID, Ingredient)
VALUES ('f101_0314', N'180g Butter');

INSERT INTO Food_Ingredient (FoodID, Ingredient)
VALUES ('f101_0314', N'250g Brie');

INSERT INTO Food_Ingredient (FoodID, Ingredient)
VALUES ('f101_0314', N'8 slices Prosciutto');

INSERT INTO Food (FoodID, Title, Description, Calories, Instructions, ImageURL, SourceURL, Partition)
VALUES (
    'f101_0315',
    N'Tahini Lentils',
    N'Tahini Lentils is a creamy, nutty dish, featuring tender lentils simmered in a velvety tahini sauce with garlic, lemon, and warm spices, offering a rich, earthy flavor with a smooth, silky texture and a bright, tangy finish, perfect as a side or main.',
    264,
    N'1. In a jug, mix the tahini with the zest and juice of the lemon and 50ml of cold water to make a runny dressing 2. Season to taste, then set aside.
Heat the oil in a wok or large frying pan over a medium-high heat 3. Add the red onion, along with a pinch of salt, and fry for 2 mins until starting to soften and colour 4. Add the garlic, pepper, green beans and courgette and fry for 5 min, stirring frequently.
Tip in the kale, lentils and the tahini dressing 5. Keep the pan on the heat for a couple of mins, stirring everything together until the kale is wilted and it’s all coated in the creamy dressing.',
    'https://www.themealdb.com/images/media/meals/vpxyqt1511464175.jpg',
    'https://www.themealdb.com/images/media/meals/vpxyqt1511464175.jpg',
    'test'
);

INSERT INTO Food_Ingredient (FoodID, Ingredient)
VALUES ('f101_0315', N'50g Tahini');

INSERT INTO Food_Ingredient (FoodID, Ingredient)
VALUES ('f101_0315', N'zest and juice of 1 Lemon');

INSERT INTO Food_Ingredient (FoodID, Ingredient)
VALUES ('f101_0315', N'2 tblsp Olive Oil');

INSERT INTO Food_Ingredient (FoodID, Ingredient)
VALUES ('f101_0315', N'1 chopped Red Onions');

INSERT INTO Food_Ingredient (FoodID, Ingredient)
VALUES ('f101_0315', N'1 clove peeled crushed Garlic');

INSERT INTO Food_Ingredient (FoodID, Ingredient)
VALUES ('f101_0315', N'1 thinly sliced Yellow Pepper');

INSERT INTO Food_Ingredient (FoodID, Ingredient)
VALUES ('f101_0315', N'200g Green Beans');

INSERT INTO Food_Ingredient (FoodID, Ingredient)
VALUES ('f101_0315', N'1 sliced Courgettes');

INSERT INTO Food_Ingredient (FoodID, Ingredient)
VALUES ('f101_0315', N'100g shredded Kale');

INSERT INTO Food_Ingredient (FoodID, Ingredient)
VALUES ('f101_0315', N'250g pack Lentils');

INSERT INTO Food (FoodID, Title, Description, Calories, Instructions, ImageURL, SourceURL, Partition)
VALUES (
    'f101_0317',
    N'French Lentils With Garlic and Thyme',
    N'French Lentils With Garlic and Thyme is a rustic, aromatic dish, featuring petite French lentils cooked with fragrant garlic, fresh thyme, and a splash of white wine, delivering a tender, nutty texture with a savory, herbaceous flavor that’s both comforting and sophisticated.',
    514,
    N'1. Place a large saucepan over medium heat and add oil 2. When hot, add chopped vegetables and sauté until softened, 5 to 10 minutes.
Add 6 cups water, lentils, thyme, bay leaves and salt 3. Bring to a boil, then reduce to a fast simmer.
Simmer lentils until they are tender and have absorbed most of the water, 20 to 25 minutes 4. If necessary, drain any excess water after lentils have cooked 5. Serve immediately, or allow them to cool and reheat later.
For a fuller taste, use some chicken stock and reduce the water by the same amount.',
    'https://www.themealdb.com/images/media/meals/vwwspt1487394060.jpg',
    'https://www.themealdb.com/images/media/meals/vwwspt1487394060.jpg',
    'test'
);

INSERT INTO Food_Ingredient (FoodID, Ingredient)
VALUES ('f101_0317', N'3 tablespoons Olive Oil');

INSERT INTO Food_Ingredient (FoodID, Ingredient)
VALUES ('f101_0317', N'1 Onion');

INSERT INTO Food_Ingredient (FoodID, Ingredient)
VALUES ('f101_0317', N'2 cloves Garlic');

INSERT INTO Food_Ingredient (FoodID, Ingredient)
VALUES ('f101_0317', N'1 Carrots');

INSERT INTO Food_Ingredient (FoodID, Ingredient)
VALUES ('f101_0317', N'2 1/4 cups French Lentils');

INSERT INTO Food_Ingredient (FoodID, Ingredient)
VALUES ('f101_0317', N'1 teaspoon Thyme');

INSERT INTO Food_Ingredient (FoodID, Ingredient)
VALUES ('f101_0317', N'3 Bay Leaf');

INSERT INTO Food_Ingredient (FoodID, Ingredient)
VALUES ('f101_0317', N'1 tablespoon Salt');

INSERT INTO Food_Ingredient (FoodID, Ingredient)
VALUES ('f101_0317', N'2 sticks Celery');

INSERT INTO Food (FoodID, Title, Description, Calories, Instructions, ImageURL, SourceURL, Partition)
VALUES (
    'f101_0319',
    N'Salmon Prawn Risotto',
    N'Salmon Prawn Risotto is a luxurious Italian dish, featuring creamy, slow-cooked Arborio rice infused with tender salmon and plump prawns, enriched with a delicate broth, white wine, and a touch of lemon zest, offering a rich, seafood-forward flavor with a velvety, comforting texture.',
    468,
    N'1. Melt the butter in a thick-based pan and gently cook the onion without colour until it is soft.
Add the rice and stir to coat all the grains in the butter
Add the wine and cook gently stirring until it is absorbed
Gradually add the hot stock, stirring until each addition is absorbed 2. Keep stirring until the rice is tender
Season with the lemon juice and zest, and pepper to taste 3. (there will probably be sufficient saltiness from the salmon to not need to add salt) Stir gently to heat through
Serve scattered with the Parmesan and seasonal vegetables.
Grill the salmon and gently place onto the risotto with the prawns and asparagus',
    'https://www.themealdb.com/images/media/meals/xxrxux1503070723.jpg',
    'https://www.themealdb.com/images/media/meals/xxrxux1503070723.jpg',
    'test'
);

INSERT INTO Food_Ingredient (FoodID, Ingredient)
VALUES ('f101_0319', N'50g/2oz butter');

INSERT INTO Food_Ingredient (FoodID, Ingredient)
VALUES ('f101_0319', N'1 finely chopped onion');

INSERT INTO Food_Ingredient (FoodID, Ingredient)
VALUES ('f101_0319', N'150g rice');

INSERT INTO Food_Ingredient (FoodID, Ingredient)
VALUES ('f101_0319', N'125ml white wine');

INSERT INTO Food_Ingredient (FoodID, Ingredient)
VALUES ('f101_0319', N'1 litre hot vegetable stock');

INSERT INTO Food_Ingredient (FoodID, Ingredient)
VALUES ('f101_0319', N'The juice and zest of one lemon');

INSERT INTO Food_Ingredient (FoodID, Ingredient)
VALUES ('f101_0319', N'240g large King Prawns');

INSERT INTO Food_Ingredient (FoodID, Ingredient)
VALUES ('f101_0319', N'150g salmon');

INSERT INTO Food_Ingredient (FoodID, Ingredient)
VALUES ('f101_0319', N'100g tips blanched briefly in boiling water asparagus');

INSERT INTO Food_Ingredient (FoodID, Ingredient)
VALUES ('f101_0319', N'ground black pepper');

INSERT INTO Food_Ingredient (FoodID, Ingredient)
VALUES ('f101_0319', N'50g shavings Parmesan');

INSERT INTO Food (FoodID, Title, Description, Calories, Instructions, ImageURL, SourceURL, Partition)
VALUES (
    'f101_0320',
    N'Lamb Biryani',
    N'A fragrant and richly spiced Indian rice dish featuring tender lamb layered with saffron-infused basmati rice, fried onions, yogurt, and aromatic herbs, slow-cooked to perfection.',
    860,
    N'1. Grind the cashew, poppy seeds and cumin seeds into a smooth paste, using as little water as possible 2. Set aside 3. Deep fry the sliced onions when it is hot 4. Don’t overcrowd the oil 5. When the onions turn light brown, remove from oil and drain on paper towel 6. The fried onion will crisp up as it drains 7. Also fry the cashewnuts till golden brown 8. Set aside.

Wash the rice and soak in water for twenty minutes.
Meanwhile, take a big wide pan, add oil in medium heat, add the sliced onions, add the blended paste, to it add the green chillies, ginger garlic paste and garlic and fry for a minute.
Then add the tomatoes and sauté them well till they are cooked and not mushy.

Then to it add the red chilli powder, biryani powder, mint, coriander leaves and sauté them well.
Add the yogurt and mix well 9. I always move the skillet away from the heat when adding yogurt which prevents it from curdling.

Now after returning the skillet back to the stove, add the washed lamb and salt and ½ cup water and mix well 10. Cook for 1 hour and cook it covered in medium low heat or put it in a pressure cooker for 6 whistles 11. If the water is not drained totally, heat it by keeping it open.

Take another big pan, add thrice the cup of rice you use, and boil it 12. When it is boiling high, add the rice, salt and jeera and mix well 13. After 7 minutes exact or when the rice is 80% done 14. Switch off and drain the rice.

Now, the layering starts 15. To the lamb, pat and level it 16. Add the drained hot rice on the top of it 17. Garnish with fried onions, ghee, mint, coriander leaves and saffron dissolved in milk.

Cover the dish and bake in a 350f oven for 15 minutes or till the cooked but not mushy 18. Or cook in the stove medium heat for 12 minutes and lowest heat for 5 minutes 19. And switch off 20. Mix and serve hot!
Notes
1 21. If you are cooking in oven, do make sure to cook in a big oven safe pan and cover it tight and then keep in oven for the final step.
2 22. You can skip biryani masala if you don’t have and add just garam masala (1 tsp and red chilli powder – 3 tsp instead of 1 tsp)
3 23. If it is spicy in the end, squeeze some lemon, it will reduce the heat and enhance the flavors also.',
    'https://www.themealdb.com/images/media/meals/xrttsx1487339558.jpg',
    'https://www.themealdb.com/images/media/meals/xrttsx1487339558.jpg',
    'test'
);

INSERT INTO Food_Ingredient (FoodID, Ingredient)
VALUES ('f101_0320', N'12 Cashew nuts');

INSERT INTO Food_Ingredient (FoodID, Ingredient)
VALUES ('f101_0320', N'½ tbsp Khus khus');

INSERT INTO Food_Ingredient (FoodID, Ingredient)
VALUES ('f101_0320', N'½ tbsp Cumin seeds');

INSERT INTO Food_Ingredient (FoodID, Ingredient)
VALUES ('f101_0320', N'3 sliced thinly Onions');

INSERT INTO Food_Ingredient (FoodID, Ingredient)
VALUES ('f101_0320', N'2 tsp Ginger garlic paste');

INSERT INTO Food_Ingredient (FoodID, Ingredient)
VALUES ('f101_0320', N'4 whole Garlic');

INSERT INTO Food_Ingredient (FoodID, Ingredient)
VALUES ('f101_0320', N'Leaves Mint');

INSERT INTO Food_Ingredient (FoodID, Ingredient)
VALUES ('f101_0320', N'Leaves Cilantro');

INSERT INTO Food_Ingredient (FoodID, Ingredient)
VALUES ('f101_0320', N'½ tsp dissolved in ½ cup warm milk Saffron');

INSERT INTO Food_Ingredient (FoodID, Ingredient)
VALUES ('f101_0320', N'2 tbsp Ghee');

INSERT INTO Food_Ingredient (FoodID, Ingredient)
VALUES ('f101_0320', N'2 Cups Basmati rice');

INSERT INTO Food_Ingredient (FoodID, Ingredient)
VALUES ('f101_0320', N'½ cup Full fat yogurt');

INSERT INTO Food_Ingredient (FoodID, Ingredient)
VALUES ('f101_0320', N'1 tbsp Cumin Seeds');

INSERT INTO Food_Ingredient (FoodID, Ingredient)
VALUES ('f101_0320', N'½ Bay leaf');

INSERT INTO Food_Ingredient (FoodID, Ingredient)
VALUES ('f101_0320', N'1 thin piece Cinnamon');

INSERT INTO Food_Ingredient (FoodID, Ingredient)
VALUES ('f101_0320', N'3 Cloves');

INSERT INTO Food_Ingredient (FoodID, Ingredient)
VALUES ('f101_0320', N'2 Cardamom');

INSERT INTO Food_Ingredient (FoodID, Ingredient)
VALUES ('f101_0320', N'1 lb Lamb');

INSERT INTO Food_Ingredient (FoodID, Ingredient)
VALUES ('f101_0320', N'1 tsp Red Chilli powder');

INSERT INTO Food_Ingredient (FoodID, Ingredient)
VALUES ('f101_0320', N'1 tbsp Biryani masala');

INSERT INTO Food (FoodID, Title, Description, Calories, Instructions, ImageURL, SourceURL, Partition)
VALUES (
    'f101_0321',
    N'Roast fennel and aubergine paella',
    N'A vibrant vegetarian paella bursting with Mediterranean flavors, combining roasted fennel, aubergine, bell peppers, and saffron rice for a hearty and aromatic meal.',
    504,
    N'1. 1 Put the fennel, aubergine, pepper and courgette in a roasting tray 2. Add a glug of olive oil, season with salt and pepper and toss around to coat the veggies in the oil 3. Roast in the oven for 20 minutes, turning a couple of times until the veg are pretty much cooked through and turning golden.

2 Meanwhile, heat a paella pan or large frying pan over a low– medium heat and add a glug of olive oil 4. Sauté the onion for 8–10 minutes until softened 5. Increase the heat to medium and stir in the rice, paprika and saffron 6. Cook for around 1 minute to start toasting the rice, then add the white wine 7. Reduce by about half before stirring in two-thirds of the stock 8. Reduce to a simmer and cook for 10 minutes without a lid, stirring a couple of times.

3 Stir in the peas, add some seasoning, then gently mix in the roasted veg 9. Pour over the remaining stock, arrange the lemon wedges on top and cover with a lid or some aluminium foil 10. Cook for a further 10 minutes.

4 To ensure you get the classic layer of toasted rice at the bottom of the pan, increase the heat to high until you hear a slight crackle 11. Remove from the heat and sit for 5 minutes before sprinkling over the parsley and serving.',
    'https://www.themealdb.com/images/media/meals/1520081754.jpg',
    'https://www.themealdb.com/images/media/meals/1520081754.jpg',
    'test'
);

INSERT INTO Food_Ingredient (FoodID, Ingredient)
VALUES ('f101_0321', N'6 small Baby Aubergine');

INSERT INTO Food_Ingredient (FoodID, Ingredient)
VALUES ('f101_0321', N'4 small Fennel');

INSERT INTO Food_Ingredient (FoodID, Ingredient)
VALUES ('f101_0321', N'1 thinly sliced Red Pepper');

INSERT INTO Food_Ingredient (FoodID, Ingredient)
VALUES ('f101_0321', N'1 medium Courgettes');

INSERT INTO Food_Ingredient (FoodID, Ingredient)
VALUES ('f101_0321', N'1 finely chopped Onion');

INSERT INTO Food_Ingredient (FoodID, Ingredient)
VALUES ('f101_0321', N'300g Paella Rice');

INSERT INTO Food_Ingredient (FoodID, Ingredient)
VALUES ('f101_0321', N'1 tsp Paprika');

INSERT INTO Food_Ingredient (FoodID, Ingredient)
VALUES ('f101_0321', N'pinch Saffron');

INSERT INTO Food_Ingredient (FoodID, Ingredient)
VALUES ('f101_0321', N'200ml White Wine');

INSERT INTO Food_Ingredient (FoodID, Ingredient)
VALUES ('f101_0321', N'700ml Vegetable Stock');

INSERT INTO Food_Ingredient (FoodID, Ingredient)
VALUES ('f101_0321', N'100g Frozen Peas');

INSERT INTO Food_Ingredient (FoodID, Ingredient)
VALUES ('f101_0321', N'1 chopped Lemon');

INSERT INTO Food_Ingredient (FoodID, Ingredient)
VALUES ('f101_0321', N'Handful Parsley');

INSERT INTO Food_Ingredient (FoodID, Ingredient)
VALUES ('f101_0321', N'pinch Salt');

INSERT INTO Food_Ingredient (FoodID, Ingredient)
VALUES ('f101_0321', N'pinch Black Pepper');

INSERT INTO Food (FoodID, Title, Description, Calories, Instructions, ImageURL, SourceURL, Partition)
VALUES (
    'f101_0322',
    N'Shawarma',
    N'Middle Eastern spiced chicken grilled to perfection and wrapped in warm pita bread with fresh vegetables and creamy yogurt sauce, offering a satisfying street food experience.',
    658,
    N'1. Combine the marinade ingredients in a large ziplock bag (or bowl).
Add the chicken and use your hands to make sure each piece is coated 2. If using a ziplock bag, I find it convenient to close the bag then massage the bag to disperse the rub all over each chicken piece.
Marinate overnight or up to 24 hours.
Combine the Yoghurt Sauce ingredients in a bowl and mix 3. Cover and put in the fridge until required (it will last for 3 days in the fridge).
Heat grill/BBQ (or large heavy based pan on stove) on medium high 4. You should not need to oil it because the marinade has oil in it and also thigh fillets have fat 5. But if you are worried then oil your hotplate/grill 6. (See notes for baking)
Place chicken on the grill and cook the first side for 4 to 5 minutes until nicely charred, then turn and cook the other side for 3 to 4 minutes (the 2nd side takes less time).
Remove chicken from the grill and cover loosely with foil 7. Set aside to rest for 5 minutes.
TO SERVE
Slice chicken and pile onto platter alongside flatbreads, Salad and the Yoghurt Sauce.
To make a wrap, get a piece of flatbread and smear with Yoghurt Sauce 8. Top with a bit of lettuce and tomato and Chicken Shawarma 9. Roll up and enjoy!',
    'https://www.themealdb.com/images/media/meals/kcv6hj1598733479.jpg',
    'https://www.themealdb.com/images/media/meals/kcv6hj1598733479.jpg',
    'test'
);

INSERT INTO Food_Ingredient (FoodID, Ingredient)
VALUES ('f101_0322', N'1 kg Chicken Thighs');

INSERT INTO Food_Ingredient (FoodID, Ingredient)
VALUES ('f101_0322', N'1 tbs Coriander');

INSERT INTO Food_Ingredient (FoodID, Ingredient)
VALUES ('f101_0322', N'1 tbs Cumin');

INSERT INTO Food_Ingredient (FoodID, Ingredient)
VALUES ('f101_0322', N'1 tbs Cardamom');

INSERT INTO Food_Ingredient (FoodID, Ingredient)
VALUES ('f101_0322', N'1 tsp Cayenne Pepper');

INSERT INTO Food_Ingredient (FoodID, Ingredient)
VALUES ('f101_0322', N'2 tsp Paprika');

INSERT INTO Food_Ingredient (FoodID, Ingredient)
VALUES ('f101_0322', N'2 tbs Lemon Juice');

INSERT INTO Food_Ingredient (FoodID, Ingredient)
VALUES ('f101_0322', N'3 tbs Olive Oil');

INSERT INTO Food_Ingredient (FoodID, Ingredient)
VALUES ('f101_0322', N'1 cup Greek Yogurt');

INSERT INTO Food_Ingredient (FoodID, Ingredient)
VALUES ('f101_0322', N'1 Garlic Clove');

INSERT INTO Food_Ingredient (FoodID, Ingredient)
VALUES ('f101_0322', N'1 tsp Cumin');

INSERT INTO Food_Ingredient (FoodID, Ingredient)
VALUES ('f101_0322', N'Splash Lemon Juice');

INSERT INTO Food_Ingredient (FoodID, Ingredient)
VALUES ('f101_0322', N'Sliced Lettuce');

INSERT INTO Food_Ingredient (FoodID, Ingredient)
VALUES ('f101_0322', N'Sliced Tomato');

INSERT INTO Food_Ingredient (FoodID, Ingredient)
VALUES ('f101_0322', N'6 Pita Bread');

INSERT INTO Food (FoodID, Title, Description, Calories, Instructions, ImageURL, SourceURL, Partition)
VALUES (
    'f101_0323',
    N'Spring onion and prawn empanadas',
    N'Crispy baked pastry filled with a savory mixture of spring onions, prawns, chili, and feta cheese, offering a delightful fusion of Spanish and seafood flavors.',
    432,
    N'1. STEP 1

To make the dough, rub the butter into the flour and then add the egg white and half the yolk (keep the rest), vinegar, a pinch of salt and enough cold water to make a soft dough 2. Knead on a floured surface until smooth and then wrap and rest for 30 minutes.

STEP 2

Heat the oven to 180c/fan 160c/gas 4 3. Trim the green ends of the spring onions and then finely slice the rest 4. Heat a little oil in a pan and fry them gently until soft but not browned 5. Add the chilli and garlic, stir and then add the prawns and cook until they are opaque 6. Season well 7. Scoop out the prawns and bubble the juices until they thicken, then add back the prawns.

STEP 3

Divide the empanada dough into eight balls and roll out to thin circles on a floured surface 8. Put some filling on one half of the dough, sprinkle the feta on top and fold the other half over 9. Trim the edge and then fold and crimp the dough together so the empanada is tightly sealed, put it on an oiled baking sheet either on its side or sitting on its un-crimped edge like a cornish pasty 10. Repeat with the remaining dough and mixture 11. Mix the leftover egg yolk with a splash of water and brush the top of the empanadas.

STEP 4

Bake for 30 minutes or until golden and slightly crisp around the edges.',
    'https://www.themealdb.com/images/media/meals/1c5oso1614347493.jpg',
    'https://www.themealdb.com/images/media/meals/1c5oso1614347493.jpg',
    'test'
);

INSERT INTO Food_Ingredient (FoodID, Ingredient)
VALUES ('f101_0323', N'1  bunch Spring Onions');

INSERT INTO Food_Ingredient (FoodID, Ingredient)
VALUES ('f101_0323', N'Dash Olive Oil');

INSERT INTO Food_Ingredient (FoodID, Ingredient)
VALUES ('f101_0323', N'1 finely sliced Red Chilli');

INSERT INTO Food_Ingredient (FoodID, Ingredient)
VALUES ('f101_0323', N'1 clove Garlic');

INSERT INTO Food_Ingredient (FoodID, Ingredient)
VALUES ('f101_0323', N'350g Prawns');

INSERT INTO Food_Ingredient (FoodID, Ingredient)
VALUES ('f101_0323', N'75g Feta');

INSERT INTO Food_Ingredient (FoodID, Ingredient)
VALUES ('f101_0323', N'15g Butter');

INSERT INTO Food_Ingredient (FoodID, Ingredient)
VALUES ('f101_0323', N'250g Plain Flour');

INSERT INTO Food_Ingredient (FoodID, Ingredient)
VALUES ('f101_0323', N'1 Seperated Egg');

INSERT INTO Food_Ingredient (FoodID, Ingredient)
VALUES ('f101_0323', N'1/2 tsp White Wine Vinegar');

INSERT INTO Food (FoodID, Title, Description, Calories, Instructions, ImageURL, SourceURL, Partition)
VALUES (
    'f101_0324',
    N'Traditional Croatian Goulash',
    N'A hearty Croatian stew made with tender beef, carrots, onions, and aromatic herbs slow-cooked in red wine and mustard for a deep, comforting flavor.',
    496,
    N'1. Clean the meat from the veins if there are some and cut it into smaller pieces, 3 × 3 cm 2. Marinate the meat in the mustard and spices and let it sit in the refrigerator for one hour
Heat one tablespoon of pork fat or vegetable oil in a pot and fry the meat on all sides until it gets browned 3. Once the meat is cooked, transfer it to a plate and add another tablespoon of fat to the pot
Cut the onions very fine, peel the carrots and shred it using a grater 4. Cook the onions and carrots over low heat for 15 minutes 5. You can salt the vegetables a little to make them soften faster
Once the vegetables have browned and become slightly mushy, add the meat and bay leaves and garlic 6. Pour over with wine and simmer for 10-15 minutes to allow the alcohol to evaporate 7. Now is the right time to add 2/3 the amount of liquid
Cover the pot and cook over low heat for an hour, stirring occasionally 8. After the first hour, pour over the rest of the water or stock and cook for another 30-45 minutes
Allow the stew to cool slightly and serve it with a sprinkle of chopped parsley and few slices of fresh hot pepper if you like to spice it up a bit
Slice ​​some fresh bread, season the salad and simply enjoying these wonderful flavors',
    'https://www.themealdb.com/images/media/meals/n1hcou1628770088.jpg',
    'https://www.themealdb.com/images/media/meals/n1hcou1628770088.jpg',
    'test'
);

INSERT INTO Food_Ingredient (FoodID, Ingredient)
VALUES ('f101_0324', N'500g Beef');

INSERT INTO Food_Ingredient (FoodID, Ingredient)
VALUES ('f101_0324', N'2 chopped Onions');

INSERT INTO Food_Ingredient (FoodID, Ingredient)
VALUES ('f101_0324', N'2 chopped Carrots');

INSERT INTO Food_Ingredient (FoodID, Ingredient)
VALUES ('f101_0324', N'2 cloves Garlic');

INSERT INTO Food_Ingredient (FoodID, Ingredient)
VALUES ('f101_0324', N'2 Bay Leaf');

INSERT INTO Food_Ingredient (FoodID, Ingredient)
VALUES ('f101_0324', N'200ml Red Wine');

INSERT INTO Food_Ingredient (FoodID, Ingredient)
VALUES ('f101_0324', N'2 Litres Water');

INSERT INTO Food_Ingredient (FoodID, Ingredient)
VALUES ('f101_0324', N'3 tbs Mustard');

INSERT INTO Food_Ingredient (FoodID, Ingredient)
VALUES ('f101_0324', N'1tbsp Salt');

INSERT INTO Food_Ingredient (FoodID, Ingredient)
VALUES ('f101_0324', N'1/2 tsp Pepper');

INSERT INTO Food_Ingredient (FoodID, Ingredient)
VALUES ('f101_0324', N'1/2 tsp Paprika');

INSERT INTO Food_Ingredient (FoodID, Ingredient)
VALUES ('f101_0324', N'2 tbs Vegetable Oil');

INSERT INTO Food (FoodID, Title, Description, Calories, Instructions, ImageURL, SourceURL, Partition)
VALUES (
    'f101_0325',
    N'Moussaka',
    N'A Greek classic combining layers of spiced beef, grilled aubergine, and creamy yogurt topping baked until golden, perfect for a rich and satisfying meal.',
    504,
    N'1. Heat the grill to high 2. Brown the beef in a deep ovenproof frying pan over a high heat for 5 mins 3. Meanwhile, prick the aubergine with a fork, then microwave on High for 3-5 mins until soft 4. Mix the yogurt, egg and parmesan together, then add a little seasoning.

Stir the tomatoes, purée and potatoes in with the beef with some seasoning and heat through 5. Smooth the surface of the beef mixture with the back of a spoon, then slice the cooked aubergine and arrange on top 6. Pour the yogurt mixture over the aubergines, smooth out evenly, then grill until the topping has set and turned golden.',
    'https://www.themealdb.com/images/media/meals/ctg8jd1585563097.jpg',
    'https://www.themealdb.com/images/media/meals/ctg8jd1585563097.jpg',
    'test'
);

INSERT INTO Food_Ingredient (FoodID, Ingredient)
VALUES ('f101_0325', N'500g Beef');

INSERT INTO Food_Ingredient (FoodID, Ingredient)
VALUES ('f101_0325', N'1 large Aubergine');

INSERT INTO Food_Ingredient (FoodID, Ingredient)
VALUES ('f101_0325', N'150g Greek Yogurt');

INSERT INTO Food_Ingredient (FoodID, Ingredient)
VALUES ('f101_0325', N'1 beaten Egg');

INSERT INTO Food_Ingredient (FoodID, Ingredient)
VALUES ('f101_0325', N'3 tbs Parmesan');

INSERT INTO Food_Ingredient (FoodID, Ingredient)
VALUES ('f101_0325', N'400g Tomato');

INSERT INTO Food_Ingredient (FoodID, Ingredient)
VALUES ('f101_0325', N'4 tbs Tomato Puree');

INSERT INTO Food_Ingredient (FoodID, Ingredient)
VALUES ('f101_0325', N'350g Potatoes');

INSERT INTO Food (FoodID, Title, Description, Calories, Instructions, ImageURL, SourceURL, Partition)
VALUES (
    'f101_0326',
    N'Poutine',
    N'A Canadian comfort food of crispy French fries topped with cheese curds and hot brown gravy, creating a gooey, indulgent treat.',
    418,
    N'1. Heat oil in a deep fryer or deep heavy skillet to 365°F (185°C).
Warm gravy in saucepan or microwave.
Place the fries into the hot oil, and cook until light brown, about 5 minutes.
Remove to a paper towel lined plate to drain.
Place the fries on a serving platter, and sprinkle the cheese over them.
Ladle gravy over the fries and cheese, and serve immediately.',
    'https://www.themealdb.com/images/media/meals/uuyrrx1487327597.jpg',
    'https://www.themealdb.com/images/media/meals/uuyrrx1487327597.jpg',
    'test'
);

INSERT INTO Food_Ingredient (FoodID, Ingredient)
VALUES ('f101_0326', N'Dash Vegetable Oil');

INSERT INTO Food_Ingredient (FoodID, Ingredient)
VALUES ('f101_0326', N'1 Can Beef Gravy');

INSERT INTO Food_Ingredient (FoodID, Ingredient)
VALUES ('f101_0326', N'5 thin cut Potatoes');

INSERT INTO Food_Ingredient (FoodID, Ingredient)
VALUES ('f101_0326', N'2 cups Cheese Curds');

INSERT INTO Food (FoodID, Title, Description, Calories, Instructions, ImageURL, SourceURL, Partition)
VALUES (
    'f101_0327',
    N'Pork Cassoulet',
    N'A rustic French casserole of slow-cooked pork, vegetables, haricot beans, and herbs, topped with crispy breadcrumbs for a rich and hearty dish.',
    566,
    N'1. Heat oven to 140C/120C fan/gas 1 2. Put a large ovenproof pan (with a tight-fitting lid) on a high heat 3. Add your fat and diced meat, cook for a few mins to seal the edges, giving it a quick stir to cook evenly 4. Reduce the heat to low, add the sliced onion, whole garlic cloves, carrot and fennel seeds, and cook gently to soften the veg for a few mins.
Pour over the red wine vinegar, scraping any meaty bits off the bottom of the pan 5. Add the stock, tomato purée, and half the rosemary and parsley 6. Bring to the boil and simmer for 10 mins, then season, cover with a lid and put into the oven for 2 hrs, removing the lid for the final hour of cooking 7. Stir occasionally and add the beans with 30 mins to go.
Remove the pan from the oven and heat the grill 8. Scatter the top with the remaining herbs and breadcrumbs, drizzle a little oil over the top, and return to the oven for 5-10 mins, until the breadcrumbs are golden 9. Serve with crusty bread and green veg.',
    'https://www.themealdb.com/images/media/meals/wxuvuv1511299147.jpg',
    'https://www.themealdb.com/images/media/meals/wxuvuv1511299147.jpg',
    'test'
);

INSERT INTO Food_Ingredient (FoodID, Ingredient)
VALUES ('f101_0327', N'4 tbsp Goose Fat');

INSERT INTO Food_Ingredient (FoodID, Ingredient)
VALUES ('f101_0327', N'350g Pork');

INSERT INTO Food_Ingredient (FoodID, Ingredient)
VALUES ('f101_0327', N'1 large Onion');

INSERT INTO Food_Ingredient (FoodID, Ingredient)
VALUES ('f101_0327', N'10 Garlic');

INSERT INTO Food_Ingredient (FoodID, Ingredient)
VALUES ('f101_0327', N'1 thinly sliced Carrots');

INSERT INTO Food_Ingredient (FoodID, Ingredient)
VALUES ('f101_0327', N'1 tsp Fennel Seeds');

INSERT INTO Food_Ingredient (FoodID, Ingredient)
VALUES ('f101_0327', N'2 tblsp Red Wine Vinegar');

INSERT INTO Food_Ingredient (FoodID, Ingredient)
VALUES ('f101_0327', N'600ml Vegetable Stock');

INSERT INTO Food_Ingredient (FoodID, Ingredient)
VALUES ('f101_0327', N'1 tblsp Tomato Puree');

INSERT INTO Food_Ingredient (FoodID, Ingredient)
VALUES ('f101_0327', N'2 sticks Rosemary');

INSERT INTO Food_Ingredient (FoodID, Ingredient)
VALUES ('f101_0327', N'Handful Parsley');

INSERT INTO Food_Ingredient (FoodID, Ingredient)
VALUES ('f101_0327', N'400g Haricot Beans');

INSERT INTO Food_Ingredient (FoodID, Ingredient)
VALUES ('f101_0327', N'2 tblsp Breadcrumbs');

INSERT INTO Food_Ingredient (FoodID, Ingredient)
VALUES ('f101_0327', N'drizzle Oil');

INSERT INTO Food_Ingredient (FoodID, Ingredient)
VALUES ('f101_0327', N'to serve Bread');

INSERT INTO Food_Ingredient (FoodID, Ingredient)
VALUES ('f101_0327', N'to serve Broccoli');

INSERT INTO Food (FoodID, Title, Description, Calories, Instructions, ImageURL, SourceURL, Partition)
VALUES (
    'f101_0328',
    N'Spaghetti alla Carbonara',
    N'A classic Italian pasta made with spaghetti, crispy pancetta, egg yolks, and Pecorino cheese, tossed together to create a creamy, savory sauce without cream.',
    473,
    N'1. STEP 1
Put a large saucepan of water on to boil.

STEP 2
Finely chop the 100g pancetta, having first removed any rind 2. Finely grate 50g pecorino cheese and 50g parmesan and mix them together.

STEP 3
Beat the 3 large eggs in a medium bowl and season with a little freshly grated black pepper 3. Set everything aside.

STEP 4
Add 1 tsp salt to the boiling water, add 350g spaghetti and when the water comes back to the boil, cook at a constant simmer, covered, for 10 minutes or until al dente (just cooked).

STEP 5
Squash 2 peeled plump garlic cloves with the blade of a knife, just to bruise it.

STEP 6
While the spaghetti is cooking, fry the pancetta with the garlic 4. Drop 50g unsalted butter into a large frying pan or wok and, as soon as the butter has melted, tip in the pancetta and garlic.

STEP 7
Leave to cook on a medium heat for about 5 minutes, stirring often, until the pancetta is golden and crisp 5. The garlic has now imparted its flavour, so take it out with a slotted spoon and discard.

STEP 8
Keep the heat under the pancetta on low 6. When the pasta is ready, lift it from the water with a pasta fork or tongs and put it in the frying pan with the pancetta 7. Don’t worry if a little water drops in the pan as well (you want this to happen) and don’t throw the pasta water away yet.

STEP 9
Mix most of the cheese in with the eggs, keeping a small handful back for sprinkling over later.

STEP 10
Take the pan of spaghetti and pancetta off the heat 8. Now quickly pour in the eggs and cheese 9. Using the tongs or a long fork, lift up the spaghetti so it mixes easily with the egg mixture, which thickens but doesn’t scramble, and everything is coated.

STEP 11
Add extra pasta cooking water to keep it saucy (several tablespoons should do it) 10. You don’t want it wet, just moist 11. Season with a little salt, if needed.

STEP 12
Use a long-pronged fork to twist the pasta on to the serving plate or bowl 12. Serve immediately with a little sprinkling of the remaining cheese and a grating of black pepper 13. If the dish does get a little dry before serving, splash in some more hot pasta water and the glossy sauciness will be revived.',
    'https://www.themealdb.com/images/media/meals/llcbn01574260722.jpg',
    'https://www.themealdb.com/images/media/meals/llcbn01574260722.jpg',
    'test'
);

INSERT INTO Food_Ingredient (FoodID, Ingredient)
VALUES ('f101_0328', N'320g Spaghetti');

INSERT INTO Food_Ingredient (FoodID, Ingredient)
VALUES ('f101_0328', N'6 Egg Yolks');

INSERT INTO Food_Ingredient (FoodID, Ingredient)
VALUES ('f101_0328', N'As required Salt');

INSERT INTO Food_Ingredient (FoodID, Ingredient)
VALUES ('f101_0328', N'150g Bacon');

INSERT INTO Food_Ingredient (FoodID, Ingredient)
VALUES ('f101_0328', N'50g Pecorino');

INSERT INTO Food_Ingredient (FoodID, Ingredient)
VALUES ('f101_0328', N'As required Black Pepper');

INSERT INTO Food (FoodID, Title, Description, Calories, Instructions, ImageURL, SourceURL, Partition)
VALUES (
    'f101_0329',
    N'Chicken Quinoa Greek Salad',
    N'A light and protein-packed salad featuring grilled chicken over a bed of quinoa, olives, feta, and fresh herbs, dressed with lemon juice and olive oil.',
    528,
    N'1. Cook the quinoa following the pack instructions, then rinse in cold water and drain thoroughly.

Meanwhile, mix the butter, chilli and garlic into a paste 2. Toss the chicken fillets in 2 tsp of the olive oil with some seasoning 3. Lay in a hot griddle pan and cook for 3-4 mins each side or until cooked through 4. Transfer to a plate, dot with the spicy butter and set aside to melt.

Next, tip the tomatoes, olives, onion, feta and mint into a bowl 5. Toss in the cooked quinoa 6. Stir through the remaining olive oil, lemon juice and zest, and season well 7. Serve with the chicken fillets on top, drizzled with any buttery chicken juices.',
    'https://www.themealdb.com/images/media/meals/k29viq1585565980.jpg',
    'https://www.themealdb.com/images/media/meals/k29viq1585565980.jpg',
    'test'
);

INSERT INTO Food_Ingredient (FoodID, Ingredient)
VALUES ('f101_0329', N'225g Quinoa');

INSERT INTO Food_Ingredient (FoodID, Ingredient)
VALUES ('f101_0329', N'25g Butter');

INSERT INTO Food_Ingredient (FoodID, Ingredient)
VALUES ('f101_0329', N'1 chopped Red Chilli');

INSERT INTO Food_Ingredient (FoodID, Ingredient)
VALUES ('f101_0329', N'1 clove finely chopped Garlic');

INSERT INTO Food_Ingredient (FoodID, Ingredient)
VALUES ('f101_0329', N'400g Chicken Breast');

INSERT INTO Food_Ingredient (FoodID, Ingredient)
VALUES ('f101_0329', N'2 tbs Olive Oil');

INSERT INTO Food_Ingredient (FoodID, Ingredient)
VALUES ('f101_0329', N'Handful Black Olives');

INSERT INTO Food_Ingredient (FoodID, Ingredient)
VALUES ('f101_0329', N'1 chopped Red Onions');

INSERT INTO Food_Ingredient (FoodID, Ingredient)
VALUES ('f101_0329', N'100g Feta');

INSERT INTO Food_Ingredient (FoodID, Ingredient)
VALUES ('f101_0329', N'Chopped Mint');

INSERT INTO Food_Ingredient (FoodID, Ingredient)
VALUES ('f101_0329', N'Juice of 1/2 Lemon');

INSERT INTO Food (FoodID, Title, Description, Calories, Instructions, ImageURL, SourceURL, Partition)
VALUES (
    'f101_0330',
    N'Stuffed Bell Peppers with Quinoa and Black Beans',
    N'Colorful bell peppers baked and filled with a hearty mixture of quinoa, black beans, corn, and Mexican spices, topped with cheese for a wholesome vegetarian dish.',
    561,
    N'1. 1 2. Preheat your oven to 375°F (190°C) 3. Lightly grease a 9x13-inch baking dish or a similar-sized casserole dish.
2 4. Place the bell pepper halves in the prepared baking dish, cut side up 5. Bake for 15-20 minutes, or until slightly softened.
3 6. While the bell peppers are baking, prepare the filling 7. In a large skillet, heat the olive oil over medium heat 8. Add the chopped onion, and cook for 3-4 minutes, until softened 9. Add the garlic, and cook for another 1 minute, until fragrant.
4 10. Stir in the cooked quinoa, black beans, corn, diced tomatoes, ground cumin, chili powder, smoked paprika, salt, and pepper 11. Cook for 5-7 minutes, until heated through 12. Remove the skillet from heat, and stir in 1 cup of the shredded cheese, if using.
5 13. Remove the bell peppers from the oven, and carefully stuff each pepper half with the quinoa and black bean mixture 14. Top the stuffed peppers with the remaining 1/2 cup of shredded cheese, if using.
6 15. Return the stuffed peppers to the oven, and bake for another 15-20 minutes, until the cheese is melted and the peppers are tender.
7 16. Remove from the oven, and allow the stuffed peppers to cool for 5 minutes before serving 17. Garnish with fresh chopped cilantro.',
    'https://www.themealdb.com/images/media/meals/b66myb1683207208.jpg',
    'https://www.themealdb.com/images/media/meals/b66myb1683207208.jpg',
    'test'
);

INSERT INTO Food_Ingredient (FoodID, Ingredient)
VALUES ('f101_0330', N'4 whole Green Pepper');

INSERT INTO Food_Ingredient (FoodID, Ingredient)
VALUES ('f101_0330', N'1 tablespoon Olive Oil');

INSERT INTO Food_Ingredient (FoodID, Ingredient)
VALUES ('f101_0330', N'1 small finely diced Onion');

INSERT INTO Food_Ingredient (FoodID, Ingredient)
VALUES ('f101_0330', N'2 cloves minced Garlic');

INSERT INTO Food_Ingredient (FoodID, Ingredient)
VALUES ('f101_0330', N'1 cups Quinoa');

INSERT INTO Food_Ingredient (FoodID, Ingredient)
VALUES ('f101_0330', N'1 can Black Beans');

INSERT INTO Food_Ingredient (FoodID, Ingredient)
VALUES ('f101_0330', N'1 cup Sweetcorn');

INSERT INTO Food_Ingredient (FoodID, Ingredient)
VALUES ('f101_0330', N'1 can Diced Tomatoes');

INSERT INTO Food_Ingredient (FoodID, Ingredient)
VALUES ('f101_0330', N'1 teaspoon Cumin');

INSERT INTO Food_Ingredient (FoodID, Ingredient)
VALUES ('f101_0330', N'½ tsp Chili Powder');

INSERT INTO Food_Ingredient (FoodID, Ingredient)
VALUES ('f101_0330', N'½ tsp Smoked Paprika');

INSERT INTO Food_Ingredient (FoodID, Ingredient)
VALUES ('f101_0330', N'To taste Salt');

INSERT INTO Food_Ingredient (FoodID, Ingredient)
VALUES ('f101_0330', N'To taste Pepper');

INSERT INTO Food_Ingredient (FoodID, Ingredient)
VALUES ('f101_0330', N'1 1/2 cup Shredded Mexican Cheese');

INSERT INTO Food_Ingredient (FoodID, Ingredient)
VALUES ('f101_0330', N'Chopped Cilantro');

INSERT INTO Food (FoodID, Title, Description, Calories, Instructions, ImageURL, SourceURL, Partition)
VALUES (
    'f101_0331',
    N'Salmon Avocado Salad',
    N'A refreshing salad combining crispy pan-seared salmon with creamy avocado, cucumber, and spinach, drizzled with a mint-lime dressing for a light and nutritious meal.',
    582,
    N'1. Season the salmon, then rub with oil 2. Mix the dressing ingredients together 3. Halve, stone, peel and slice the avocados 4. Halve and quarter the cucumber lengthways, then cut into slices 5. Divide salad, avocado and cucumber between four plates, then drizzle with half the dressing.

Heat a non-stick pan 6. Add the salmon and fry for 3-4 mins on each side until crisp but still moist inside 7. Put a salmon fillet on top of each salad and drizzle over the remaining dressing 8. Serve warm.',
    'https://www.themealdb.com/images/media/meals/1549542994.jpg',
    'https://www.themealdb.com/images/media/meals/1549542994.jpg',
    'test'
);

INSERT INTO Food_Ingredient (FoodID, Ingredient)
VALUES ('f101_0331', N'400g Salmon');

INSERT INTO Food_Ingredient (FoodID, Ingredient)
VALUES ('f101_0331', N'3 Avocado');

INSERT INTO Food_Ingredient (FoodID, Ingredient)
VALUES ('f101_0331', N'1 Cucumber');

INSERT INTO Food_Ingredient (FoodID, Ingredient)
VALUES ('f101_0331', N'400g Spinach');

INSERT INTO Food_Ingredient (FoodID, Ingredient)
VALUES ('f101_0331', N'4 tbs Mint');

INSERT INTO Food_Ingredient (FoodID, Ingredient)
VALUES ('f101_0331', N'zest and juice of 1 Lime');

INSERT INTO Food_Ingredient (FoodID, Ingredient)
VALUES ('f101_0331', N'2 tsp Honey');

INSERT INTO Food_Ingredient (FoodID, Ingredient)
VALUES ('f101_0331', N'3 tbs Olive Oil');

INSERT INTO Food (FoodID, Title, Description, Calories, Instructions, ImageURL, SourceURL, Partition)
VALUES (
    'f101_0332',
    N'Chocolate Avocado Mousse',
    N'A rich and healthy dessert made from ripe avocado, banana, cacao powder, and honey, blended into a smooth, creamy mousse with a touch of vanilla and lemon.',
    155,
    N'1. 1 2. Blend all the mousse ingredients together in your food processor until smooth 3. Add the cacao powder first and, as you blend, have all the ingredients to hand in order to adjust the ratios slightly as the size of avocados and bananas varies so much 4. The perfect ratio in order to avoid the dish tasting too much of either is to use equal amounts of both.

2 5. Taste and add a few drops of stevia if you feel you need more sweetness.

3 6. Fill little cups or shot glasses with the mousse, sprinkle with the cacao powder or nibs and serve.

Tip If you don’t have a frozen banana to hand you can just use a normal one and then chill the mousse before serving for a cooling dessert.',
    'https://www.themealdb.com/images/media/meals/uttuxy1511382180.jpg',
    'https://www.themealdb.com/images/media/meals/uttuxy1511382180.jpg',
    'test'
);

INSERT INTO Food_Ingredient (FoodID, Ingredient)
VALUES ('f101_0332', N'1 Banana');

INSERT INTO Food_Ingredient (FoodID, Ingredient)
VALUES ('f101_0332', N'3 tbsp Cacao');

INSERT INTO Food_Ingredient (FoodID, Ingredient)
VALUES ('f101_0332', N'1 Avocado');

INSERT INTO Food_Ingredient (FoodID, Ingredient)
VALUES ('f101_0332', N'2 tblsp Honey');

INSERT INTO Food_Ingredient (FoodID, Ingredient)
VALUES ('f101_0332', N'1 tsp Lemon Juice');

INSERT INTO Food_Ingredient (FoodID, Ingredient)
VALUES ('f101_0332', N'1 tsp Vanilla');

INSERT INTO Food_Ingredient (FoodID, Ingredient)
VALUES ('f101_0332', N'2 tbsp Water');

INSERT INTO Food_Ingredient (FoodID, Ingredient)
VALUES ('f101_0332', N'pinch Sea Salt');

INSERT INTO Food (FoodID, Title, Description, Calories, Instructions, ImageURL, SourceURL, Partition)
VALUES (
    'f101_0333',
    N'Skillet Apple Pork Chops with Roasted Sweet Potatoes & Zucchini',
    N'A hearty dish featuring seared pork chops topped with apple glaze, served alongside roasted sweet potatoes and zucchini for a perfect sweet and savory balance.',
    732,
    N'1. Serves 2


1 2. Adjust racks to top and middle positions and preheat oven to 450 degrees 3. Wash and dry all produce 4. Dice sweet potatoes into 1/2-inch pieces 5. Toss on a baking sheet with a drizzle of oil, salt, and pepper 6. Roast on top rack for 12 minutes (we''ll roast the zucchini then) 7. 2 8. Meanwhile, halve and core apple; thinly slice into half-moons 9. Peel and finely chop garlic 10. Quarter lemon 11. Trim and halve zucchini lengthwise; cut crosswise into 1/2-inch-thick half-moons 12. Toss on a second baking sheet with a drizzle of oil and a pinch of salt and pepper 13. Set aside 14. 3 15. Pat pork dry with paper towels and season all over with salt and pepper 16. Heat a drizzle of oil in a large pan over medium-high heat 17. Add pork and cook until browned and cooked through, 4-5 minutes per side 18. Turn off heat; transfer to a plate 19. 4 20. Once sweet potatoes have roasted 12 minutes, transfer baking sheet with zucchini to middle rack and continue roasting until both veggies are browned and softened, 12-15 minutes more 21. 5 22. Meanwhile, melt 1 TBSP butter (2 TBSP for 4 servings) in pan used for pork over medium-high heat 23. Add apple and season with salt and pepper 24. Cook, scraping up any browned bits from bottom of pan, until apple is slightly softened, 2-3 minutes 25. Add garlic; cook until fragrant, 30 seconds 26. Add 1/z cup water (3/4 cup for 4), stock concentrate, and 11/2 tsp sugar (3 tsp for 4) 27. Cook, stirring, until sauce has thickened and apple is very tender, 3-5 minutes 28. Season with salt and pepper 29. 6 30. Remove pan with apple from heat; stir in 1 TBSP butter (2 TBSP for 4 servings) and a squeeze of lemon juice 31. Divide pork, zucchini, and sweet potatoes between plates 32. Top pork with glazed apple sauce 33. Top zucchini with a squeeze of lemon juice',
    'https://www.themealdb.com/images/media/meals/h3ijwo1581013377.jpg',
    'https://www.themealdb.com/images/media/meals/h3ijwo1581013377.jpg',
    'test'
);

INSERT INTO Food_Ingredient (FoodID, Ingredient)
VALUES ('f101_0333', N'2 Potatoes');

INSERT INTO Food_Ingredient (FoodID, Ingredient)
VALUES ('f101_0333', N'1 Apples');

INSERT INTO Food_Ingredient (FoodID, Ingredient)
VALUES ('f101_0333', N'2 cloves Garlic');

INSERT INTO Food_Ingredient (FoodID, Ingredient)
VALUES ('f101_0333', N'1 Lemon');

INSERT INTO Food_Ingredient (FoodID, Ingredient)
VALUES ('f101_0333', N'2 Pork');

INSERT INTO Food_Ingredient (FoodID, Ingredient)
VALUES ('f101_0333', N'1 Zucchini');

INSERT INTO Food_Ingredient (FoodID, Ingredient)
VALUES ('f101_0333', N'1 Chicken Stock');

INSERT INTO Food_Ingredient (FoodID, Ingredient)
VALUES ('f101_0333', N'1 tbsp Vegetable Oil');

INSERT INTO Food_Ingredient (FoodID, Ingredient)
VALUES ('f101_0333', N'1 1/2 tsp Sugar');

INSERT INTO Food_Ingredient (FoodID, Ingredient)
VALUES ('f101_0333', N'2 tbsp Butter');

INSERT INTO Food (FoodID, Title, Description, Calories, Instructions, ImageURL, SourceURL, Partition)
VALUES (
    'f101_0334',
    N'Ma Po Tofu',
    N'A classic Sichuan dish with tofu and minced beef simmered in a spicy, flavorful sauce made from doubanjiang, fermented black beans, and Szechuan pepper.',
    246,
    N'1. Add a small pinch of salt and sesame oil to minced beef 2. Mix well and set aside.
Mix 1 tablespoon of cornstarch with 2 and ½ tablespoons of water in a small bowl to make water starch.
Cut tofu into square cubes (around 2cms) 3. Bring a large amount of water to a boil and then add a pinch of salt 4. Slide the tofu in and cook for 1 minute 5. Move out and drain.
Get a wok and heat up around 2 tablespoons of oil, fry the minced meat until crispy 6. Transfer out beef out and leave the oil in.
Fry doubanjiang for 1 minute over slow fire and then add garlic, scallion white, ginger and fermented black beans to cook for 30 seconds until aroma 7. Then mix pepper flakes in.
Add water to the seasonings and bring to boil over high fire 8. Gently slide the tofu cubes 9. Add light soy sauce and beef.Slow the heat after boiling and then simmer for 6-8 minutes 10. Then add chopped garlic greens.
Stir the water starch and then pour half of the mixture to the simmering pot 11. Wait for around 30 seconds and then pour the other half 12. You can slightly taste the tofu and add pinch of salt if not salty enough 13. By the way, if you feel it is too spicy, add some sugar can milder the taste 14. But be carefully as the broth is very hot at this point.
Transfer out when almost all the seasonings stick to tofu cubes 15. Sprinkle Szechuan peppercorn powder (to taste)and chopped garlic greens if using.
Serve immediately with steamed rice.',
    'https://www.themealdb.com/images/media/meals/1525874812.jpg',
    'https://www.themealdb.com/images/media/meals/1525874812.jpg',
    'test'
);

INSERT INTO Food_Ingredient (FoodID, Ingredient)
VALUES ('f101_0334', N'450g Tofu');

INSERT INTO Food_Ingredient (FoodID, Ingredient)
VALUES ('f101_0334', N'100g Minced Beef');

INSERT INTO Food_Ingredient (FoodID, Ingredient)
VALUES ('f101_0334', N'1/2 tbs Sesame Seed Oil');

INSERT INTO Food_Ingredient (FoodID, Ingredient)
VALUES ('f101_0334', N'1 1/2 tsp Doubanjiang');

INSERT INTO Food_Ingredient (FoodID, Ingredient)
VALUES ('f101_0334', N'1/2 tsp Fermented Black Beans');

INSERT INTO Food_Ingredient (FoodID, Ingredient)
VALUES ('f101_0334', N'1 tbs Pepper');

INSERT INTO Food_Ingredient (FoodID, Ingredient)
VALUES ('f101_0334', N'1/2 tsp Salt');

INSERT INTO Food_Ingredient (FoodID, Ingredient)
VALUES ('f101_0334', N'1/2 tsp Sichuan pepper');

INSERT INTO Food_Ingredient (FoodID, Ingredient)
VALUES ('f101_0334', N'1 tbs Soy Sauce');

INSERT INTO Food_Ingredient (FoodID, Ingredient)
VALUES ('f101_0334', N'400ml Water');

INSERT INTO Food_Ingredient (FoodID, Ingredient)
VALUES ('f101_0334', N'2 tbs Olive Oil');

INSERT INTO Food_Ingredient (FoodID, Ingredient)
VALUES ('f101_0334', N'2 chopped Scallions');

INSERT INTO Food_Ingredient (FoodID, Ingredient)
VALUES ('f101_0334', N'4 Spring Onions');

INSERT INTO Food_Ingredient (FoodID, Ingredient)
VALUES ('f101_0334', N'2 cloves chopped Garlic');

INSERT INTO Food_Ingredient (FoodID, Ingredient)
VALUES ('f101_0334', N'4 sliced Ginger');

INSERT INTO Food_Ingredient (FoodID, Ingredient)
VALUES ('f101_0334', N'2 1/2 tbs Water');

INSERT INTO Food_Ingredient (FoodID, Ingredient)
VALUES ('f101_0334', N'1 tbs Cornstarch');

INSERT INTO Food (FoodID, Title, Description, Calories, Instructions, ImageURL, SourceURL, Partition)
VALUES (
    'f101_0335',
    N'Chickpea Fajitas',
    N'A vibrant vegetarian take on fajitas featuring roasted chickpeas, guacamole, pickled onions, and harissa cream, served in charred corn tortillas.',
    427,
    N'1. Heat oven to 200C/180C fan/gas 6 and line a baking tray with foil 2. Drain the chickpeas, pat dry and tip onto the prepared baking tray 3. Add the oil and paprika, toss to coat, then roast for 20-25 mins until browned and crisp, shaking halfway through cooking.

Meanwhile, put the tomatoes and onion in a small bowl with the vinegar and set aside to pickle 4. Put the avocado in another bowl and mash with a fork, leaving some larger chunks 5. Stir in the lime juice and season well 6. Mix the soured cream with the harissa and set aside until ready to serve.

Heat a griddle pan until nearly smoking 7. Add the tortillas , one at a time, charring each side until hot with griddle lines 8. Put everything on the table and build the fajitas : spread a little of the harissa cream over the tortilla, top with roasted chickpeas, guacamole, pickled salsa and coriander, if you like 9. Serve with the lime wedges for squeezing over.',
    'https://www.themealdb.com/images/media/meals/tvtxpq1511464705.jpg',
    'https://www.themealdb.com/images/media/meals/tvtxpq1511464705.jpg',
    'test'
);

INSERT INTO Food_Ingredient (FoodID, Ingredient)
VALUES ('f101_0335', N'400g Chickpeas');

INSERT INTO Food_Ingredient (FoodID, Ingredient)
VALUES ('f101_0335', N'1 tblsp Olive Oil');

INSERT INTO Food_Ingredient (FoodID, Ingredient)
VALUES ('f101_0335', N'pinch Paprika');

INSERT INTO Food_Ingredient (FoodID, Ingredient)
VALUES ('f101_0335', N'2 small cut chunks Tomatoes');

INSERT INTO Food_Ingredient (FoodID, Ingredient)
VALUES ('f101_0335', N'1 finely sliced Red Onions');

INSERT INTO Food_Ingredient (FoodID, Ingredient)
VALUES ('f101_0335', N'2 tsp Red Wine Vinegar');

INSERT INTO Food_Ingredient (FoodID, Ingredient)
VALUES ('f101_0335', N'1 Avocado');

INSERT INTO Food_Ingredient (FoodID, Ingredient)
VALUES ('f101_0335', N'Juice of 1 Lime');

INSERT INTO Food_Ingredient (FoodID, Ingredient)
VALUES ('f101_0335', N'Chopped Lime');

INSERT INTO Food_Ingredient (FoodID, Ingredient)
VALUES ('f101_0335', N'100g Sour Cream');

INSERT INTO Food_Ingredient (FoodID, Ingredient)
VALUES ('f101_0335', N'2 tsp Harissa Spice');

INSERT INTO Food_Ingredient (FoodID, Ingredient)
VALUES ('f101_0335', N'4 Corn Tortillas');

INSERT INTO Food_Ingredient (FoodID, Ingredient)
VALUES ('f101_0335', N'to serve Coriander');

INSERT INTO Food (FoodID, Title, Description, Calories, Instructions, ImageURL, SourceURL, Partition)
VALUES (
    'f101_0336',
    N'Stovetop Eggplant With Harissa, Chickpeas, and Cumin Yogurt',
    N'A warm and smoky dish where eggplants are sautéed and served with harissa-spiced chickpeas, blistered tomatoes, and cooling cumin yogurt.',
    419,
    N'1. Heat the oil in a 12-inch skillet over high heat until shimmering 2. Add the eggplants and lower the heat to medium 3. Season with salt and pepper as you rotate the eggplants, browning them on all sides 4. Continue to cook, turning regularly, until a fork inserted into the eggplant meets no resistance (you may have to stand them up on their fat end to finish cooking the thickest parts), about 20 minutes, lowering the heat and sprinkling water into the pan as necessary if the eggplants threaten to burn or smoke excessively.

2.
Mix the harissa, chickpeas and tomatoes together, then add to the eggplants 5. Cook until the tomatoes have blistered and broken down, about 5 minutes more 6. Season with salt and pepper and add water as necessary to thin to a saucy consistency 7. Meanwhile, combine the yogurt and cumin in a serving bowl 8. Season with salt and pepper.

3.
Top the eggplant mixture with the parsley, drizzle with more extra virgin olive oil, and serve with the yogurt on the side.',
    'https://www.themealdb.com/images/media/meals/yqwtvu1487426027.jpg',
    'https://www.themealdb.com/images/media/meals/yqwtvu1487426027.jpg',
    'test'
);

INSERT INTO Food_Ingredient (FoodID, Ingredient)
VALUES ('f101_0336', N'4 tablespoons Olive Oil');

INSERT INTO Food_Ingredient (FoodID, Ingredient)
VALUES ('f101_0336', N'6 small Egg Plants');

INSERT INTO Food_Ingredient (FoodID, Ingredient)
VALUES ('f101_0336', N'½ tablespoon Harissa Spice');

INSERT INTO Food_Ingredient (FoodID, Ingredient)
VALUES ('f101_0336', N'1 can Chickpeas');

INSERT INTO Food_Ingredient (FoodID, Ingredient)
VALUES ('f101_0336', N'2 cups halved Cherry Tomatoes');

INSERT INTO Food_Ingredient (FoodID, Ingredient)
VALUES ('f101_0336', N'1 1/2 cups Greek yogurt');

INSERT INTO Food_Ingredient (FoodID, Ingredient)
VALUES ('f101_0336', N'1 tablespoon Ground cumin');

INSERT INTO Food_Ingredient (FoodID, Ingredient)
VALUES ('f101_0336', N'½ cup Parsley');

INSERT INTO Food (FoodID, Title, Description, Calories, Instructions, ImageURL, SourceURL, Partition)
VALUES (
    'f101_0337',
    N'Tahini Lentils',
    N'A healthy plant-based stir-fry of lentils and mixed vegetables tossed in a creamy tahini-lemon dressing, perfect for a quick and nourishing meal.',
    263,
    N'1. In a jug, mix the tahini with the zest and juice of the lemon and 50ml of cold water to make a runny dressing 2. Season to taste, then set aside.
Heat the oil in a wok or large frying pan over a medium-high heat 3. Add the red onion, along with a pinch of salt, and fry for 2 mins until starting to soften and colour 4. Add the garlic, pepper, green beans and courgette and fry for 5 min, stirring frequently.
Tip in the kale, lentils and the tahini dressing 5. Keep the pan on the heat for a couple of mins, stirring everything together until the kale is wilted and it’s all coated in the creamy dressing.',
    'https://www.themealdb.com/images/media/meals/vpxyqt1511464175.jpg',
    'https://www.themealdb.com/images/media/meals/vpxyqt1511464175.jpg',
    'test'
);

INSERT INTO Food_Ingredient (FoodID, Ingredient)
VALUES ('f101_0337', N'50g Tahini');

INSERT INTO Food_Ingredient (FoodID, Ingredient)
VALUES ('f101_0337', N'zest and juice of 1 Lemon');

INSERT INTO Food_Ingredient (FoodID, Ingredient)
VALUES ('f101_0337', N'2 tblsp Olive Oil');

INSERT INTO Food_Ingredient (FoodID, Ingredient)
VALUES ('f101_0337', N'1 chopped Red Onions');

INSERT INTO Food_Ingredient (FoodID, Ingredient)
VALUES ('f101_0337', N'1 clove peeled crushed Garlic');

INSERT INTO Food_Ingredient (FoodID, Ingredient)
VALUES ('f101_0337', N'1 thinly sliced Yellow Pepper');

INSERT INTO Food_Ingredient (FoodID, Ingredient)
VALUES ('f101_0337', N'200g Green Beans');

INSERT INTO Food_Ingredient (FoodID, Ingredient)
VALUES ('f101_0337', N'1 sliced Courgettes');

INSERT INTO Food_Ingredient (FoodID, Ingredient)
VALUES ('f101_0337', N'100g shredded Kale');

INSERT INTO Food_Ingredient (FoodID, Ingredient)
VALUES ('f101_0337', N'250g pack Lentils');

INSERT INTO Food (FoodID, Title, Description, Calories, Instructions, ImageURL, SourceURL, Partition)
VALUES (
    'f101_0338',
    N'Smoky Lentil Chili with Squash',
    N'A rich and comforting chili made with lentils, roasted squash, and warming spices, served with a tangy cashew cream for a plant-based delight.',
    546,
    N'1. Begin by roasting the squash 2. Slice it into thin crescents and drizzle with a little oil and sprinkle with sea salt 3. I added a fresh little sage I had in the fridge, but it’s unnecessary 4. Roast the squash a 205 C (400 F) for 20-30 minutes, flipping halfway through, until soft and golden 5. Let cool and chop into cubes.
Meanwhile, rinse the lentils and cover them with water 6. Bring them to the boil then turn down to a simmer and let cook (uncovered) for 20-30 minutes, or until tender 7. Drain and set aside.
While the lentils are cooking heat the 1 Tbsp 8. of oil on low in a medium pot 9. Add the onions and leeks and sauté for 5 or so minutes, or until they begin to soften 10. Add the garlic next along with the cumin and coriander, cooking for a few more minutes 11. Add the remaining spices – paprika, cinnamon, chilli, cocoa, Worcestershire sauce, salt, and oregano 12. Next add the can of tomatoes, the water or stock, and carrots 13. Let simmer, covered, for 20 minutes or until the veg is tender and the mixture has thickened up 14. You’ll need to check on the pot periodically for a stir and a top of of liquid if needed.
Add the lentils and chopped roasted squash 15. Let cook for 10 more minutes to heat through.
Serve with sliced jalapeno, lime wedges, cilantro, green onions, and cashew sour cream.

SIMPLE CASHEW SOUR CREAM

1 Cup Raw Unsalted Cashews
Pinch Sea Salt
1 tsp 16. Apple Cider Vinegar
Water

Bring some water to the boil, and use it to soak the cashews for at least four hours 17. Alternatively, you can use cold water and let the cashews soak overnight, but I’m forgetful/lazy, so often use the boil method which is much faster.
After the cashews have soaked, drain them and add to a high speed blender 18. Begin to puree, slowly adding about 1/2 cup fresh water, until a creamy consistency is reached 19. You may need to add less or more water to reach the desired consistency.
Add a pinch of sea salt and vinegar (or lemon juice).',
    'https://www.themealdb.com/images/media/meals/uwxqwy1483389553.jpg',
    'https://www.themealdb.com/images/media/meals/uwxqwy1483389553.jpg',
    'test'
);

INSERT INTO Food_Ingredient (FoodID, Ingredient)
VALUES ('f101_0338', N'1 tbls Olive Oil');

INSERT INTO Food_Ingredient (FoodID, Ingredient)
VALUES ('f101_0338', N'1 Onion');

INSERT INTO Food_Ingredient (FoodID, Ingredient)
VALUES ('f101_0338', N'1 chopped Leek');

INSERT INTO Food_Ingredient (FoodID, Ingredient)
VALUES ('f101_0338', N'3 cloves Garlic');

INSERT INTO Food_Ingredient (FoodID, Ingredient)
VALUES ('f101_0338', N'4 tsp ground Cumin');

INSERT INTO Food_Ingredient (FoodID, Ingredient)
VALUES ('f101_0338', N'2 tsp ground Coriander');

INSERT INTO Food_Ingredient (FoodID, Ingredient)
VALUES ('f101_0338', N'1 tsp Smoked Paprika');

INSERT INTO Food_Ingredient (FoodID, Ingredient)
VALUES ('f101_0338', N'1/2 tsp Cinnamon');

INSERT INTO Food_Ingredient (FoodID, Ingredient)
VALUES ('f101_0338', N'1 tsp Chili Powder');

INSERT INTO Food_Ingredient (FoodID, Ingredient)
VALUES ('f101_0338', N'1 tsp Cocoa');

INSERT INTO Food_Ingredient (FoodID, Ingredient)
VALUES ('f101_0338', N'1/2 tsp Dried Oregano');

INSERT INTO Food_Ingredient (FoodID, Ingredient)
VALUES ('f101_0338', N'1 can Diced Tomatoes');

INSERT INTO Food_Ingredient (FoodID, Ingredient)
VALUES ('f101_0338', N'3 cups Water');

INSERT INTO Food_Ingredient (FoodID, Ingredient)
VALUES ('f101_0338', N'3 chopped Carrots');

INSERT INTO Food_Ingredient (FoodID, Ingredient)
VALUES ('f101_0338', N'1 1/2 cups Brown Lentils');

INSERT INTO Food_Ingredient (FoodID, Ingredient)
VALUES ('f101_0338', N'1 tsp Sea Salt');

INSERT INTO Food_Ingredient (FoodID, Ingredient)
VALUES ('f101_0338', N'1 Small Squash');

INSERT INTO Food_Ingredient (FoodID, Ingredient)
VALUES ('f101_0338', N'1 Cup Cashews');

INSERT INTO Food_Ingredient (FoodID, Ingredient)
VALUES ('f101_0338', N'1 tsp Apple Cider Vinegar');

INSERT INTO Food (FoodID, Title, Description, Calories, Instructions, ImageURL, SourceURL, Partition)
VALUES (
    'f101_0339',
    N'French Lentils With Garlic and Thyme',
    N'Earthy French green lentils simmered with aromatic vegetables, garlic, and herbs, ideal as a hearty main or rustic side dish.',
    514,
    N'1. Place a large saucepan over medium heat and add oil 2. When hot, add chopped vegetables and sauté until softened, 5 to 10 minutes.
Add 6 cups water, lentils, thyme, bay leaves and salt 3. Bring to a boil, then reduce to a fast simmer.
Simmer lentils until they are tender and have absorbed most of the water, 20 to 25 minutes 4. If necessary, drain any excess water after lentils have cooked 5. Serve immediately, or allow them to cool and reheat later.
For a fuller taste, use some chicken stock and reduce the water by the same amount.',
    'https://www.themealdb.com/images/media/meals/vwwspt1487394060.jpg',
    'https://www.themealdb.com/images/media/meals/vwwspt1487394060.jpg',
    'test'
);

INSERT INTO Food_Ingredient (FoodID, Ingredient)
VALUES ('f101_0339', N'3 tablespoons Olive Oil');

INSERT INTO Food_Ingredient (FoodID, Ingredient)
VALUES ('f101_0339', N'1 Onion');

INSERT INTO Food_Ingredient (FoodID, Ingredient)
VALUES ('f101_0339', N'2 cloves Garlic');

INSERT INTO Food_Ingredient (FoodID, Ingredient)
VALUES ('f101_0339', N'1 Carrots');

INSERT INTO Food_Ingredient (FoodID, Ingredient)
VALUES ('f101_0339', N'2 1/4 cups French Lentils');

INSERT INTO Food_Ingredient (FoodID, Ingredient)
VALUES ('f101_0339', N'1 teaspoon Thyme');

INSERT INTO Food_Ingredient (FoodID, Ingredient)
VALUES ('f101_0339', N'3 Bay Leaf');

INSERT INTO Food_Ingredient (FoodID, Ingredient)
VALUES ('f101_0339', N'1 tablespoon Salt');

INSERT INTO Food_Ingredient (FoodID, Ingredient)
VALUES ('f101_0339', N'2 sticks Celery');

INSERT INTO Food (FoodID, Title, Description, Calories, Instructions, ImageURL, SourceURL, Partition)
VALUES (
    'f101_0340',
    N'Roasted Eggplant With Tahini, Pine Nuts, and Lentils',
    N'An elegant vegetarian main featuring roasted eggplant halves served over herbed lentils, topped with tahini sauce, toasted pine nuts, and fresh parsley.',
    649,
    N'1. For the Lentils: Adjust oven rack to center position and preheat oven to 450°F to prepare for roasting eggplant 2. Meanwhile, heat 2 tablespoons olive oil in a medium saucepan over medium heat until shimmering 3. Add carrots, celery, and onion and cook, stirring, until softened but not browned, about 4 minutes 4. Add garlic and cook, stirring, until fragrant, about 30 seconds 5. Add lentils, bay leaves, stock or water, and a pinch of salt 6. Bring to a simmer, cover with the lid partially ajar, and cook until lentils are tender, about 30 minutes 7. (Top up with water if lentils are at any point not fully submerged.) Remove lid, stir in vinegar, and reduce until lentils are moist but not soupy 8. Season to taste with salt and pepper, cover, and keep warm until ready to serve.

2.
For the Eggplant: While lentils cook, cut each eggplant in half 9. Score flesh with the tip of a paring knife in a cross-hatch pattern at 1-inch intervals 10. Transfer to a foil-lined rimmed baking sheet, cut side up, and brush each eggplant half with 1 tablespoon oil, letting each brushstroke be fully absorbed before brushing with more 11. Season with salt and pepper 12. Place a rosemary sprig on top of each one 13. Transfer to oven and roast until completely tender and well charred, 25 to 35 minutes 14. Remove from oven and discard rosemary.

3.
To Serve: Heat 2 tablespoons olive oil and pine nuts in a medium skillet set over medium heat 15. Cook, tossing nuts frequently, until golden brown and aromatic, about 4 minutes 16. Transfer to a bowl to halt cooking 17. Stir half of parsley and rosemary into lentils and transfer to a serving platter 18. Arrange eggplant halves on top 19. Spread a few tablespoons of tahini sauce over each eggplant half and sprinkle with pine nuts 20. Sprinkle with remaining parsley and rosemary, drizzle with additional olive oil, and serve.',
    'https://www.themealdb.com/images/media/meals/ysqrus1487425681.jpg',
    'https://www.themealdb.com/images/media/meals/ysqrus1487425681.jpg',
    'test'
);

INSERT INTO Food_Ingredient (FoodID, Ingredient)
VALUES ('f101_0340', N'2 tablespoons Olive Oil');

INSERT INTO Food_Ingredient (FoodID, Ingredient)
VALUES ('f101_0340', N'2 small cut into chunks Carrots');

INSERT INTO Food_Ingredient (FoodID, Ingredient)
VALUES ('f101_0340', N'2 small stalks Celery');

INSERT INTO Food_Ingredient (FoodID, Ingredient)
VALUES ('f101_0340', N'1 medium finely diced Onion');

INSERT INTO Food_Ingredient (FoodID, Ingredient)
VALUES ('f101_0340', N'6 medium cloves sliced Garlic');

INSERT INTO Food_Ingredient (FoodID, Ingredient)
VALUES ('f101_0340', N'12 ounces (340g) Brown Lentils');

INSERT INTO Food_Ingredient (FoodID, Ingredient)
VALUES ('f101_0340', N'2 Bay Leaves');

INSERT INTO Food_Ingredient (FoodID, Ingredient)
VALUES ('f101_0340', N'4 cups Water');

INSERT INTO Food_Ingredient (FoodID, Ingredient)
VALUES ('f101_0340', N'Pinch Salt');

INSERT INTO Food_Ingredient (FoodID, Ingredient)
VALUES ('f101_0340', N'2 teaspoons (10ml) Apple Cider Vinegar');

INSERT INTO Food_Ingredient (FoodID, Ingredient)
VALUES ('f101_0340', N'Pinch Pepper');

INSERT INTO Food_Ingredient (FoodID, Ingredient)
VALUES ('f101_0340', N'2 large Egg Plants');

INSERT INTO Food_Ingredient (FoodID, Ingredient)
VALUES ('f101_0340', N'4 sprigs Rosemary');

INSERT INTO Food_Ingredient (FoodID, Ingredient)
VALUES ('f101_0340', N'1/4 cup Pine nuts');

INSERT INTO Food_Ingredient (FoodID, Ingredient)
VALUES ('f101_0340', N'2 tablespoons Parsley');

INSERT INTO Food (FoodID, Title, Description, Calories, Instructions, ImageURL, SourceURL, Partition)
VALUES (
    'f101_0341',
    N'Cabbage Soup (Shchi)',
    N'A traditional Russian soup made with cabbage, potatoes, carrots, and tomatoes, simmered in vegetable stock and served with a dollop of sour cream and dill.',
    281,
    N'1. Add the butter to a large Dutch oven or other heavy-duty pot over medium heat 2. When the butter has melted, add the onion and sauté until translucent.
Add the cabbage, carrot, and celery 3. Sauté until the vegetables begin to soften, stirring frequently, about 3 minutes.
Add the bay leaf and vegetable stock and bring to a boil over high heat 4. Reduce the heat to low and simmer, covered, until the vegetables are crisp-tender, about 15 minutes.
Add the potatoes and bring it back to a boil over high heat 5. Reduce the heat to low and simmer, covered, until the potatoes are tender, about 10 minutes.
Add the tomatoes (or undrained canned tomatoes) and bring the soup back to a boil over high heat 6. Reduce the heat to low and simmer, uncovered, for 5 minutes 7. Season to taste with salt and pepper.
emove and discard the bay leaf from the pot.
Serve topped with fresh sour cream and fresh dill.',
    'https://www.themealdb.com/images/media/meals/60oc3k1699009846.jpg',
    'https://www.themealdb.com/images/media/meals/60oc3k1699009846.jpg',
    'test'
);

INSERT INTO Food_Ingredient (FoodID, Ingredient)
VALUES ('f101_0341', N'3 tbs Unsalted Butter');

INSERT INTO Food_Ingredient (FoodID, Ingredient)
VALUES ('f101_0341', N'1 large Onion');

INSERT INTO Food_Ingredient (FoodID, Ingredient)
VALUES ('f101_0341', N'1 medium Cabbage');

INSERT INTO Food_Ingredient (FoodID, Ingredient)
VALUES ('f101_0341', N'1 Carrots');

INSERT INTO Food_Ingredient (FoodID, Ingredient)
VALUES ('f101_0341', N'1 Celery');

INSERT INTO Food_Ingredient (FoodID, Ingredient)
VALUES ('f101_0341', N'1 Bay Leaf');

INSERT INTO Food_Ingredient (FoodID, Ingredient)
VALUES ('f101_0341', N'8 cups Vegetable Stock');

INSERT INTO Food_Ingredient (FoodID, Ingredient)
VALUES ('f101_0341', N'2 large Potatoes');

INSERT INTO Food_Ingredient (FoodID, Ingredient)
VALUES ('f101_0341', N'2 large Tomatoes');

INSERT INTO Food_Ingredient (FoodID, Ingredient)
VALUES ('f101_0341', N'Garnish Sour Cream');

INSERT INTO Food_Ingredient (FoodID, Ingredient)
VALUES ('f101_0341', N'Garnish Dill');

INSERT INTO Food (FoodID, Title, Description, Calories, Instructions, ImageURL, SourceURL, Partition)
VALUES (
    'f101_0342',
    N'Golabki (cabbage roll)',
    N'A beloved Polish dish consisting of cabbage leaves wrapped around a savory filling of ground meat and rice, baked in a rich tomato sauce.',
    450,
    N'1. Bring a large pot of lightly salted water to a boil 2. Place cabbage head into water, cover pot, and cook until cabbage leaves are slightly softened enough to remove from head, 3 minutes 3. Remove cabbage from pot and let cabbage sit until leaves are cool enough to handle, about 10 minutes.

Remove 18 whole leaves from the cabbage head, cutting out any thick tough center ribs 4. Set whole leaves aside 5. Chop the remainder of the cabbage head and spread it in the bottom of a casserole dish.

Melt butter in a large skillet over medium-high heat 6. Cook and stir onion in hot butter until tender, 5 to 10 minutes 7. Cool.

Stir onion, beef, pork, rice, garlic, 1 teaspoon salt, and 1/4 teaspoon pepper together in a large bowl.

Preheat oven to 350 degrees F (175 degrees C).

Place about 1/2 cup beef mixture on a cabbage leaf 8. Roll cabbage around beef mixture, tucking in sides to create an envelope around the meat 9. Repeat with remaining leaves and meat mixture 10. Place cabbage rolls in a layer atop the chopped cabbage in the casserole dish; season rolls with salt and black pepper.

Whisk tomato soup, tomato juice, and ketchup together in a bowl 11. Pour tomato soup mixture over cabbage rolls and cover dish wish aluminum foil.

Bake in the preheated oven until cabbage is tender and meat is cooked through, about 1 hour.',
    'https://www.themealdb.com/images/media/meals/q8sp3j1593349686.jpg',
    'https://www.themealdb.com/images/media/meals/q8sp3j1593349686.jpg',
    'test'
);

INSERT INTO Food_Ingredient (FoodID, Ingredient)
VALUES ('f101_0342', N'1 Cabbage');

INSERT INTO Food_Ingredient (FoodID, Ingredient)
VALUES ('f101_0342', N'2 tbs Butter');

INSERT INTO Food_Ingredient (FoodID, Ingredient)
VALUES ('f101_0342', N'1 chopped Onion');

INSERT INTO Food_Ingredient (FoodID, Ingredient)
VALUES ('f101_0342', N'1 lb Ground Beef');

INSERT INTO Food_Ingredient (FoodID, Ingredient)
VALUES ('f101_0342', N'1/2 lb Ground Pork');

INSERT INTO Food_Ingredient (FoodID, Ingredient)
VALUES ('f101_0342', N'1 1/2 cups Rice');

INSERT INTO Food_Ingredient (FoodID, Ingredient)
VALUES ('f101_0342', N'1 tsp Garlic');

INSERT INTO Food_Ingredient (FoodID, Ingredient)
VALUES ('f101_0342', N'1 tsp Salt');

INSERT INTO Food_Ingredient (FoodID, Ingredient)
VALUES ('f101_0342', N'1/4 tsp Black Pepper');

INSERT INTO Food_Ingredient (FoodID, Ingredient)
VALUES ('f101_0342', N'3 cans Tomato Puree');

INSERT INTO Food (FoodID, Title, Description, Calories, Instructions, ImageURL, SourceURL, Partition)
VALUES (
    'f101_0343',
    N'Corned Beef and Cabbage',
    N'A classic Irish-American dish where corned beef brisket is simmered with potatoes, carrots, and cabbage for a hearty and flavorful meal.',
    600,
    N'1. 1

Place corned beef in large pot or Dutch oven and cover with water 2. Add the spice packet that came with the corned beef 3. Cover pot and bring to a boil, then reduce to a simmer 4. Simmer approximately 50 minutes per pound or until tender.

2

Add whole potatoes and peeled and cut carrots, and cook until the vegetables are almost tender 5. Add cabbage and cook for 15 more minutes 6. Remove meat and let rest 15 minutes.

3

Place vegetables in a bowl and cover 7. Add as much broth (cooking liquid reserved in the Dutch oven or large pot) as you want 8. Slice meat across the grain.',
    'https://www.themealdb.com/images/media/meals/xb97a81583266727.jpg',
    'https://www.themealdb.com/images/media/meals/xb97a81583266727.jpg',
    'test'
);

INSERT INTO Food_Ingredient (FoodID, Ingredient)
VALUES ('f101_0343', N'3 Lbs Beef Brisket');

INSERT INTO Food_Ingredient (FoodID, Ingredient)
VALUES ('f101_0343', N'10 Small Potatoes');

INSERT INTO Food_Ingredient (FoodID, Ingredient)
VALUES ('f101_0343', N'5 Carrots');

INSERT INTO Food_Ingredient (FoodID, Ingredient)
VALUES ('f101_0343', N'1 head Cabbage');

INSERT INTO Food (FoodID, Title, Description, Calories, Instructions, ImageURL, SourceURL, Partition)
VALUES (
    'f101_0344',
    N'Pumpkin Pie',
    N'A sweet, spiced dessert made with creamy pumpkin filling in a shortcrust pastry shell, traditionally enjoyed during autumn and holiday seasons.',
    350,
    N'1. Place the pumpkin in a large saucepan, cover with water and bring to the boil 2. Cover with a lid and simmer for 15 mins or until tender 3. Drain pumpkin; let cool.
Heat oven to 180C/160C fan/gas 4 4. Roll out the pastry on a lightly floured surface and use it to line a 22cm loose-bottomed tart tin 5. Chill for 15 mins 6. Line the pastry with baking parchment and baking beans, then bake for 15 mins 7. Remove the beans and paper, and cook for a further 10 mins until the base is pale golden and biscuity 8. Remove from the oven and allow to cool slightly.
Increase oven to 220C/200C fan/gas 7 9. Push the cooled pumpkin through a sieve into a large bowl 10. In a separate bowl, combine the sugar, salt, nutmeg and half the cinnamon 11. Mix in the beaten eggs, melted butter and milk, then add to the pumpkin purée and stir to combine 12. Pour into the tart shell and cook for 10 mins, then reduce the temperature to 180C/160C fan/gas 4 13. Continue to bake for 35-40 mins until the filling has just set.
Leave to cool, then remove the pie from the tin 14. Mix the remaining cinnamon with the icing sugar and dust over the pie 15. Serve chilled.',
    'https://www.themealdb.com/images/media/meals/usuqtp1511385394.jpg',
    'https://www.themealdb.com/images/media/meals/usuqtp1511385394.jpg',
    'test'
);

INSERT INTO Food_Ingredient (FoodID, Ingredient)
VALUES ('f101_0344', N'750g Pumpkin');

INSERT INTO Food_Ingredient (FoodID, Ingredient)
VALUES ('f101_0344', N'350g Shortcrust Pastry');

INSERT INTO Food_Ingredient (FoodID, Ingredient)
VALUES ('f101_0344', N'Dusting Plain Flour');

INSERT INTO Food_Ingredient (FoodID, Ingredient)
VALUES ('f101_0344', N'140g Caster Sugar');

INSERT INTO Food_Ingredient (FoodID, Ingredient)
VALUES ('f101_0344', N'½ tsp Salt');

INSERT INTO Food_Ingredient (FoodID, Ingredient)
VALUES ('f101_0344', N'½ tsp Nutmeg');

INSERT INTO Food_Ingredient (FoodID, Ingredient)
VALUES ('f101_0344', N'1 tsp Cinnamon');

INSERT INTO Food_Ingredient (FoodID, Ingredient)
VALUES ('f101_0344', N'2 Beaten Eggs');

INSERT INTO Food_Ingredient (FoodID, Ingredient)
VALUES ('f101_0344', N'25g Butter');

INSERT INTO Food_Ingredient (FoodID, Ingredient)
VALUES ('f101_0344', N'175g Milk');

INSERT INTO Food_Ingredient (FoodID, Ingredient)
VALUES ('f101_0344', N'1 tblsp Icing Sugar');

INSERT INTO Food (FoodID, Title, Description, Calories, Instructions, ImageURL, SourceURL, Partition)
VALUES (
    'f101_0346',
    N'Grilled eggplant with coconut milk',
    N'A smoky and creamy dish of grilled eggplants soaked in a tangy coconut milk sauce, topped with green onions and red pepper flakes.',
    200,
    N'1. Prepare the eggplants for grilling by pricking them all over with a fork 2. This is so it won’t burst during the grilling process as the natural water in it heats up.
2 3. Grill the eggplants, turning them over frequently to ensure even cooking 4. Grill until the skins are dark brown, even black and the eggplant is soft when you touch it.
3 5. Soak the grilled eggplant in a bowl of water to cool it down 6. Peel the skin off the eggplant 7. Place the whole eggplants in a shallow dish (my mom actually cuts the eggplant into small, bite-sized pieces).
 4 8. In a small mixing bowl, mix together the coconut milk or cream, lemon powder, salt and hot pepper 9. Mix until the lemon powder and salt dissolve 10. Taste, then adjust the amount of lemon powder, salt and hot pepper to your liking 11. Pour the mixture over the eggplant 12. Sprinkle the green onions over the eggplant and coconut milk 13. Stir gently to combine',
    'https://www.themealdb.com/images/media/meals/bopa2i1683209167.jpg',
    'https://www.themealdb.com/images/media/meals/bopa2i1683209167.jpg',
    'test'
);

INSERT INTO Food_Ingredient (FoodID, Ingredient)
VALUES ('f101_0346', N'6 Egg Plants');

INSERT INTO Food_Ingredient (FoodID, Ingredient)
VALUES ('f101_0346', N'1 can Coconut Milk');

INSERT INTO Food_Ingredient (FoodID, Ingredient)
VALUES ('f101_0346', N'1 tbs Lemon Juice');

INSERT INTO Food_Ingredient (FoodID, Ingredient)
VALUES ('f101_0346', N'1 tsp Salt');

INSERT INTO Food_Ingredient (FoodID, Ingredient)
VALUES ('f101_0346', N'To taste Red Pepper Flakes');

INSERT INTO Food_Ingredient (FoodID, Ingredient)
VALUES ('f101_0346', N'4 Sticks Onions');

INSERT INTO Food (FoodID, Title, Description, Calories, Instructions, ImageURL, SourceURL, Partition)
VALUES (
    'f101_0347',
    N'Croatian lamb peka',
    N'A traditional Croatian dish of lamb, vegetables, and herbs slowly baked under a bell-like dome, known for its rustic flavors and tender texture.',
    550,
    N'1. Preheat oven to 200°C fan / 220°C / 425°F / Gas mark 7
If you have not bought diced lamb, cut your lamb shoulder or leg into large chunks and place to one side.
Chunks of chopped lamb of a red chopping board
Make oil marinade -
Mix 80ml of olive oil in a bowl with garlic puree, sundried tomato puree ,black pepper and salt.
olive oil, gia sundried tomato puree and gia garlic puree and black pepper mixed together in a silver bowl to make Croatian peka
Add potatoes and vegetables into a large lidded casserole dish.
Chopped up vegetables which consist of chopped up red onion, courgette, potatoes red peppers in a cast iron pan
Place diced lamb on top of the vegetables, pour the marinade and wine over the top.
Chunks of lamb covered in in a sundried tomato oil sauce which is on top of chopped red onion, aubergine, courgette and potatoes in a cast iron pan
Add the rosemary, thyme and sage, trying to keep the herbs on top.
So you can easily remove the herb stalks once cooked.
Chunks of lamb coated in a sundried tomato oil sauce and covered with thyme, rosemary and sage which is on top of chopped red onion, aubergine, courgette and potatoes in a cast iron pan
Place lid on the casserole dish and cook for 1hr 30 minute
If you do not have a lid cover very well with kitchen foil
Cast iron dish with lid on in the oven
Take the lid off, remove any thick herb stems 2. Stir in 2 tbsp of olive oil.
Cook for a further 20-30 mins.
Cooked Croatian Lamb Peka in a cast iron pan in the oven
Serve with fresh homemade bread to dip into the juices.',
    'https://www.themealdb.com/images/media/meals/pn59o51628769837.jpg',
    'https://www.themealdb.com/images/media/meals/pn59o51628769837.jpg',
    'test'
);

INSERT INTO Food_Ingredient (FoodID, Ingredient)
VALUES ('f101_0347', N'600g Potatoes');

INSERT INTO Food_Ingredient (FoodID, Ingredient)
VALUES ('f101_0347', N'1 chopped Courgettes');

INSERT INTO Food_Ingredient (FoodID, Ingredient)
VALUES ('f101_0347', N'1 chopped Carrots');

INSERT INTO Food_Ingredient (FoodID, Ingredient)
VALUES ('f101_0347', N'1 chopped Green Pepper');

INSERT INTO Food_Ingredient (FoodID, Ingredient)
VALUES ('f101_0347', N'1 small Aubergine');

INSERT INTO Food_Ingredient (FoodID, Ingredient)
VALUES ('f101_0347', N'1 Large Chopped Onion');

INSERT INTO Food_Ingredient (FoodID, Ingredient)
VALUES ('f101_0347', N'800g Lamb Shoulder');

INSERT INTO Food_Ingredient (FoodID, Ingredient)
VALUES ('f101_0347', N'1 tbs Garlic Sauce');

INSERT INTO Food_Ingredient (FoodID, Ingredient)
VALUES ('f101_0347', N'1 tbs Tomato Puree');

INSERT INTO Food_Ingredient (FoodID, Ingredient)
VALUES ('f101_0347', N'80 ml Olive Oil');

INSERT INTO Food_Ingredient (FoodID, Ingredient)
VALUES ('f101_0347', N'Sprinking Thyme');

INSERT INTO Food_Ingredient (FoodID, Ingredient)
VALUES ('f101_0347', N'250ml White Wine');

INSERT INTO Food_Ingredient (FoodID, Ingredient)
VALUES ('f101_0347', N'Pinch Pepper');

INSERT INTO Food (FoodID, Title, Description, Calories, Instructions, ImageURL, SourceURL, Partition)
VALUES (
    'f101_0348',
    N'Croatian Bean Stew',
    N'A hearty stew made with white beans, vegetables, and spicy chorizo, popular in Croatian cuisine for its rich flavor and comforting warmth.',
    400,
    N'1. Heat the oil in a pan 2. Add the chopped vegetables and sauté until tender 3. Take a pot, empty the beans together with the vegetables into it, put the sausages inside and cook for further 20 minutes on a low heat 4. Or, put it in an oven and bake it at a temperature of 180ºC/350ºF for 30 minutes 5. This dish is even better reheated the next day.',
    'https://www.themealdb.com/images/media/meals/tnwy8m1628770384.jpg',
    'https://www.themealdb.com/images/media/meals/tnwy8m1628770384.jpg',
    'test'
);

INSERT INTO Food_Ingredient (FoodID, Ingredient)
VALUES ('f101_0348', N'2 cans Cannellini Beans');

INSERT INTO Food_Ingredient (FoodID, Ingredient)
VALUES ('f101_0348', N'3 tbs Vegetable Oil');

INSERT INTO Food_Ingredient (FoodID, Ingredient)
VALUES ('f101_0348', N'2 cups Tomatoes');

INSERT INTO Food_Ingredient (FoodID, Ingredient)
VALUES ('f101_0348', N'5 Challots');

INSERT INTO Food_Ingredient (FoodID, Ingredient)
VALUES ('f101_0348', N'2 cloves Garlic');

INSERT INTO Food_Ingredient (FoodID, Ingredient)
VALUES ('f101_0348', N'Pinch Parsley');

INSERT INTO Food_Ingredient (FoodID, Ingredient)
VALUES ('f101_0348', N'1/2 kg chopped Chorizo');

INSERT INTO Food (FoodID, Title, Description, Calories, Instructions, ImageURL, SourceURL, Partition)
VALUES (
    'f101_0349',
    N'Mbuzi Choma (Roasted Goat)',
    N'A Kenyan specialty of goat meat roasted over open fire, served with ugali (cornmeal porridge) and a fresh tomato-onion salad called kachumbari.',
    500,
    N'1. 1 2. Steps for the Meat: 
 Roast meat over medium heat for 50 minutes and salt it as you turn it.

2 3. Steps for Ugali:
Bring the water and salt to a boil in a heavy-bottomed saucepan 4. Stir in the cornmeal slowly, letting it fall through the fingers of your hand.

3 5. Reduce heat to medium-low and continue stirring regularly, smashing any lumps with a spoon, until the mush pulls away from the sides of the pot and becomes very thick, about 10 minutes.

4.Remove from heat and allow to cool.

5 6. Place the ugali into a large serving bowl 7. Wet your hands with water, form a ball and serve.

6 8. Steps for Kachumbari: Mix the tomatoes, onions, chili and coriander leaves in a bowl.

7 9. Serve and enjoy!',
    'https://www.themealdb.com/images/media/meals/cuio7s1555492979.jpg',
    'https://www.themealdb.com/images/media/meals/cuio7s1555492979.jpg',
    'test'
);

INSERT INTO Food_Ingredient (FoodID, Ingredient)
VALUES ('f101_0349', N'1 kg Goat Meat');

INSERT INTO Food_Ingredient (FoodID, Ingredient)
VALUES ('f101_0349', N'1 kg Corn Flour');

INSERT INTO Food_Ingredient (FoodID, Ingredient)
VALUES ('f101_0349', N'2 Tomatoes');

INSERT INTO Food_Ingredient (FoodID, Ingredient)
VALUES ('f101_0349', N'Pinch Salt');

INSERT INTO Food_Ingredient (FoodID, Ingredient)
VALUES ('f101_0349', N'1 Onion');

INSERT INTO Food_Ingredient (FoodID, Ingredient)
VALUES ('f101_0349', N'1 Green Chilli');

INSERT INTO Food_Ingredient (FoodID, Ingredient)
VALUES ('f101_0349', N'1  bunch Coriander Leaves');

INSERT INTO Food (FoodID, Title, Description, Calories, Instructions, ImageURL, SourceURL, Partition)
VALUES (
    'f101_0350',
    N'Traditional Croatian Goulash',
    N'A slow-cooked beef stew enriched with red wine, paprika, and root vegetables, offering a deep, savory flavor typical of Balkan comfort food.',
    450,
    N'1. Clean the meat from the veins if there are some and cut it into smaller pieces, 3 × 3 cm 2. Marinate the meat in the mustard and spices and let it sit in the refrigerator for one hour
Heat one tablespoon of pork fat or vegetable oil in a pot and fry the meat on all sides until it gets browned 3. Once the meat is cooked, transfer it to a plate and add another tablespoon of fat to the pot
Cut the onions very fine, peel the carrots and shred it using a grater 4. Cook the onions and carrots over low heat for 15 minutes 5. You can salt the vegetables a little to make them soften faster
Once the vegetables have browned and become slightly mushy, add the meat and bay leaves and garlic 6. Pour over with wine and simmer for 10-15 minutes to allow the alcohol to evaporate 7. Now is the right time to add 2/3 the amount of liquid
Cover the pot and cook over low heat for an hour, stirring occasionally 8. After the first hour, pour over the rest of the water or stock and cook for another 30-45 minutes
Allow the stew to cool slightly and serve it with a sprinkle of chopped parsley and few slices of fresh hot pepper if you like to spice it up a bit
Slice some fresh bread, season the salad and simply enjoying these wonderful flavors',
    'https://www.themealdb.com/images/media/meals/n1hcou1628770088.jpg',
    'https://www.themealdb.com/images/media/meals/n1hcou1628770088.jpg',
    'test'
);

INSERT INTO Food_Ingredient (FoodID, Ingredient)
VALUES ('f101_0350', N'500g Beef');

INSERT INTO Food_Ingredient (FoodID, Ingredient)
VALUES ('f101_0350', N'2 chopped Onions');

INSERT INTO Food_Ingredient (FoodID, Ingredient)
VALUES ('f101_0350', N'2 chopped Carrots');

INSERT INTO Food_Ingredient (FoodID, Ingredient)
VALUES ('f101_0350', N'2 cloves Garlic');

INSERT INTO Food_Ingredient (FoodID, Ingredient)
VALUES ('f101_0350', N'2 Bay Leaf');

INSERT INTO Food_Ingredient (FoodID, Ingredient)
VALUES ('f101_0350', N'200ml Red Wine');

INSERT INTO Food_Ingredient (FoodID, Ingredient)
VALUES ('f101_0350', N'2 Litres Water');

INSERT INTO Food_Ingredient (FoodID, Ingredient)
VALUES ('f101_0350', N'3 tbs Mustard');

INSERT INTO Food_Ingredient (FoodID, Ingredient)
VALUES ('f101_0350', N'1tbsp Salt');

INSERT INTO Food_Ingredient (FoodID, Ingredient)
VALUES ('f101_0350', N'1/2 tsp Pepper');

INSERT INTO Food_Ingredient (FoodID, Ingredient)
VALUES ('f101_0350', N'1/2 tsp Paprika');

INSERT INTO Food_Ingredient (FoodID, Ingredient)
VALUES ('f101_0350', N'2 tbs Vegetable Oil');

INSERT INTO Food (FoodID, Title, Description, Calories, Instructions, ImageURL, SourceURL, Partition)
VALUES (
    'f101_0351',
    N'Mushroom soup with buckwheat',
    N'A rustic Eastern European soup made with earthy mushrooms and nutty buckwheat, enriched with sour cream and parsley for a hearty flavor.',
    200,
    N'1. Chop the onion and garlic, slice the mushrooms and wash the buckwheat 2. Heat the oil and lightly sauté the onion 3. Add the mushrooms and the garlic and continue to sauté 4. Add the salt, vegetable seasoning, buckwheat and the bay leaf and cover with water 5. Simmer gently and just before it is completely cooked, add pepper, sour cream mixed with flour, the chopped parsley and vinegar to taste.',
    'https://www.themealdb.com/images/media/meals/1ngcbf1628770793.jpg',
    'https://www.themealdb.com/images/media/meals/1ngcbf1628770793.jpg',
    'test'
);

INSERT INTO Food_Ingredient (FoodID, Ingredient)
VALUES ('f101_0351', N'150g Mushrooms');

INSERT INTO Food_Ingredient (FoodID, Ingredient)
VALUES ('f101_0351', N'50g Buckwheat');

INSERT INTO Food_Ingredient (FoodID, Ingredient)
VALUES ('f101_0351', N'4 tbs Vegetable Oil');

INSERT INTO Food_Ingredient (FoodID, Ingredient)
VALUES ('f101_0351', N'40g Onion');

INSERT INTO Food_Ingredient (FoodID, Ingredient)
VALUES ('f101_0351', N'2 cloves Garlic');

INSERT INTO Food_Ingredient (FoodID, Ingredient)
VALUES ('f101_0351', N'1 Bay Leaf');

INSERT INTO Food_Ingredient (FoodID, Ingredient)
VALUES ('f101_0351', N'1tbsp Vegetable Stock Cube');

INSERT INTO Food_Ingredient (FoodID, Ingredient)
VALUES ('f101_0351', N'50 ml Sour Cream');

INSERT INTO Food_Ingredient (FoodID, Ingredient)
VALUES ('f101_0351', N'Dash White Wine Vinegar');

INSERT INTO Food_Ingredient (FoodID, Ingredient)
VALUES ('f101_0351', N'Top Parsley');

INSERT INTO Food (FoodID, Title, Description, Calories, Instructions, ImageURL, SourceURL, Partition)
VALUES (
    'f101_0352',
    N'Beetroot Soup (Borscht)',
    N'A vibrant, nutritious beetroot-based soup with potatoes and beans, commonly served with dill and sour cream, popular in Eastern Europe.',
    250,
    N'1. Chop the beetroot, add water and stock cube and cook for 15mins 2. Add the other ingredients and boil until soft 3. Finally add the beans and cook for 5mins 4. Serve in the soup pot.',
    'https://www.themealdb.com/images/media/meals/zadvgb1699012544.jpg',
    'https://www.themealdb.com/images/media/meals/zadvgb1699012544.jpg',
    'test'
);

INSERT INTO Food_Ingredient (FoodID, Ingredient)
VALUES ('f101_0352', N'3 Beetroot');

INSERT INTO Food_Ingredient (FoodID, Ingredient)
VALUES ('f101_0352', N'4 tbs Olive Oil');

INSERT INTO Food_Ingredient (FoodID, Ingredient)
VALUES ('f101_0352', N'1 Chicken Stock Cube');

INSERT INTO Food_Ingredient (FoodID, Ingredient)
VALUES ('f101_0352', N'6 cups Water');

INSERT INTO Food_Ingredient (FoodID, Ingredient)
VALUES ('f101_0352', N'3 Potatoes');

INSERT INTO Food_Ingredient (FoodID, Ingredient)
VALUES ('f101_0352', N'1 can Cannellini Beans');

INSERT INTO Food_Ingredient (FoodID, Ingredient)
VALUES ('f101_0352', N'Garnish Dill');

INSERT INTO Food (FoodID, Title, Description, Calories, Instructions, ImageURL, SourceURL, Partition)
VALUES (
    'f101_0353',
    N'Pancakes',
    N'Classic thin pancakes made from a simple batter of flour, eggs, and milk, often served with sugar, berries, or lemon for a sweet treat.',
    150,
    N'1. Put the flour, eggs, milk, 1 tbsp oil and a pinch of salt into a bowl or large jug, then whisk to a smooth batter 2. Set aside for 30 mins to rest if you have time, or start cooking straight away.
Set a medium frying pan or crêpe pan over a medium heat and carefully wipe it with some oiled kitchen paper 3. When hot, cook your pancakes for 1 min on each side until golden, keeping them warm in a low oven as you go.
Serve with lemon wedges and sugar, or your favourite filling 4. Once cold, you can layer the pancakes between baking parchment, then wrap in cling film and freeze for up to 2 months.',
    'https://www.themealdb.com/images/media/meals/rwuyqx1511383174.jpg',
    'https://www.themealdb.com/images/media/meals/rwuyqx1511383174.jpg',
    'test'
);

INSERT INTO Food_Ingredient (FoodID, Ingredient)
VALUES ('f101_0353', N'100g Flour');

INSERT INTO Food_Ingredient (FoodID, Ingredient)
VALUES ('f101_0353', N'2 large Eggs');

INSERT INTO Food_Ingredient (FoodID, Ingredient)
VALUES ('f101_0353', N'300ml Milk');

INSERT INTO Food_Ingredient (FoodID, Ingredient)
VALUES ('f101_0353', N'1 tbls Sunflower Oil');

INSERT INTO Food_Ingredient (FoodID, Ingredient)
VALUES ('f101_0353', N'to serve Sugar');

INSERT INTO Food_Ingredient (FoodID, Ingredient)
VALUES ('f101_0353', N'to serve Raspberries');

INSERT INTO Food_Ingredient (FoodID, Ingredient)
VALUES ('f101_0353', N'to serve Blueberries');

INSERT INTO Food (FoodID, Title, Description, Calories, Instructions, ImageURL, SourceURL, Partition)
VALUES (
    'f101_0354',
    N'Rock Cakes',
    N'Rough-looking but soft-centered British tea-time buns filled with dried fruit, lightly sweet and crisp on the outside.',
    200,
    N'1. Preheat oven to 180C/350F/Gas 4 and line a baking tray with baking parchment.
Mix the flour, sugar and baking powder in a bowl and rub in the cubed butter until the mixture looks like breadcrumbs, then mix in the dried fruit.
In a clean bowl, beat the egg and milk together with the vanilla extract.
Add the egg mixture to the dry ingredients and stir with a spoon until the mixture just comes together as a thick, lumpy dough 2. Add a teaspoon more milk if you really need it to make the mixture stick together.
Place golfball-sized spoons of the mixture onto the prepared baking tray 3. Leave space between them as they will flatten and spread out to double their size during baking.
Bake for 15-20 minutes, until golden-brown 4. Remove from the oven, allow to cool for a couple of minutes then turn them out onto a wire rack to cool.',
    'https://www.themealdb.com/images/media/meals/tqrrsq1511723764.jpg',
    'https://www.themealdb.com/images/media/meals/tqrrsq1511723764.jpg',
    'test'
);

INSERT INTO Food_Ingredient (FoodID, Ingredient)
VALUES ('f101_0354', N'225g Self-raising Flour');

INSERT INTO Food_Ingredient (FoodID, Ingredient)
VALUES ('f101_0354', N'75g Caster Sugar');

INSERT INTO Food_Ingredient (FoodID, Ingredient)
VALUES ('f101_0354', N'1 tsp Baking Powder');

INSERT INTO Food_Ingredient (FoodID, Ingredient)
VALUES ('f101_0354', N'125g Butter');

INSERT INTO Food_Ingredient (FoodID, Ingredient)
VALUES ('f101_0354', N'150g Dried Fruit');

INSERT INTO Food_Ingredient (FoodID, Ingredient)
VALUES ('f101_0354', N'1 Eggs');

INSERT INTO Food_Ingredient (FoodID, Ingredient)
VALUES ('f101_0354', N'1 tbs Milk');

INSERT INTO Food_Ingredient (FoodID, Ingredient)
VALUES ('f101_0354', N'2 tsp Vanilla Extract');

INSERT INTO Food (FoodID, Title, Description, Calories, Instructions, ImageURL, SourceURL, Partition)
VALUES (
    'f101_0355',
    N'Carrot Cake',
    N'A moist and spiced cake packed with grated carrots and chopped walnuts, topped with a rich cream cheese frosting.',
    500,
    N'1. For the carrot cake, preheat the oven to 160C/325F/Gas 3 2. Grease and line a 26cm/10in springform cake tin.
Mix all of the ingredients for the carrot cake, except the carrots and walnuts, together in a bowl until well combined 3. Stir in the carrots and walnuts.
Spoon the mixture into the cake tin and bake for 1 hour 15 minutes, or until a skewer inserted into the middle comes out clean 4. Remove the cake from the oven and set aside to cool for 10 minutes, then carefully remove the cake from the tin and set aside to cool completely on a cooling rack.
Meanwhile, for the icing, beat the cream cheese, caster sugar and butter together in a bowl until fluffy 5. Spread the icing over the top of the cake with a palette knife.',
    'https://www.themealdb.com/images/media/meals/vrspxv1511722107.jpg',
    'https://www.themealdb.com/images/media/meals/vrspxv1511722107.jpg',
    'test'
);

INSERT INTO Food_Ingredient (FoodID, Ingredient)
VALUES ('f101_0355', N'450ml Vegetable Oil');

INSERT INTO Food_Ingredient (FoodID, Ingredient)
VALUES ('f101_0355', N'400g Plain Flour');

INSERT INTO Food_Ingredient (FoodID, Ingredient)
VALUES ('f101_0355', N'2 tsp Bicarbonate Of Soda');

INSERT INTO Food_Ingredient (FoodID, Ingredient)
VALUES ('f101_0355', N'550ml Sugar');

INSERT INTO Food_Ingredient (FoodID, Ingredient)
VALUES ('f101_0355', N'5 Eggs');

INSERT INTO Food_Ingredient (FoodID, Ingredient)
VALUES ('f101_0355', N'½ tsp Salt');

INSERT INTO Food_Ingredient (FoodID, Ingredient)
VALUES ('f101_0355', N'2 tsp Cinnamon');

INSERT INTO Food_Ingredient (FoodID, Ingredient)
VALUES ('f101_0355', N'500g grated Carrots');

INSERT INTO Food_Ingredient (FoodID, Ingredient)
VALUES ('f101_0355', N'150g Walnuts');

INSERT INTO Food_Ingredient (FoodID, Ingredient)
VALUES ('f101_0355', N'200g Cream Cheese');

INSERT INTO Food_Ingredient (FoodID, Ingredient)
VALUES ('f101_0355', N'150g Caster Sugar');

INSERT INTO Food_Ingredient (FoodID, Ingredient)
VALUES ('f101_0355', N'100g Butter');

INSERT INTO Food (FoodID, Title, Description, Calories, Instructions, ImageURL, SourceURL, Partition)
VALUES (
    'f101_0356',
    N'Dundee cake',
    N'A traditional Scottish fruit cake topped with concentric circles of blanched almonds, known for its crumbly texture and orange zest aroma.',
    400,
    N'1. Put the almonds into a small bowl and pour over boiling water to just cover 2. Leave for 5 mins then drain in a sieve and leave to dry.
Preheat the oven to 180C/160 C fan/Gas Mark 4 3. Line a deep loose-based 20cm cake tin with baking parchment.
Put the butter in a large bowl and beat well until soft 4. Add the sugar and beat until light and fluffy 5. Stir in the orange zest and apricot jam.
Sieve together the flour and baking powder 6. Add the eggs to the creamed butter and sugar, a little at a time, beating well between each addition 7. If the mixture starts to curdle, stir in a little flour.
Add the remaining flour and ground almonds and mix well 8. Mix in the milk and then add the dried fruit and cherries and mix gently together.
Spoon the mixture into the prepared tin and spread level using the back of a spoon 9. Arrange the whole almonds close together in neat circles on the top of the cake 10. Bake in the oven for 45 mins.
Lower the oven temperature to 160C/140 C fan/Gas Mark 3 and cook for a further 60–80 minutes 11. Check the cake after 50 minutes by inserting a wooden or metal skewer into the cake 12. When it’s done it should have just a few crumbs attached 13. Check every 10 minutes - it’s important not to overcook this cake so the centre will be a little soft.
When cooked, remove the cake briefly from the oven, put the milk and sugar into a small pan and heat gently until the sugar has dissolved 14. Brush over the top of the cake and return the cake to the oven for 2-3 mins 15. Remove and allow the cake to cool in the tin 16. When quite cold remove from the tin and wrap in foil and keep for at least 2 days before cutting.',
    'https://www.themealdb.com/images/media/meals/wxyvqq1511723401.jpg',
    'https://www.themealdb.com/images/media/meals/wxyvqq1511723401.jpg',
    'test'
);

INSERT INTO Food_Ingredient (FoodID, Ingredient)
VALUES ('f101_0356', N'100g Almonds');

INSERT INTO Food_Ingredient (FoodID, Ingredient)
VALUES ('f101_0356', N'180g Butter');

INSERT INTO Food_Ingredient (FoodID, Ingredient)
VALUES ('f101_0356', N'180g Muscovado Sugar');

INSERT INTO Food_Ingredient (FoodID, Ingredient)
VALUES ('f101_0356', N'Zest of 1 Orange');

INSERT INTO Food_Ingredient (FoodID, Ingredient)
VALUES ('f101_0356', N'3 tbs Apricot Jam');

INSERT INTO Food_Ingredient (FoodID, Ingredient)
VALUES ('f101_0356', N'225g Plain Flour');

INSERT INTO Food_Ingredient (FoodID, Ingredient)
VALUES ('f101_0356', N'1 tsp Baking Powder');

INSERT INTO Food_Ingredient (FoodID, Ingredient)
VALUES ('f101_0356', N'3 Large Eggs');

INSERT INTO Food_Ingredient (FoodID, Ingredient)
VALUES ('f101_0356', N'100g Ground Almonds');

INSERT INTO Food_Ingredient (FoodID, Ingredient)
VALUES ('f101_0356', N'2 tbs Milk');

INSERT INTO Food_Ingredient (FoodID, Ingredient)
VALUES ('f101_0356', N'500g Dried Fruit');

INSERT INTO Food_Ingredient (FoodID, Ingredient)
VALUES ('f101_0356', N'100g Glace Cherry');

INSERT INTO Food_Ingredient (FoodID, Ingredient)
VALUES ('f101_0356', N'1 tbs Milk');

INSERT INTO Food_Ingredient (FoodID, Ingredient)
VALUES ('f101_0356', N'2 tsp Caster Sugar');

INSERT INTO Food (FoodID, Title, Description, Calories, Instructions, ImageURL, SourceURL, Partition)
VALUES (
    'f101_0357',
    N'Parkin Cake',
    N'A Northern English cake made with oatmeal, black treacle, and ginger, known for its dense, sticky texture and spiced flavor.',
    350,
    N'1. Heat oven to 160C/140C fan/gas 3 2. Grease a deep 22cm/9in square cake tin and line with baking parchment 3. Beat the egg and milk together with a fork.

Gently melt the syrup, treacle, sugar and butter together in a large pan until the sugar has dissolved 4. Remove from the heat 5. Mix together the oatmeal, flour and ginger and stir into the syrup mixture, followed by the egg and milk.

Pour the mixture into the tin and bake for 50 mins - 1 hr until the cake feels firm and a little crusty on top 6. Cool in the tin then wrap in more parchment and foil and keep for 3-5 days before eating if you can – it’ll become softer and stickier the longer you leave it, up to 2 weeks.',
    'https://www.themealdb.com/images/media/meals/qxuqtt1511724269.jpg',
    'https://www.themealdb.com/images/media/meals/qxuqtt1511724269.jpg',
    'test'
);

INSERT INTO Food_Ingredient (FoodID, Ingredient)
VALUES ('f101_0357', N'200g Butter');

INSERT INTO Food_Ingredient (FoodID, Ingredient)
VALUES ('f101_0357', N'1 large Egg');

INSERT INTO Food_Ingredient (FoodID, Ingredient)
VALUES ('f101_0357', N'4 tbs Milk');

INSERT INTO Food_Ingredient (FoodID, Ingredient)
VALUES ('f101_0357', N'200g Golden Syrup');

INSERT INTO Food_Ingredient (FoodID, Ingredient)
VALUES ('f101_0357', N'85g Black Treacle');

INSERT INTO Food_Ingredient (FoodID, Ingredient)
VALUES ('f101_0357', N'85g Brown Sugar');

INSERT INTO Food_Ingredient (FoodID, Ingredient)
VALUES ('f101_0357', N'100g Oatmeal');

INSERT INTO Food_Ingredient (FoodID, Ingredient)
VALUES ('f101_0357', N'250g Self-raising Flour');

INSERT INTO Food_Ingredient (FoodID, Ingredient)
VALUES ('f101_0357', N'1 tbs Ground Ginger');

INSERT INTO Food (FoodID, Title, Description, Calories, Instructions, ImageURL, SourceURL, Partition)
VALUES (
    'f101_0358',
    N'Eccles Cakes',
    N'Flaky pastry rounds filled with currants, spices, and citrus zest, these traditional English cakes are crisp outside and chewy inside.',
    300,
    N'1. To make the pastry, dice the butter and put it in the freezer to go really hard 2. Tip flour into the bowl of a food processor with half the butter and pulse to the texture of breadcrumbs 3. Pour in the lemon juice and 100ml iced water, and pulse to a dough 4. Tip in the rest of the butter and pulse a few times until the dough is heavily flecked with butter 5. It is important that you don’t overdo this as the flecks of butter are what makes the pastry flaky.
On a floured surface roll the pastry out to a neat rectangle about 20 x 30cm 6. Fold the two ends of the pastry into the middle (See picture 1), then fold in half (pic 2) 7. Roll the pastry out again and refold the same way 3 more times resting the pastry for at least 15 mins each time between roll and fold, then leave to rest in the fridge for at least 30 mins before using.
To make the filling, melt the butter in a large saucepan 8. Take it off the heat and stir in all the other ingredients until completely mixed, then set aside.
To make the cakes, roll the pastry out until it’s just a little thicker than a £1 coin and cut out 8 rounds about 12cm across 9. Re-roll the trimming if needed 10. Place a good heaped tablespoon of mixture in the middle of each round, brush the edges of the rounds with water, then gather the pastry around the filling and squeeze it together (pic 3) 11. Flip them over so the smooth top is upwards and pat them into a smooth round 12. Flatten each round with a rolling pin to an oval until the fruit just starts to poke through, then place on a baking tray 13. Cut 2 little slits in each Eccles cakes, brush generously with egg white and sprinkle with the sugar (pic 4).
Heat the oven to 220C/200C fan/gas 8 14. Bake the Eccles cakes for 15-20 mins until just past golden brown and sticky 15. Leave to cool on a rack and enjoy while still warm or cold with a cup of tea 16. If you prefer, Eccles cakes also go really well served with a wedge of hard, tangy British cheese such as Lancashire or cheddar.',
    'https://www.themealdb.com/images/media/meals/wtqrqw1511639627.jpg',
    'https://www.themealdb.com/images/media/meals/wtqrqw1511639627.jpg',
    'test'
);

INSERT INTO Food_Ingredient (FoodID, Ingredient)
VALUES ('f101_0358', N'250g Butter');

INSERT INTO Food_Ingredient (FoodID, Ingredient)
VALUES ('f101_0358', N'350g Plain Flour');

INSERT INTO Food_Ingredient (FoodID, Ingredient)
VALUES ('f101_0358', N'Juice of 1/2 Lemon');

INSERT INTO Food_Ingredient (FoodID, Ingredient)
VALUES ('f101_0358', N'25g Butter');

INSERT INTO Food_Ingredient (FoodID, Ingredient)
VALUES ('f101_0358', N'200g Currants');

INSERT INTO Food_Ingredient (FoodID, Ingredient)
VALUES ('f101_0358', N'50g Mixed Peel');

INSERT INTO Food_Ingredient (FoodID, Ingredient)
VALUES ('f101_0358', N'100g Muscovado Sugar');

INSERT INTO Food_Ingredient (FoodID, Ingredient)
VALUES ('f101_0358', N'1 tsp Cinnamon');

INSERT INTO Food_Ingredient (FoodID, Ingredient)
VALUES ('f101_0358', N'1 tsp Ginger');

INSERT INTO Food_Ingredient (FoodID, Ingredient)
VALUES ('f101_0358', N'1 tsp Allspice');

INSERT INTO Food_Ingredient (FoodID, Ingredient)
VALUES ('f101_0358', N'Zest of 1 Lemon');

INSERT INTO Food_Ingredient (FoodID, Ingredient)
VALUES ('f101_0358', N'1 beaten Eggs');

INSERT INTO Food_Ingredient (FoodID, Ingredient)
VALUES ('f101_0358', N'spinkling Sugar');

INSERT INTO Food (FoodID, Title, Description, Calories, Instructions, ImageURL, SourceURL, Partition)
VALUES (
    'f101_0359',
    N'Madeira Cake',
    N'A light, buttery sponge cake with a hint of lemon, traditionally served with tea and topped with candied peel.',
    350,
    N'1. Pre-heat the oven to 180C/350F/Gas 4 2. Grease an 18cm/7in round cake tin, line the base with greaseproof paper and grease the paper.
Cream the butter and sugar together in a bowl until pale and fluffy 3. Beat in the eggs, one at a time, beating the mixture well between each one and adding a tablespoon of the flour with the last egg to prevent the mixture curdling.
Sift the flour and gently fold in, with enough milk to give a mixture that falls slowly from the spoon 4. Fold in the lemon zest.
Spoon the mixture into the prepared tin and lightly level the top 5. Bake on the middle shelf of the oven for 30-40 minutes, or until golden-brown on top and a skewer inserted into the centre comes out clean.
Remove from the oven and set aside to cool in the tin for 10 minutes, then turn it out on to a wire rack and leave to cool completely.
To serve, decorate the cake with the candied peel.',
    'https://www.themealdb.com/images/media/meals/urtqut1511723591.jpg',
    'https://www.themealdb.com/images/media/meals/urtqut1511723591.jpg',
    'test'
);

INSERT INTO Food_Ingredient (FoodID, Ingredient)
VALUES ('f101_0359', N'175g Butter');

INSERT INTO Food_Ingredient (FoodID, Ingredient)
VALUES ('f101_0359', N'175g Caster Sugar');

INSERT INTO Food_Ingredient (FoodID, Ingredient)
VALUES ('f101_0359', N'3 Eggs');

INSERT INTO Food_Ingredient (FoodID, Ingredient)
VALUES ('f101_0359', N'250g Self-raising Flour');

INSERT INTO Food_Ingredient (FoodID, Ingredient)
VALUES ('f101_0359', N'3 tbs Milk');

INSERT INTO Food_Ingredient (FoodID, Ingredient)
VALUES ('f101_0359', N'Zest of 1 Lemon');

INSERT INTO Food_Ingredient (FoodID, Ingredient)
VALUES ('f101_0359', N'To Glaze Mixed Peel');

INSERT INTO Food (FoodID, Title, Description, Calories, Instructions, ImageURL, SourceURL, Partition)
VALUES (
    'f101_0360',
    N'Christmas cake',
    N'A rich, dense fruitcake soaked in sherry and loaded with dried fruits, nuts, and spices, traditionally enjoyed during the festive season.',
    400,
    N'1. Heat oven to 160C/fan 140C/gas 3 2. Line the base and sides of a 20 cm round, 7.5 cm deep cake tin 3. Beat the butter and sugar with an electric hand mixer for 1-2 mins until very creamy and pale in colour, scraping down the sides of the bowl half way through 4. Stir in a spoonful of the flour, then stir in the beaten egg and the rest of the flour alternately, a quarter at a time, beating well each time with a wooden spoon 5. Stir in the almonds.

Mix in the sherry (the mix will look curdled), then add the peel, cherries, raisins, cherries, nuts, lemon zest, spice, rosewater and vanilla 6. Beat together to mix, then stir in the baking powder.

Spoon mixture into the tin and smooth the top, making a slight dip in the centre 7. Bake for 30 mins, then lower temperature to 150C/fan 130C/gas 2 and bake a further 2-2¼ hrs, until a skewer insterted in the middle comes out clean 8. Leave to cool in the tin, then take out of the tin and peel off the lining paper 9. When completely cold, wrap well in cling film and foil to store until ready to decorate 10. The cake will keep for several months.',
    'https://www.themealdb.com/images/media/meals/ldnrm91576791881.jpg',
    'https://www.themealdb.com/images/media/meals/ldnrm91576791881.jpg',
    'test'
);

INSERT INTO Food_Ingredient (FoodID, Ingredient)
VALUES ('f101_0360', N'200g Butter');

INSERT INTO Food_Ingredient (FoodID, Ingredient)
VALUES ('f101_0360', N'200g Muscovado Sugar');

INSERT INTO Food_Ingredient (FoodID, Ingredient)
VALUES ('f101_0360', N'200g Plain Flour');

INSERT INTO Food_Ingredient (FoodID, Ingredient)
VALUES ('f101_0360', N'4 Beaten Eggs');

INSERT INTO Food_Ingredient (FoodID, Ingredient)
VALUES ('f101_0360', N'50g Ground Almonds');

INSERT INTO Food_Ingredient (FoodID, Ingredient)
VALUES ('f101_0360', N'100ml Sherry');

INSERT INTO Food_Ingredient (FoodID, Ingredient)
VALUES ('f101_0360', N'85g Candied Peel');

INSERT INTO Food_Ingredient (FoodID, Ingredient)
VALUES ('f101_0360', N'85g Glace Cherry');

INSERT INTO Food_Ingredient (FoodID, Ingredient)
VALUES ('f101_0360', N'250g Raisins');

INSERT INTO Food_Ingredient (FoodID, Ingredient)
VALUES ('f101_0360', N'250g Currants');

INSERT INTO Food_Ingredient (FoodID, Ingredient)
VALUES ('f101_0360', N'100g Pecan Nuts');

INSERT INTO Food_Ingredient (FoodID, Ingredient)
VALUES ('f101_0360', N'Grated zest of 1 Lemon');

INSERT INTO Food_Ingredient (FoodID, Ingredient)
VALUES ('f101_0360', N'1 ½ tbsp Mixed Spice');

INSERT INTO Food_Ingredient (FoodID, Ingredient)
VALUES ('f101_0360', N'1 ½ tbsp Rose water');

INSERT INTO Food_Ingredient (FoodID, Ingredient)
VALUES ('f101_0360', N'1/2 tsp Vanilla Extract');

INSERT INTO Food_Ingredient (FoodID, Ingredient)
VALUES ('f101_0360', N'1/2 tsp Baking Powder');

INSERT INTO Food (FoodID, Title, Description, Calories, Instructions, ImageURL, SourceURL, Partition)
VALUES (
    'f101_0361',
    N'Blini Pancakes',
    N'Traditional Russian pancakes made with buckwheat and yeast, fluffy and light, often served with sour cream, smoked salmon, or caviar.',
    100,
    N'1. In a large bowl, whisk together 1/2 cup buckwheat flour, 2/3 cup all-purpose flour, 1/2 teaspoon salt, and 1 teaspoon yeast.

Make a well in the center and pour in 1 cup warm milk, whisking until the batter is smooth.

Cover the bowl and let the batter rise until doubled, about 1 hour.

Enrich and Rest the Batter
Stir 2 tablespoons melted butter and 1 egg yolk into the batter.

In a separate bowl, whisk 1 egg white until stiff, but not dry.

Fold the whisked egg white into the batter.

Cover the bowl and let the batter stand 20 minutes.

Pan-Fry the Blini
Heat butter in a large nonstick skillet over medium heat.

Drop quarter-sized dollops of batter into the pan, being careful not to overcrowd the pan 2. Cook for about 1 minute or until bubbles form.

Turn and cook for about 30 additional seconds.

Remove the finished blini onto a plate and cover them with a clean kitchen towel to keep warm 3. Add more butter to the pan and repeat the frying process with the remaining batter.',
    'https://www.themealdb.com/images/media/meals/0206h11699013358.jpg',
    'https://www.themealdb.com/images/media/meals/0206h11699013358.jpg',
    'test'
);

INSERT INTO Food_Ingredient (FoodID, Ingredient)
VALUES ('f101_0361', N'1/2 cup Buckwheat');

INSERT INTO Food_Ingredient (FoodID, Ingredient)
VALUES ('f101_0361', N'2/3 Cup Flour');

INSERT INTO Food_Ingredient (FoodID, Ingredient)
VALUES ('f101_0361', N'1/2 tsp Salt');

INSERT INTO Food_Ingredient (FoodID, Ingredient)
VALUES ('f101_0361', N'1 tsp Yeast');

INSERT INTO Food_Ingredient (FoodID, Ingredient)
VALUES ('f101_0361', N'1 cup Milk');

INSERT INTO Food_Ingredient (FoodID, Ingredient)
VALUES ('f101_0361', N'2 tbs Butter');

INSERT INTO Food_Ingredient (FoodID, Ingredient)
VALUES ('f101_0361', N'1 Seperated Egg');

INSERT INTO Food (FoodID, Title, Description, Calories, Instructions, ImageURL, SourceURL, Partition)
VALUES (
    'f101_0362',
    N'Banana Pancakes',
    N'A healthy and simple breakfast made with ripe bananas and eggs, naturally sweet and soft, topped with raspberries and pecans.',
    200,
    N'1. In a bowl, mash the banana with a fork until it resembles a thick purée 2. Stir in the eggs, baking powder and vanilla.
Heat a large non-stick frying pan or pancake pan over a medium heat and brush with half the oil 3. Using half the batter, spoon two pancakes into the pan, cook for 1-2 mins each side, then tip onto a plate 4. Repeat the process with the remaining oil and batter 5. Top the pancakes with the pecans and raspberries.',
    'https://www.themealdb.com/images/media/meals/sywswr1511383814.jpg',
    'https://www.themealdb.com/images/media/meals/sywswr1511383814.jpg',
    'test'
);

INSERT INTO Food_Ingredient (FoodID, Ingredient)
VALUES ('f101_0362', N'1 large Banana');

INSERT INTO Food_Ingredient (FoodID, Ingredient)
VALUES ('f101_0362', N'2 medium Eggs');

INSERT INTO Food_Ingredient (FoodID, Ingredient)
VALUES ('f101_0362', N'pinch Baking Powder');

INSERT INTO Food_Ingredient (FoodID, Ingredient)
VALUES ('f101_0362', N'spinkling Vanilla Extract');

INSERT INTO Food_Ingredient (FoodID, Ingredient)
VALUES ('f101_0362', N'1 tsp Oil');

INSERT INTO Food_Ingredient (FoodID, Ingredient)
VALUES ('f101_0362', N'25g Pecan Nuts');

INSERT INTO Food_Ingredient (FoodID, Ingredient)
VALUES ('f101_0362', N'125g Raspberries');

INSERT INTO Food (FoodID, Title, Description, Calories, Instructions, ImageURL, SourceURL, Partition)
VALUES (
    'f101_0363',
    N'Battenberg Cake',
    N'A classic British cake with pink and yellow sponge squares held together by apricot jam and wrapped in marzipan, known for its checkerboard appearance.',
    450,
    N'1. Heat oven to 180C/160C fan/gas 4 and line the base and sides of a 20cm square tin with baking parchment (the easiest way is to cross 2 x 20cm-long strips over the base) 2. To make the almond sponge, put the butter, sugar, flour, ground almonds, baking powder, eggs, vanilla and almond extract in a large bowl 3. Beat with an electric whisk until the mix comes together smoothly 4. Scrape into the tin, spreading to the corners, and bake for 25-30 mins – when you poke in a skewer, it should come out clean 5. Cool in the tin for 10 mins, then transfer to a wire rack to finish cooling while you make the second sponge.
For the pink sponge, line the tin as above 6. Mix all the ingredients together as above, but don’t add the almond extract 7. Fold in some pink food colouring 8. Then scrape it all into the tin and bake as before 9. Cool.
To assemble, heat the jam in a small pan until runny, then sieve 10. Barely trim two opposite edges from the almond sponge, then well trim a third edge 11. Roughly measure the height of the sponge, then cutting from the well-trimmed edge, use a ruler to help you cut 4 slices each the same width as the sponge height 12. Discard or nibble leftover sponge 13. Repeat with pink cake.
Take 2 x almond slices and 2 x pink slices and trim so they are all the same length 14. Roll out one marzipan block on a surface lightly dusted with icing sugar to just over 20cm wide, then keep rolling lengthways until the marzipan is roughly 0.5cm thick 15. Brush with apricot jam, then lay a pink and an almond slice side by side at one end of the marzipan, brushing jam in between to stick sponges, and leaving 4cm clear marzipan at the end 16. Brush more jam on top of the sponges, then sandwich remaining 2 slices on top, alternating colours to give a checkerboard effect 17. Trim the marzipan to the length of the cakes.
Carefully lift up the marzipan and smooth over the cake with your hands, but leave a small marzipan fold along the bottom edge before you stick it to the first side 18. Trim opposite side to match size of fold, then crimp edges using fingers and thumb (or, more simply, press with prongs of fork) 19. If you like, mark the 10 slices using the prongs of a fork.
Assemble second Battenberg and keep in an airtight box or well wrapped in cling film for up to 3 days 20. Can be frozen for up to a month.',
    'https://www.themealdb.com/images/media/meals/ywwrsp1511720277.jpg',
    'https://www.themealdb.com/images/media/meals/ywwrsp1511720277.jpg',
    'test'
);

INSERT INTO Food_Ingredient (FoodID, Ingredient)
VALUES ('f101_0363', N'175g Butter');

INSERT INTO Food_Ingredient (FoodID, Ingredient)
VALUES ('f101_0363', N'175g Caster Sugar');

INSERT INTO Food_Ingredient (FoodID, Ingredient)
VALUES ('f101_0363', N'140g Self-raising Flour');

INSERT INTO Food_Ingredient (FoodID, Ingredient)
VALUES ('f101_0363', N'50g Almonds');

INSERT INTO Food_Ingredient (FoodID, Ingredient)
VALUES ('f101_0363', N'½ tsp Baking Powder');

INSERT INTO Food_Ingredient (FoodID, Ingredient)
VALUES ('f101_0363', N'3 Medium Eggs');

INSERT INTO Food_Ingredient (FoodID, Ingredient)
VALUES ('f101_0363', N'½ tsp Vanilla Extract');

INSERT INTO Food_Ingredient (FoodID, Ingredient)
VALUES ('f101_0363', N'¼ teaspoon Almond Extract');

INSERT INTO Food_Ingredient (FoodID, Ingredient)
VALUES ('f101_0363', N'175g Butter');

INSERT INTO Food_Ingredient (FoodID, Ingredient)
VALUES ('f101_0363', N'175g Caster Sugar');

INSERT INTO Food_Ingredient (FoodID, Ingredient)
VALUES ('f101_0363', N'140g Self-raising Flour');

INSERT INTO Food_Ingredient (FoodID, Ingredient)
VALUES ('f101_0363', N'50g Almonds');

INSERT INTO Food_Ingredient (FoodID, Ingredient)
VALUES ('f101_0363', N'½ tsp Baking Powder');

INSERT INTO Food_Ingredient (FoodID, Ingredient)
VALUES ('f101_0363', N'3 Medium Eggs');

INSERT INTO Food_Ingredient (FoodID, Ingredient)
VALUES ('f101_0363', N'½ tsp Vanilla Extract');

INSERT INTO Food_Ingredient (FoodID, Ingredient)
VALUES ('f101_0363', N'¼ teaspoon Almond Extract');

INSERT INTO Food_Ingredient (FoodID, Ingredient)
VALUES ('f101_0363', N'½ tsp Pink Food Colouring');

INSERT INTO Food_Ingredient (FoodID, Ingredient)
VALUES ('f101_0363', N'200g Apricot');

INSERT INTO Food_Ingredient (FoodID, Ingredient)
VALUES ('f101_0363', N'1kg Marzipan');

INSERT INTO Food_Ingredient (FoodID, Ingredient)
VALUES ('f101_0363', N'Dusting Icing Sugar');

INSERT INTO Food (FoodID, Title, Description, Calories, Instructions, ImageURL, SourceURL, Partition)
VALUES (
    'f101_0364',
    N'New York cheesecake',
    N'A rich and creamy baked cheesecake with a biscuit crust, sour cream topping, and subtle hints of lemon and vanilla, iconic of American dessert culture.',
    500,
    N'1. Position an oven shelf in the middle of the oven 2. Preheat the oven to fan 160C/conventional 180C/gas 4 3. Line the base of a 23cm springform cake tin with parchment paper 4. For the crust, melt the butter in a medium pan 5. Stir in the biscuit crumbs and sugar so the mixture is evenly moistened 6. Press the mixture into the bottom of the pan and bake for 10 minutes 7. Cool on a wire rack while preparing the filling.
For the filling, increase the oven temperature to fan 200C/conventional 240C/gas 9 8. In a table top mixer fitted with the paddle attachment, beat the soft cheese at medium-low speed until creamy, about 2 minutes 9. With the mixer on low, gradually add the sugar, then the flour and a pinch of salt, scraping down the sides of the bowl and the paddle twice.
Swap the paddle attachment for the whisk 10. Continue by adding the vanilla, lemon zest and juice 11. Whisk in the eggs and yolk, one at a time, scraping the bowl and whisk at least twice 12. Stir the 284ml carton of soured cream until smooth, then measure 200ml/7fl oz (just over 3⁄4 of the carton) 13. Continue on low speed as you add the measured soured cream (reserve the rest) 14. Whisk to blend, but don''t over-beat 15. The batter should be smooth, light and somewhat airy.
Brush the sides of the springform tin with melted butter and put on a baking sheet 16. Pour in the filling - if there are any lumps, sink them using a knife - the top should be as smooth as possible 17. Bake for 10 minutes 18. Reduce oven temperature to fan 90C/conventional 110C/gas 1⁄4 and bake for 25 minutes more 19. If you gently shake the tin, the filling should have a slight wobble 20. Turn off the oven and open the oven door for a cheesecake that''s creamy in the centre, or leave it closed if you prefer a drier texture 21. Let cool in the oven for 2 hours 22. The cheesecake may get a slight crack on top as it cools.
Combine the reserved soured cream with the 142ml carton, the sugar and lemon juice for the topping 23. Spread over the cheesecake right to the edges 24. Cover loosely with foil and refrigerate for at least 8 hours or overnight.
Run a round-bladed knife around the sides of the tin to loosen any stuck edges 25. Unlock the side, slide the cheesecake off the bottom of the tin onto a plate, then slide the parchment paper out from underneath.',
    'https://www.themealdb.com/images/media/meals/swttys1511385853.jpg',
    'https://www.themealdb.com/images/media/meals/swttys1511385853.jpg',
    'test'
);

INSERT INTO Food_Ingredient (FoodID, Ingredient)
VALUES ('f101_0364', N'85g Butter');

INSERT INTO Food_Ingredient (FoodID, Ingredient)
VALUES ('f101_0364', N'140g Sour Cream');

INSERT INTO Food_Ingredient (FoodID, Ingredient)
VALUES ('f101_0364', N'1tbsp Sugar');

INSERT INTO Food_Ingredient (FoodID, Ingredient)
VALUES ('f101_0364', N'900g Cream Cheese');

INSERT INTO Food_Ingredient (FoodID, Ingredient)
VALUES ('f101_0364', N'250g Caster Sugar');

INSERT INTO Food_Ingredient (FoodID, Ingredient)
VALUES ('f101_0364', N'3 tbs Plain Flour');

INSERT INTO Food_Ingredient (FoodID, Ingredient)
VALUES ('f101_0364', N'1 ½ teaspoons Lemon Juice');

INSERT INTO Food_Ingredient (FoodID, Ingredient)
VALUES ('f101_0364', N'3 Large Eggs');

INSERT INTO Food_Ingredient (FoodID, Ingredient)
VALUES ('f101_0364', N'250ml Sour Cream');

INSERT INTO Food_Ingredient (FoodID, Ingredient)
VALUES ('f101_0364', N'150ml Sour Cream');

INSERT INTO Food_Ingredient (FoodID, Ingredient)
VALUES ('f101_0364', N'1 tbsp Caster Sugar');

INSERT INTO Food_Ingredient (FoodID, Ingredient)
VALUES ('f101_0364', N'2 tsp Lemon Juice');

INSERT INTO Food (FoodID, Title, Description, Calories, Instructions, ImageURL, SourceURL, Partition)
VALUES (
    'f101_0365',
    N'Vegan Chocolate Cake',
    N'A moist and rich chocolate cake made without eggs or dairy, using flaxseed and almond milk, perfect for plant-based diets.',
    300,
    N'1. Simply mix all dry ingredients with wet ingredients and blend altogether 2. Bake for 45 min on 180 degrees 3. Decorate with some melted vegan chocolate',
    'https://www.themealdb.com/images/media/meals/qxutws1486978099.jpg',
    'https://www.themealdb.com/images/media/meals/qxutws1486978099.jpg',
    'test'
);

INSERT INTO Food_Ingredient (FoodID, Ingredient)
VALUES ('f101_0365', N'1 1/4 cup Self-raising Flour');

INSERT INTO Food_Ingredient (FoodID, Ingredient)
VALUES ('f101_0365', N'1/2 cup coco sugar');

INSERT INTO Food_Ingredient (FoodID, Ingredient)
VALUES ('f101_0365', N'1/3 cup raw cacao');

INSERT INTO Food_Ingredient (FoodID, Ingredient)
VALUES ('f101_0365', N'1 tsp baking powder');

INSERT INTO Food_Ingredient (FoodID, Ingredient)
VALUES ('f101_0365', N'2 flax eggs');

INSERT INTO Food_Ingredient (FoodID, Ingredient)
VALUES ('f101_0365', N'1/2 cup almond milk');

INSERT INTO Food_Ingredient (FoodID, Ingredient)
VALUES ('f101_0365', N'1 tsp vanilla');

INSERT INTO Food_Ingredient (FoodID, Ingredient)
VALUES ('f101_0365', N'1/2 cup boiling water');

INSERT INTO Food (FoodID, Title, Description, Calories, Instructions, ImageURL, SourceURL, Partition)
VALUES (
    'f101_0366',
    N'Tunisian Orange Cake',
    N'A moist Mediterranean-style cake made with whole orange puree and olive oil, offering a fragrant citrus flavor with a tender crumb.',
    350,
    N'1. Preheat oven to 190 C / Gas 5 2. Grease a 23cm round springform tin.
Cut off the hard bits from the top and bottom of the orange 3. Slice the orange and remove all seeds 4. Puree the orange with its peel in a food processor 5. Add one third of the sugar and the olive oil and continue to mix until well combined.
Sieve together flour and baking powder.
Beat the eggs and the remaining sugar with an electric hand mixer for at least five minutes until very fluffy 6. Fold in half of the flour mixture, then the orange and the vanilla, then fold in the remaining flour 7. Mix well but not for too long.
Pour cake mixture into prepared tin and smooth out 8. Bake in preheated oven for 20 minutes 9. Reduce the oven temperature to 160 C / Gas 2 and bake again for 30 minutes Bake until the cake is golden brown and a skewer comes out clean 10. Cool on a wire cake rack.',
    'https://www.themealdb.com/images/media/meals/y4jpgq1560459207.jpg',
    'https://www.themealdb.com/images/media/meals/y4jpgq1560459207.jpg',
    'test'
);

INSERT INTO Food_Ingredient (FoodID, Ingredient)
VALUES ('f101_0366', N'1 large Orange');

INSERT INTO Food_Ingredient (FoodID, Ingredient)
VALUES ('f101_0366', N'300g Caster Sugar');

INSERT INTO Food_Ingredient (FoodID, Ingredient)
VALUES ('f101_0366', N'75 ml Olive Oil');

INSERT INTO Food_Ingredient (FoodID, Ingredient)
VALUES ('f101_0366', N'280g Flour');

INSERT INTO Food_Ingredient (FoodID, Ingredient)
VALUES ('f101_0366', N'1 tbs Baking Powder');

INSERT INTO Food_Ingredient (FoodID, Ingredient)
VALUES ('f101_0366', N'4 large Eggs');

INSERT INTO Food_Ingredient (FoodID, Ingredient)
VALUES ('f101_0366', N'2 tsp Vanilla Extract');

INSERT INTO Food (FoodID, Title, Description, Calories, Instructions, ImageURL, SourceURL, Partition)
VALUES (
    'f101_0367',
    N'Honey Yogurt Cheesecake',
    N'A no-bake cheesecake made with Greek yogurt and mascarpone, sweetened with honey and citrus zest, served chilled with fruit and almonds.',
    450,
    N'1. Heat oven to 160C/140C fan/gas 3 2. Crush the biscuits and most of the almonds inside a plastic food bag using a rolling pin 3. Mix with the butter, then press into the bottom of a deep, oval, 23cm dish (or something similar in size – a roasting tin, baking dish or cake tin will work) 4. Bake for 10 mins until crisp.

Stir or mash together the yogurt and mascarpone, then whisk in the eggs, one at a time 5. Stir in the lemon and orange zests, then stir in most of the honey, reserving about 3 tbsp 6. Spread over the biscuit base, cover loosely with foil and cook for 1 hr 7. Remove the foil and cook for 15 mins more until lightly golden and the top is firm with just the slightest wobble in the middle 8. Leave to cool 9. Can be kept in the fridge for up to 2 days.

To serve, scatter with almonds, drizzle over the remaining honey, and hand around fresh fruit to go with it.',
    'https://www.themealdb.com/images/media/meals/y2irzl1585563479.jpg',
    'https://www.themealdb.com/images/media/meals/y2irzl1585563479.jpg',
    'test'
);

INSERT INTO Food_Ingredient (FoodID, Ingredient)
VALUES ('f101_0367', N'100g Digestive Biscuits');

INSERT INTO Food_Ingredient (FoodID, Ingredient)
VALUES ('f101_0367', N'85g Almonds');

INSERT INTO Food_Ingredient (FoodID, Ingredient)
VALUES ('f101_0367', N'85g Butter');

INSERT INTO Food_Ingredient (FoodID, Ingredient)
VALUES ('f101_0367', N'250ml Greek Yogurt');

INSERT INTO Food_Ingredient (FoodID, Ingredient)
VALUES ('f101_0367', N'750g Mascarpone');

INSERT INTO Food_Ingredient (FoodID, Ingredient)
VALUES ('f101_0367', N'2 Eggs');

INSERT INTO Food_Ingredient (FoodID, Ingredient)
VALUES ('f101_0367', N'Zest of 1 Lemon');

INSERT INTO Food_Ingredient (FoodID, Ingredient)
VALUES ('f101_0367', N'Zest of 1 Orange');

INSERT INTO Food_Ingredient (FoodID, Ingredient)
VALUES ('f101_0367', N'250ml Honey');

INSERT INTO Food_Ingredient (FoodID, Ingredient)
VALUES ('f101_0367', N'To serve Fruit Mix');

INSERT INTO Food (FoodID, Title, Description, Calories, Instructions, ImageURL, SourceURL, Partition)
VALUES (
    'f101_0368',
    N'Salted Caramel Cheesecake',
    N'An indulgent cheesecake with a pretzel and biscuit crust, creamy caramel filling, and toppings of popcorn, pretzels, and caramel sauce.',
    500,
    N'1. 1) Blitz the biscuits and the pretzels in a food processor and mix the biscuits with the melted butter 2. Spread on the bottom of an 8″/20cm Deep Springform Tin and press down firmly 3. Leave to set in the fridge whilst you make the rest!

2) Using an electric mixer, I use my KitchenAid with the whisk attachment, whisk together the cream cheese, vanilla, and icing sugar until smooth and then add the caramel and whisk again until smooth and lump free – this could take a couple of minutes, I whisk it at half speed so not too quick or slow!

3) Pour in the double cream & Salt flakes and continue to whisk for a couple of minutes until its very thick and mousse like (I mix it on a medium speed, level 6/10) – Now this could take up to 5 minutes depending on your mixer, but you seriously have to stick at it – it will hold itself completely when finished mixing (like a meringue does!) If you don’t mix it enough it will not set well enough, but don’t get impatient and whisk it really quick because that’ll make it split! Spread over the biscuit base and leave to set in the fridge overnight.

4) Remove the Cheesecake from the tin carefully and decorate the cheesecake – I drizzled over some of the spare caramel, and then some Toffee Popcorn and more Pretzels!',
    'https://www.themealdb.com/images/media/meals/xqrwyr1511133646.jpg',
    'https://www.themealdb.com/images/media/meals/xqrwyr1511133646.jpg',
    'test'
);

INSERT INTO Food_Ingredient (FoodID, Ingredient)
VALUES ('f101_0368', N'250g Digestive Biscuits');

INSERT INTO Food_Ingredient (FoodID, Ingredient)
VALUES ('f101_0368', N'75g Pretzels');

INSERT INTO Food_Ingredient (FoodID, Ingredient)
VALUES ('f101_0368', N'135g Butter');

INSERT INTO Food_Ingredient (FoodID, Ingredient)
VALUES ('f101_0368', N'450g Cream Cheese');

INSERT INTO Food_Ingredient (FoodID, Ingredient)
VALUES ('f101_0368', N'1tsp Vanilla Extract');

INSERT INTO Food_Ingredient (FoodID, Ingredient)
VALUES ('f101_0368', N'100g Icing Sugar');

INSERT INTO Food_Ingredient (FoodID, Ingredient)
VALUES ('f101_0368', N'150g Caramel');

INSERT INTO Food_Ingredient (FoodID, Ingredient)
VALUES ('f101_0368', N'1tsp Sea Salt');

INSERT INTO Food_Ingredient (FoodID, Ingredient)
VALUES ('f101_0368', N'300ml Double Cream');

INSERT INTO Food_Ingredient (FoodID, Ingredient)
VALUES ('f101_0368', N'drizzle Caramel Sauce');

INSERT INTO Food_Ingredient (FoodID, Ingredient)
VALUES ('f101_0368', N'Top Toffee Popcorn');

INSERT INTO Food_Ingredient (FoodID, Ingredient)
VALUES ('f101_0368', N'Top Pretzels');

INSERT INTO Food (FoodID, Title, Description, Calories, Instructions, ImageURL, SourceURL, Partition)
VALUES (
    'f101_0369',
    N'Peanut Butter Cheesecake',
    N'A rich and nutty dessert featuring a peanut cookie crust and creamy peanut ricotta filling, topped with whipped cream and crushed peanut brittle.',
    450,
    N'1. Oil and line a 20cm round loose- bottomed cake tin with cling film, making it as smooth as possible 2. Melt the butter in a pan 3. Crush the biscuits by bashing them in a bag with a rolling pin, then stir them into the butter until very well coated 4. Press the mixture firmly into the base of the tin and chill.
Soak the gelatine in water while you make the filling 5. Tip the ricotta into a bowl, then beat in the peanut butter and syrup 6. Ricotta has a slightly grainy texture so blitz until smooth with a stick blender for a smoother texture if you prefer.
Take the soaked gelatine from the water and squeeze dry 7. Put it into a pan with the milk and heat very gently until the gelatine dissolves 8. Beat into the peanut mixture, then tip onto the biscuit base 9. Chill until set.
To freeze, leave in the tin and as soon as it is solid, cover the surface with cling film, then wrap the tin with cling film and foil.
To defrost, thaw in the fridge overnight.
To serve, carefully remove from the tin 10. Whisk the cream with the sugar until it holds its shape, then spread on top of the cheesecake and scatter with the peanut brittle.',
    'https://www.themealdb.com/images/media/meals/qtuuys1511387068.jpg',
    'https://www.themealdb.com/images/media/meals/qtuuys1511387068.jpg',
    'test'
);

INSERT INTO Food_Ingredient (FoodID, Ingredient)
VALUES ('f101_0369', N'50g Butter');

INSERT INTO Food_Ingredient (FoodID, Ingredient)
VALUES ('f101_0369', N'175g Peanut Cookies');

INSERT INTO Food_Ingredient (FoodID, Ingredient)
VALUES ('f101_0369', N'5 Gelatine Leafs');

INSERT INTO Food_Ingredient (FoodID, Ingredient)
VALUES ('f101_0369', N'500g Ricotta');

INSERT INTO Food_Ingredient (FoodID, Ingredient)
VALUES ('f101_0369', N'175g Peanut Butter');

INSERT INTO Food_Ingredient (FoodID, Ingredient)
VALUES ('f101_0369', N'175g Golden Syrup');

INSERT INTO Food_Ingredient (FoodID, Ingredient)
VALUES ('f101_0369', N'150ml Milk');

INSERT INTO Food_Ingredient (FoodID, Ingredient)
VALUES ('f101_0369', N'275ml Double Cream');

INSERT INTO Food_Ingredient (FoodID, Ingredient)
VALUES ('f101_0369', N'2 tblsp Light Brown Soft Sugar');

INSERT INTO Food_Ingredient (FoodID, Ingredient)
VALUES ('f101_0369', N'Crushed Peanut Brittle');

INSERT INTO Food (FoodID, Title, Description, Calories, Instructions, ImageURL, SourceURL, Partition)
VALUES (
    'f101_0370',
    N'Provençal Omelette Cake',
    N'A layered savory dish made of stacked vegetable omelettes, filled with cream cheese and herbs, inspired by the flavors of Provence.',
    300,
    N'1. Break the eggs into two bowls, five in each 2. Whisk lightly and season with salt and pepper 3. Heat the oil in a pan, add the courgettes and spring onions, then fry gently for about 10 mins until softened 4. Cool, then stir into one bowl of eggs with a little salt and pepper 5. Add the roasted peppers to the other bowl of eggs with the garlic, chilli, salt and pepper.
Heat a little oil in a 20-23cm frying pan, preferably non-stick 6. Pour the eggs with courgette into a measuring jug, then pourabout one-third of the mixture into the pan, swirling it to cover the base of the pan',
    'https://www.themealdb.com/images/media/meals/k29viq1585565980.jpg',
    'https://www.themealdb.com/images/media/meals/k29viq1585565980.jpg',
    'test'
);

INSERT INTO Food_Ingredient (FoodID, Ingredient)
VALUES ('f101_0370', N'10 Eggs');

INSERT INTO Food_Ingredient (FoodID, Ingredient)
VALUES ('f101_0370', N'1 tbs Olive Oil');

INSERT INTO Food_Ingredient (FoodID, Ingredient)
VALUES ('f101_0370', N'2 finely chopped Courgettes');

INSERT INTO Food_Ingredient (FoodID, Ingredient)
VALUES ('f101_0370', N'3 finely chopped Spring Onions');

INSERT INTO Food_Ingredient (FoodID, Ingredient)
VALUES ('f101_0370', N'4 Red Pepper');

INSERT INTO Food_Ingredient (FoodID, Ingredient)
VALUES ('f101_0370', N'1 clove peeled crushed Garlic Clove');

INSERT INTO Food_Ingredient (FoodID, Ingredient)
VALUES ('f101_0370', N'1 Red Chilli');

INSERT INTO Food_Ingredient (FoodID, Ingredient)
VALUES ('f101_0370', N'300g Cream Cheese');

INSERT INTO Food_Ingredient (FoodID, Ingredient)
VALUES ('f101_0370', N'6 tblsp Milk');

INSERT INTO Food_Ingredient (FoodID, Ingredient)
VALUES ('f101_0370', N'4 tbs Chives');

INSERT INTO Food_Ingredient (FoodID, Ingredient)
VALUES ('f101_0370', N'2 tbs Basil');

INSERT INTO Food_Ingredient (FoodID, Ingredient)
VALUES ('f101_0370', N'to serve Rocket');

INSERT INTO Food_Ingredient (FoodID, Ingredient)
VALUES ('f101_0370', N'to serve Parmesan');

INSERT INTO Food (FoodID, Title, Description, Calories, Instructions, ImageURL, SourceURL, Partition)
VALUES (
    'f101_0487',
    N'Pumpkin Pie',
    N'A traditional American dessert made with a spiced, creamy pumpkin filling in a flaky shortcrust pastry, perfect for autumn and holidays like Thanksgiving.',
    350,
    N'1. Place the pumpkin in a large saucepan, cover with water and bring to the boil 2. Cover with a lid and simmer for 15 mins or until tender 3. Drain pumpkin; let cool.
Heat oven to 180C/160C fan/gas 4 4. Roll out the pastry on a lightly floured surface and use it to line a 22cm loose-bottomed tart tin 5. Chill for 15 mins 6. Line the pastry with baking parchment and baking beans, then bake for 15 mins 7. Remove the beans and paper, and cook for a further 10 mins until the base is pale golden and biscuity 8. Remove from the oven and allow to cool slightly.
Increase oven to 220C/200C fan/gas 7 9. Push the cooled pumpkin through a sieve into a large bowl 10. In a separate bowl, combine the sugar, salt, nutmeg and half the cinnamon 11. Mix in the beaten eggs, melted butter and milk, then add to the pumpkin purée and stir to combine 12. Pour into the tart shell and cook for 10 mins, then reduce the temperature to 180C/160C fan/gas 4 13. Continue to bake for 35-40 mins until the filling has just set.
Leave to cool, then remove the pie from the tin 14. Mix the remaining cinnamon with the icing sugar and dust over the pie 15. Serve chilled.',
    'https://www.themealdb.com/images/media/meals/usuqtp1511385394.jpg',
    'https://www.themealdb.com/images/media/meals/usuqtp1511385394.jpg',
    'test'
);

INSERT INTO Food_Ingredient (FoodID, Ingredient)
VALUES ('f101_0487', N'750g Pumpkin');

INSERT INTO Food_Ingredient (FoodID, Ingredient)
VALUES ('f101_0487', N'350g Shortcrust Pastry');

INSERT INTO Food_Ingredient (FoodID, Ingredient)
VALUES ('f101_0487', N'Dusting Plain Flour');

INSERT INTO Food_Ingredient (FoodID, Ingredient)
VALUES ('f101_0487', N'140g Caster Sugar');

INSERT INTO Food_Ingredient (FoodID, Ingredient)
VALUES ('f101_0487', N'½ tsp Salt');

INSERT INTO Food_Ingredient (FoodID, Ingredient)
VALUES ('f101_0487', N'½ tsp Nutmeg');

INSERT INTO Food_Ingredient (FoodID, Ingredient)
VALUES ('f101_0487', N'1 tsp Cinnamon');

INSERT INTO Food_Ingredient (FoodID, Ingredient)
VALUES ('f101_0487', N'2 Beaten Eggs');

INSERT INTO Food_Ingredient (FoodID, Ingredient)
VALUES ('f101_0487', N'25g Butter');

INSERT INTO Food_Ingredient (FoodID, Ingredient)
VALUES ('f101_0487', N'175g Milk');

INSERT INTO Food_Ingredient (FoodID, Ingredient)
VALUES ('f101_0487', N'1 tblsp Icing Sugar');

INSERT INTO Food (FoodID, Title, Description, Calories, Instructions, ImageURL, SourceURL, Partition)
VALUES (
    'f101_0488',
    N'Budino Di Ricotta',
    N'An Italian baked ricotta pudding infused with lemon zest, cinnamon, and a touch of dark rum, offering a light yet flavorful finish to any meal.',
    400,
    N'1. Mash the ricotta and beat well with the egg yolks, stir in the flour, sugar, cinnamon, grated lemon rind and the rum and mix well 2. You can do this in a food processor 3. Beat the egg whites until stiff, fold in and pour into a buttered and floured 25cm cake tin 4. Bake in the oven at 180ºC/160ºC fan/gas 4 for about 40 minutes, or until it is firm.

Serve hot or cold dusted with icing sugar.',
    'https://www.themealdb.com/images/media/meals/1549542877.jpg',
    'https://www.themealdb.com/images/media/meals/1549542877.jpg',
    'test'
);

INSERT INTO Food_Ingredient (FoodID, Ingredient)
VALUES ('f101_0488', N'500g Ricotta');

INSERT INTO Food_Ingredient (FoodID, Ingredient)
VALUES ('f101_0488', N'4 large Eggs');

INSERT INTO Food_Ingredient (FoodID, Ingredient)
VALUES ('f101_0488', N'3 tbs Flour');

INSERT INTO Food_Ingredient (FoodID, Ingredient)
VALUES ('f101_0488', N'250g Sugar');

INSERT INTO Food_Ingredient (FoodID, Ingredient)
VALUES ('f101_0488', N'1 tsp Cinnamon');

INSERT INTO Food_Ingredient (FoodID, Ingredient)
VALUES ('f101_0488', N'Grated Zest of 2 Lemons');

INSERT INTO Food_Ingredient (FoodID, Ingredient)
VALUES ('f101_0488', N'5 tbs Dark Rum');

INSERT INTO Food_Ingredient (FoodID, Ingredient)
VALUES ('f101_0488', N'sprinking Icing Sugar');

INSERT INTO Food (FoodID, Title, Description, Calories, Instructions, ImageURL, SourceURL, Partition)
VALUES (
    'f101_0489',
    N'Spinach & Ricotta Cannelloni',
    N'Classic Italian pasta tubes stuffed with creamy spinach and ricotta filling, baked in a rich tomato sauce and topped with mascarpone, Parmesan, and mozzarella.',
    450,
    N'1. First make the tomato sauce 2. Heat the oil in a large pan and fry the garlic for 1 min 3. Add the sugar, vinegar, tomatoes and some seasoning and simmer for 20 mins, stirring occasionally, until thick 4. Add the basil and divide the sauce between 2 or more shallow ovenproof dishes (see Tips for freezing, below) 5. Set aside 6. Make a sauce by beating the mascarpone with the milk until smooth, season, then set aside.

Put the spinach in a large colander and pour over a kettle of boiling water to wilt it (you may need to do this in batches) 7. When cool enough to handle squeeze out the excess water 8. Roughly chop the spinach and mix in a large bowl with 100g Parmesan and ricotta 9. Season well with salt, pepper and the nutmeg.

Heat oven to 200C/180C fan/gas 6 10. Using a piping bag or plastic food bag with the corner snipped off, squeeze the filling into the cannelloni tubes 11. Lay the tubes, side by side, on top of the tomato sauce and spoon over the mascarpone sauce 12. Top with Parmesan and mozzarella 13. You can now freeze the cannelloni, uncooked, or you can cook it first and then freeze 14. Bake for 30-35 mins until golden and bubbling 15. Remove from oven and let stand for 5 mins before serving.',
    'https://www.themealdb.com/images/media/meals/wspuvp1511303478.jpg',
    'https://www.themealdb.com/images/media/meals/wspuvp1511303478.jpg',
    'test'
);

INSERT INTO Food_Ingredient (FoodID, Ingredient)
VALUES ('f101_0489', N'3 tbsp Olive Oil');

INSERT INTO Food_Ingredient (FoodID, Ingredient)
VALUES ('f101_0489', N'8 cloves chopped Garlic');

INSERT INTO Food_Ingredient (FoodID, Ingredient)
VALUES ('f101_0489', N'3 tbsp Caster Sugar');

INSERT INTO Food_Ingredient (FoodID, Ingredient)
VALUES ('f101_0489', N'2 tblsp Red Wine Vinegar');

INSERT INTO Food_Ingredient (FoodID, Ingredient)
VALUES ('f101_0489', N'3 400g Cans Chopped Tomatoes');

INSERT INTO Food_Ingredient (FoodID, Ingredient)
VALUES ('f101_0489', N'Bunch Basil Leaves');

INSERT INTO Food_Ingredient (FoodID, Ingredient)
VALUES ('f101_0489', N'2 tubs Mascarpone');

INSERT INTO Food_Ingredient (FoodID, Ingredient)
VALUES ('f101_0489', N'3 tbsp Milk');

INSERT INTO Food_Ingredient (FoodID, Ingredient)
VALUES ('f101_0489', N'85g Parmesan');

INSERT INTO Food_Ingredient (FoodID, Ingredient)
VALUES ('f101_0489', N'2 sliced Mozzarella');

INSERT INTO Food_Ingredient (FoodID, Ingredient)
VALUES ('f101_0489', N'1kg Spinach');

INSERT INTO Food_Ingredient (FoodID, Ingredient)
VALUES ('f101_0489', N'100g Parmesan');

INSERT INTO Food_Ingredient (FoodID, Ingredient)
VALUES ('f101_0489', N'3 tubs Ricotta');

INSERT INTO Food_Ingredient (FoodID, Ingredient)
VALUES ('f101_0489', N'pinch Nutmeg');

INSERT INTO Food_Ingredient (FoodID, Ingredient)
VALUES ('f101_0489', N'400g Cannellini Beans');

INSERT INTO Food (FoodID, Title, Description, Calories, Instructions, ImageURL, SourceURL, Partition)
VALUES (
    'f101_0490',
    N'Cream Cheese Tart',
    N'A savory-sweet tart made with a buttery crust, creamy cheese filling, and marinated plum tomatoes on top, garnished with fresh basil.',
    400,
    N'1. Crust: make a dough from 250g flour (I like mixing different flours like plain and wholegrain spelt flour), 125g butter, 1 egg and a pinch of salt, press it into a tart form and place it in the fridge 2. Filling: stir 300g cream cheese and 100ml milk until smooth, add in 3 eggs, 100g grated parmesan cheese and season with salt, pepper and nutmeg 3. Take the crust out of the fridge and prick the bottom with a fork 4. Pour in the filling and bake at 175 degrees C for about 25 minutes 5. Cover the tart with some aluminium foil after half the time 6. In the mean time, slice about 350g mini tomatoes 7. In a small pan heat 3tbsp olive oil, 3tbsp white vinegar, 1 tbsp honey, salt and pepper and combine well 8. Pour over the tomato slices and mix well 9. With a spoon, place the tomato slices on the tart, avoiding too much liquid on it 10. Decorate with basil leaves and enjoy',
    'https://www.themealdb.com/images/media/meals/wurrux1468416624.jpg',
    'https://www.themealdb.com/images/media/meals/wurrux1468416624.jpg',
    'test'
);

INSERT INTO Food_Ingredient (FoodID, Ingredient)
VALUES ('f101_0490', N'250g Flour');

INSERT INTO Food_Ingredient (FoodID, Ingredient)
VALUES ('f101_0490', N'125g Butter');

INSERT INTO Food_Ingredient (FoodID, Ingredient)
VALUES ('f101_0490', N'1 Egg');

INSERT INTO Food_Ingredient (FoodID, Ingredient)
VALUES ('f101_0490', N'Pinch Salt');

INSERT INTO Food_Ingredient (FoodID, Ingredient)
VALUES ('f101_0490', N'300g Cheese');

INSERT INTO Food_Ingredient (FoodID, Ingredient)
VALUES ('f101_0490', N'100ml milk Milk');

INSERT INTO Food_Ingredient (FoodID, Ingredient)
VALUES ('f101_0490', N'3 Eggs');

INSERT INTO Food_Ingredient (FoodID, Ingredient)
VALUES ('f101_0490', N'100g Parmesan Cheese');

INSERT INTO Food_Ingredient (FoodID, Ingredient)
VALUES ('f101_0490', N'350g Plum tomatoes');

INSERT INTO Food_Ingredient (FoodID, Ingredient)
VALUES ('f101_0490', N'3tbsp White Vinegar');

INSERT INTO Food_Ingredient (FoodID, Ingredient)
VALUES ('f101_0490', N'1 tbsp Honey');

INSERT INTO Food_Ingredient (FoodID, Ingredient)
VALUES ('f101_0490', N'Topping Basil');

INSERT INTO Food (FoodID, Title, Description, Calories, Instructions, ImageURL, SourceURL, Partition)
VALUES (
    'f101_0491',
    N'Fruit and Cream Cheese Breakfast Pastries',
    N'Elegant breakfast pastries made from puff pastry filled with sweetened cream cheese and topped with fresh berries, baked until golden and flaky.',
    250,
    N'1. Preheat oven to 400ºF (200ºC), and prepare two cookie sheets with parchment paper 2. In a bowl, mix cream cheese, sugar, and vanilla until fully combined 3. Lightly flour the surface and roll out puff pastry on top to flatten 4. Cut each sheet of puff pastry into 9 equal squares 5. On the top right and bottom left of the pastry, cut an L shape approximately ½ inch (1 cm) from the edge.
NOTE: This L shape should reach all the way down and across the square, however both L shapes should not meet at the ends 6. Your pastry should look like a picture frame with two corners still intact.
Take the upper right corner and fold down towards the inner bottom corner 7. You will now have a diamond shape.
Place 1 to 2 teaspoons of the cream cheese filling in the middle, then place berries on top.
Repeat with the remaining pastry squares and place them onto the parchment covered baking sheet.
Bake for 15-20 minutes or until pastry is golden brown and puffed.
Enjoy!',
    'https://www.themealdb.com/images/media/meals/1543774956.jpg',
    'https://www.themealdb.com/images/media/meals/1543774956.jpg',
    'test'
);

INSERT INTO Food_Ingredient (FoodID, Ingredient)
VALUES ('f101_0491', N'1 1/4 oz Cream Cheese');

INSERT INTO Food_Ingredient (FoodID, Ingredient)
VALUES ('f101_0491', N'1 1/4 cup Sugar');

INSERT INTO Food_Ingredient (FoodID, Ingredient)
VALUES ('f101_0491', N'1 teaspoon Vanilla Extract');

INSERT INTO Food_Ingredient (FoodID, Ingredient)
VALUES ('f101_0491', N'Flour');

INSERT INTO Food_Ingredient (FoodID, Ingredient)
VALUES ('f101_0491', N'2 Puff Pastry');

INSERT INTO Food_Ingredient (FoodID, Ingredient)
VALUES ('f101_0491', N'Strawberries');

INSERT INTO Food_Ingredient (FoodID, Ingredient)
VALUES ('f101_0491', N'Raspberries');

INSERT INTO Food_Ingredient (FoodID, Ingredient)
VALUES ('f101_0491', N'Blackberries');

INSERT INTO Food (FoodID, Title, Description, Calories, Instructions, ImageURL, SourceURL, Partition)
VALUES (
    'f101_0492',
    N'Canadian Butter Tarts',
    N'A Canadian classic dessert with flaky pastry shells filled with a rich, gooey mixture of butter, sugar, eggs, raisins, and nuts.',
    300,
    N'1. Preheat the oven to fan 170C/ conventional 190C/gas 5 2. Roll out the pastry on a lightly floured surface so it’s slightly thinner than straight from the pack 3. Then cut out 18-20 rounds with a 7.5cm fluted cutter, re-rolling the trimmings 4. Use the rounds to line two deep 12-hole tart tins (not muffin tins) 5. If you only have a regular-sized, 12-hole tart tin you will be able to make a few more slightly shallower tarts.
Beat the eggs in a large bowl and combine with the rest of the ingredients except the walnuts 6. Tip this mixture into a pan and stir continuously for 3-4 minutes until the butter melts, and the mixture bubbles and starts to thicken 7. It should be thick enough to coat the back of a wooden spoon 8. Don’t overcook, and be sure to stir all the time as the mixture can easily burn 9. Remove from the heat and stir in the nuts.
Spoon the filling into the unbaked tart shells so it’s level with the pastry 10. Bake for 15-18 minutes until set and pale golden 11. Leave in the tin to cool for a few minutes before lifting out on to a wire rack 12. Serve warm or cold.',
    'https://www.themealdb.com/images/media/meals/wpputp1511812960.jpg',
    'https://www.themealdb.com/images/media/meals/wpputp1511812960.jpg',
    'test'
);

INSERT INTO Food_Ingredient (FoodID, Ingredient)
VALUES ('f101_0492', N'375g Shortcrust Pastry');

INSERT INTO Food_Ingredient (FoodID, Ingredient)
VALUES ('f101_0492', N'2 large Eggs');

INSERT INTO Food_Ingredient (FoodID, Ingredient)
VALUES ('f101_0492', N'175g Muscovado Sugar');

INSERT INTO Food_Ingredient (FoodID, Ingredient)
VALUES ('f101_0492', N'100g Raisins');

INSERT INTO Food_Ingredient (FoodID, Ingredient)
VALUES ('f101_0492', N'1 tsp Vanilla Extract');

INSERT INTO Food_Ingredient (FoodID, Ingredient)
VALUES ('f101_0492', N'50g Butter');

INSERT INTO Food_Ingredient (FoodID, Ingredient)
VALUES ('f101_0492', N'4 tsp Single Cream');

INSERT INTO Food_Ingredient (FoodID, Ingredient)
VALUES ('f101_0492', N'50g Walnuts');

INSERT INTO Food (FoodID, Title, Description, Calories, Instructions, ImageURL, SourceURL, Partition)
VALUES (
    'f101_0493',
    N'Peanut Butter Cookies',
    N'Simple, flourless cookies made with just peanut butter, sugar, and egg, baked to golden perfection with a signature criss-cross pattern.',
    150,
    N'1. Preheat oven to 350ºF (180ºC).
In a large bowl, mix together the peanut butter, sugar, and egg.
Scoop out a spoonful of dough and roll it into a ball 2. Place the cookie balls onto a nonstick baking sheet.
For extra decoration and to make them cook more evenly, flatten the cookie balls by pressing a fork down on top of them, then press it down again at a 90º angle to make a criss-cross pattern.
Bake for 8-10 minutes or until the bottom of the cookies are golden brown.
Remove from baking sheet and cool.
Enjoy!',
    'https://www.themealdb.com/images/media/meals/1544384070.jpg',
    'https://www.themealdb.com/images/media/meals/1544384070.jpg',
    'test'
);

INSERT INTO Food_Ingredient (FoodID, Ingredient)
VALUES ('f101_0493', N'1 cup Peanut Butter');

INSERT INTO Food_Ingredient (FoodID, Ingredient)
VALUES ('f101_0493', N'1/2 cup Sugar');

INSERT INTO Food_Ingredient (FoodID, Ingredient)
VALUES ('f101_0493', N'1 Egg');

INSERT INTO Food (FoodID, Title, Description, Calories, Instructions, ImageURL, SourceURL, Partition)
VALUES (
    'f101_0494',
    N'Bread and Butter Pudding',
    N'A traditional British dessert using buttered bread slices layered with sultanas and baked in a creamy egg custard, seasoned with cinnamon and nutmeg.',
    300,
    N'1. Grease a 1 litre/2 pint pie dish with butter.
Cut the crusts off the bread 2. Spread each slice with on one side with butter, then cut into triangles.
Arrange a layer of bread, buttered-side up, in the bottom of the dish, then add a layer of sultanas 3. Sprinkle with a little cinnamon, then repeat the layers of bread and sultanas, sprinkling with cinnamon, until you have used up all of the bread 4. Finish with a layer of bread, then set aside.
Gently warm the milk and cream in a pan over a low heat to scalding point 5. Don''t let it boil.
Crack the eggs into a bowl, add three quarters of the sugar and lightly whisk until pale.
Add the warm milk and cream mixture and stir well, then strain the custard into a bowl.
Pour the custard over the prepared bread layers and sprinkle with nutmeg and the remaining sugar and leave to stand for 30 minutes.
Preheat the oven to 180C/355F/Gas 4.
Place the dish into the oven and bake for 30-40 minutes, or until the custard has set and the top is golden-brown.',
    'https://www.themealdb.com/images/media/meals/xqwwpy1483908697.jpg',
    'https://www.themealdb.com/images/media/meals/xqwwpy1483908697.jpg',
    'test'
);

INSERT INTO Food_Ingredient (FoodID, Ingredient)
VALUES ('f101_0494', N'25g/1oz butter');

INSERT INTO Food_Ingredient (FoodID, Ingredient)
VALUES ('f101_0494', N'8 thin slices bread');

INSERT INTO Food_Ingredient (FoodID, Ingredient)
VALUES ('f101_0494', N'50g/2oz sultanas');

INSERT INTO Food_Ingredient (FoodID, Ingredient)
VALUES ('f101_0494', N'2 tsp cinnamon');

INSERT INTO Food_Ingredient (FoodID, Ingredient)
VALUES ('f101_0494', N'350ml/12fl milk');

INSERT INTO Food_Ingredient (FoodID, Ingredient)
VALUES ('f101_0494', N'50ml/2fl oz double cream');

INSERT INTO Food_Ingredient (FoodID, Ingredient)
VALUES ('f101_0494', N'2 free-range eggs');

INSERT INTO Food_Ingredient (FoodID, Ingredient)
VALUES ('f101_0494', N'25g/1oz sugar');

INSERT INTO Food_Ingredient (FoodID, Ingredient)
VALUES ('f101_0494', N'grated, to taste nutmeg');

INSERT INTO Food (FoodID, Title, Description, Calories, Instructions, ImageURL, SourceURL, Partition)
VALUES (
    'f101_0495',
    N'Peanut Butter Cheesecake',
    N'A decadent cheesecake combining creamy ricotta, rich peanut butter, and a crunchy peanut cookie base, topped with whipped cream and peanut brittle.',
    450,
    N'1. Oil and line a 20cm round loose- bottomed cake tin with cling film, making it as smooth as possible 2. Melt the butter in a pan 3. Crush the biscuits by bashing them in a bag with a rolling pin, then stir them into the butter until very well coated 4. Press the mixture firmly into the base of the tin and chill.
Soak the gelatine in water while you make the filling 5. Tip the ricotta into a bowl, then beat in the peanut butter and syrup 6. Ricotta has a slightly grainy texture so blitz until smooth with a stick blender for a smoother texture if you prefer.
Take the soaked gelatine from the water and squeeze dry 7. Put it into a pan with the milk and heat very gently until the gelatine dissolves 8. Beat into the peanut mixture, then tip onto the biscuit base 9. Chill until set.
To freeze, leave in the tin and as soon as it is solid, cover the surface with cling film, then wrap the tin with cling film and foil.
To defrost, thaw in the fridge overnight.
To serve, carefully remove from the tin 10. Whisk the cream with the sugar until it holds its shape, then spread on top of the cheesecake and scatter with the peanut brittle.',
    'https://www.themealdb.com/images/media/meals/qtuuys1511387068.jpg',
    'https://www.themealdb.com/images/media/meals/qtuuys1511387068.jpg',
    'test'
);

INSERT INTO Food_Ingredient (FoodID, Ingredient)
VALUES ('f101_0495', N'50g Butter');

INSERT INTO Food_Ingredient (FoodID, Ingredient)
VALUES ('f101_0495', N'175g Peanut Cookies');

INSERT INTO Food_Ingredient (FoodID, Ingredient)
VALUES ('f101_0495', N'5 Gelatine Leafs');

INSERT INTO Food_Ingredient (FoodID, Ingredient)
VALUES ('f101_0495', N'500g Ricotta');

INSERT INTO Food_Ingredient (FoodID, Ingredient)
VALUES ('f101_0495', N'175g Peanut Butter');

INSERT INTO Food_Ingredient (FoodID, Ingredient)
VALUES ('f101_0495', N'175g Golden Syrup');

INSERT INTO Food_Ingredient (FoodID, Ingredient)
VALUES ('f101_0495', N'150ml Milk');

INSERT INTO Food_Ingredient (FoodID, Ingredient)
VALUES ('f101_0495', N'275ml Double Cream');

INSERT INTO Food_Ingredient (FoodID, Ingredient)
VALUES ('f101_0495', N'2 tblsp Light Brown Soft Sugar');

INSERT INTO Food_Ingredient (FoodID, Ingredient)
VALUES ('f101_0495', N'Crushed Peanut Brittle');

INSERT INTO Food (FoodID, Title, Description, Calories, Instructions, ImageURL, SourceURL, Partition)
VALUES (
    'f101_0496',
    N'Honey Yogurt Cheesecake',
    N'A no-bake cheesecake made with Greek yogurt and mascarpone, naturally sweetened with honey and citrus zest, served chilled with fresh fruit.',
    778,
    N'1. Heat oven to 160C/140C fan/gas 3 2. Crush the biscuits and most of the almonds inside a plastic food bag using a rolling pin 3. Mix with the butter, then press into the bottom of a deep, oval, 23cm dish (or something similar in size – a roasting tin, baking dish or cake tin will work) 4. Bake for 10 mins until crisp.

Stir or mash together the yogurt and mascarpone, then whisk in the eggs, one at a time 5. Stir in the lemon and orange zests, then stir in most of the honey, reserving about 3 tbsp 6. Spread over the biscuit base, cover loosely with foil and cook for 1 hr 7. Remove the foil and cook for 15 mins more until lightly golden and the top is firm with just the slightest wobble in the middle 8. Leave to cool 9. Can be kept in the fridge for up to 2 days.

To serve, scatter with almonds, drizzle over the remaining honey, and hand around fresh fruit to go with it.',
    'https://www.themealdb.com/images/media/meals/y2irzl1585563479.jpg',
    'https://www.themealdb.com/images/media/meals/y2irzl1585563479.jpg',
    'test'
);

INSERT INTO Food_Ingredient (FoodID, Ingredient)
VALUES ('f101_0496', N'100g Digestive Biscuits');

INSERT INTO Food_Ingredient (FoodID, Ingredient)
VALUES ('f101_0496', N'85g Almonds');

INSERT INTO Food_Ingredient (FoodID, Ingredient)
VALUES ('f101_0496', N'85g Butter');

INSERT INTO Food_Ingredient (FoodID, Ingredient)
VALUES ('f101_0496', N'250ml Greek Yogurt');

INSERT INTO Food_Ingredient (FoodID, Ingredient)
VALUES ('f101_0496', N'750g Mascarpone');

INSERT INTO Food_Ingredient (FoodID, Ingredient)
VALUES ('f101_0496', N'2 Eggs');

INSERT INTO Food_Ingredient (FoodID, Ingredient)
VALUES ('f101_0496', N'Zest of 1 Lemon');

INSERT INTO Food_Ingredient (FoodID, Ingredient)
VALUES ('f101_0496', N'Zest of 1 Orange');

INSERT INTO Food_Ingredient (FoodID, Ingredient)
VALUES ('f101_0496', N'250ml Honey');

INSERT INTO Food_Ingredient (FoodID, Ingredient)
VALUES ('f101_0496', N'To serve Fruit Mix');

INSERT INTO Food (FoodID, Title, Description, Calories, Instructions, ImageURL, SourceURL, Partition)
VALUES (
    'f101_0497',
    N'Stovetop Eggplant With Harissa, Chickpeas, and Cumin Yogurt',
    N'A hearty vegetarian dish of sautéed eggplant simmered with spicy harissa, chickpeas, and tomatoes, served with a cooling cumin yogurt sauce.',
    386,
    N'1. Heat the oil in a 12-inch skillet over high heat until shimmering 2. Add the eggplants and lower the heat to medium 3. Season with salt and pepper as you rotate the eggplants, browning them on all sides 4. Continue to cook, turning regularly, until a fork inserted into the eggplant meets no resistance (you may have to stand them up on their fat end to finish cooking the thickest parts), about 20 minutes, lowering the heat and sprinkling water into the pan as necessary if the eggplants threaten to burn or smoke excessively.

2.
Mix the harissa, chickpeas and tomatoes together, then add to the eggplants 5. Cook until the tomatoes have blistered and broken down, about 5 minutes more 6. Season with salt and pepper and add water as necessary to thin to a saucy consistency 7. Meanwhile, combine the yogurt and cumin in a serving bowl 8. Season with salt and pepper.

3.
Top the eggplant mixture with the parsley, drizzle with more extra virgin olive oil, and serve with the yogurt on the side.',
    'https://www.themealdb.com/images/media/meals/yqwtvu1487426027.jpg',
    'https://www.themealdb.com/images/media/meals/yqwtvu1487426027.jpg',
    'test'
);

INSERT INTO Food_Ingredient (FoodID, Ingredient)
VALUES ('f101_0497', N'4 tablespoons Olive Oil');

INSERT INTO Food_Ingredient (FoodID, Ingredient)
VALUES ('f101_0497', N'6 small Egg Plants');

INSERT INTO Food_Ingredient (FoodID, Ingredient)
VALUES ('f101_0497', N'½ tablespoon Harissa Spice');

INSERT INTO Food_Ingredient (FoodID, Ingredient)
VALUES ('f101_0497', N'1 can Chickpeas');

INSERT INTO Food_Ingredient (FoodID, Ingredient)
VALUES ('f101_0497', N'2 cups halved Cherry Tomatoes');

INSERT INTO Food_Ingredient (FoodID, Ingredient)
VALUES ('f101_0497', N'1 1/2 cups Greek yogurt');

INSERT INTO Food_Ingredient (FoodID, Ingredient)
VALUES ('f101_0497', N'1 tablespoon Ground cumin');

INSERT INTO Food_Ingredient (FoodID, Ingredient)
VALUES ('f101_0497', N'½ cup Parsley');

INSERT INTO Food (FoodID, Title, Description, Calories, Instructions, ImageURL, SourceURL, Partition)
VALUES (
    'f101_0498',
    N'Grilled eggplant with coconut milk',
    N'A smoky and creamy Southeast Asian-inspired dish where grilled eggplants are peeled and soaked in a coconut milk dressing with lemon, chili flakes, and green onions.',
    235,
    N'1. Prepare the eggplants for grilling by pricking them all over with a fork 2. This is so it won’t burst during the grilling process as the natural water in it heats up.
2 3. Grill the eggplants, turning them over frequently to ensure even cooking 4. Grill until the skins are dark brown, even black and the eggplant is soft when you touch it.
3 5. Soak the grilled eggplant in a bowl of water to cool it down 6. Peel the skin off the eggplant 7. Place the whole eggplants in a shallow dish (my mom actually cuts the eggplant into small, bite-sized pieces).
 4 8. In a small mixing bowl, mix together the coconut milk or cream, lemon powder, salt and hot pepper 9. Mix until the lemon powder and salt dissolve 10. Taste, then adjust the amount of lemon powder, salt and hot pepper to your liking 11. Pour the mixture over the eggplant 12. Sprinkle the green onions over the eggplant and coconut milk 13. Stir gently to combine',
    'https://www.themealdb.com/images/media/meals/bopa2i1683209167.jpg',
    'https://www.themealdb.com/images/media/meals/bopa2i1683209167.jpg',
    'test'
);

INSERT INTO Food_Ingredient (FoodID, Ingredient)
VALUES ('f101_0498', N'6 Egg Plants');

INSERT INTO Food_Ingredient (FoodID, Ingredient)
VALUES ('f101_0498', N'1 can Coconut Milk');

INSERT INTO Food_Ingredient (FoodID, Ingredient)
VALUES ('f101_0498', N'1 tbs Lemon Juice');

INSERT INTO Food_Ingredient (FoodID, Ingredient)
VALUES ('f101_0498', N'1 tsp Salt');

INSERT INTO Food_Ingredient (FoodID, Ingredient)
VALUES ('f101_0498', N'To taste Red Pepper Flakes');

INSERT INTO Food_Ingredient (FoodID, Ingredient)
VALUES ('f101_0498', N'4 Sticks Onions');

INSERT INTO Food (FoodID, Title, Description, Calories, Instructions, ImageURL, SourceURL, Partition)
VALUES (
    'f101_0499',
    N'Moroccan Carrot Soup',
    N'A warm, spiced soup featuring roasted carrots, garlic, cumin, coriander, and garam masala, blended into a velvety texture and finished with lemon juice.',
    348,
    N'1. Step 1
Preheat oven to 180° C.
Step 2
Combine carrots, onion, garlic, cumin seeds, coriander seeds, salt and olive oil in a bowl and mix well 2. Transfer on a baking tray.
Step 3
Put the baking tray in preheated oven and roast for 10-12 minutes or till carrots soften 3. Remove from heat and cool.
Step 4
Grind the baked carrot mixture along with some water to make a smooth paste and strain in a bowl.
Step 5
Heat the carrot mixture in a non-stick pan 4. Add two cups of water and bring to a boil 5. Add garam masala powder and mix 6. Add salt and mix well.
Step 6
Remove from heat, add lemon juice and mix well.
Step 7
Serve hot.',
    'https://www.themealdb.com/images/media/meals/jcr46d1614763831.jpg',
    'https://www.themealdb.com/images/media/meals/jcr46d1614763831.jpg',
    'test'
);

INSERT INTO Food_Ingredient (FoodID, Ingredient)
VALUES ('f101_0499', N'6 chopped Carrots');

INSERT INTO Food_Ingredient (FoodID, Ingredient)
VALUES ('f101_0499', N'1 sliced Onion');

INSERT INTO Food_Ingredient (FoodID, Ingredient)
VALUES ('f101_0499', N'4 Garlic Clove');

INSERT INTO Food_Ingredient (FoodID, Ingredient)
VALUES ('f101_0499', N'1 tsp Cumin');

INSERT INTO Food_Ingredient (FoodID, Ingredient)
VALUES ('f101_0499', N'1/2 tsp Coriander');

INSERT INTO Food_Ingredient (FoodID, Ingredient)
VALUES ('f101_0499', N'1 tbs Olive Oil');

INSERT INTO Food_Ingredient (FoodID, Ingredient)
VALUES ('f101_0499', N'1/4 tsp Garam Masala');

INSERT INTO Food_Ingredient (FoodID, Ingredient)
VALUES ('f101_0499', N'1 tsp Lemon Juice');

INSERT INTO Food (FoodID, Title, Description, Calories, Instructions, ImageURL, SourceURL, Partition)
VALUES (
    'f101_0500',
    N'Cajun spiced fish tacos',
    N'Flaky white fish fillets seasoned with Cajun spices and served in flour tortillas with avocado, salsa, lettuce, and sour cream for a zesty, satisfying taco experience.',
    487,
    N'1. Cooking in a cajun spice and cayenne pepper marinade makes this fish super succulent and flavoursome 2. Top with a zesty dressing and serve in a tortilla for a quick, fuss-free main that''s delightfully summery.

On a large plate, mix the cajun spice and cayenne pepper with a little seasoning and use to coat the fish all over.

Heat a little oil in a frying pan, add in the fish and cook over a medium heat until golden 3. Reduce the heat and continue frying until the fish is cooked through, about 10 minutes 4. Cook in batches if you don’t have enough room in the pan.

Meanwhile, prepare the dressing by combining all the ingredients with a little seasoning.
Soften the tortillas by heating in the microwave for 5-10 seconds 5. Pile high with the avocado, lettuce and spring onion, add a spoonful of salsa, top with large flakes of fish and drizzle over the dressing.',
    'https://www.themealdb.com/images/media/meals/uvuyxu1503067369.jpg',
    'https://www.themealdb.com/images/media/meals/uvuyxu1503067369.jpg',
    'test'
);

INSERT INTO Food_Ingredient (FoodID, Ingredient)
VALUES ('f101_0500', N'2 tbsp cajun');

INSERT INTO Food_Ingredient (FoodID, Ingredient)
VALUES ('f101_0500', N'1 tsp cayenne pepper');

INSERT INTO Food_Ingredient (FoodID, Ingredient)
VALUES ('f101_0500', N'4 fillets white fish');

INSERT INTO Food_Ingredient (FoodID, Ingredient)
VALUES ('f101_0500', N'1 tsp vegetable oil');

INSERT INTO Food_Ingredient (FoodID, Ingredient)
VALUES ('f101_0500', N'8 flour tortilla');

INSERT INTO Food_Ingredient (FoodID, Ingredient)
VALUES ('f101_0500', N'1 sliced avocado');

INSERT INTO Food_Ingredient (FoodID, Ingredient)
VALUES ('f101_0500', N'2 shredded little gem lettuce');

INSERT INTO Food_Ingredient (FoodID, Ingredient)
VALUES ('f101_0500', N'4 shredded Spring Onions');

INSERT INTO Food_Ingredient (FoodID, Ingredient)
VALUES ('f101_0500', N'1 x 300ml salsa');

INSERT INTO Food_Ingredient (FoodID, Ingredient)
VALUES ('f101_0500', N'1 pot sour cream');

INSERT INTO Food_Ingredient (FoodID, Ingredient)
VALUES ('f101_0500', N'1 lemon');

INSERT INTO Food_Ingredient (FoodID, Ingredient)
VALUES ('f101_0500', N'1 clove finely chopped garlic');

INSERT INTO Food (FoodID, Title, Description, Calories, Instructions, ImageURL, SourceURL, Partition)
VALUES (
    'f101_0501',
    N'Chinon Apple Tarts',
    N'French-style puff pastry tarts topped with thinly sliced apples, caramelized sugar, and glazed with red wine jelly, served with cardamom-scented crème fraîche.',
    674,
    N'1. To make the red wine jelly, put the red wine, jam sugar, star anise, clove, cinnamon stick, allspice, split vanilla pod and seeds in a medium saucepan 2. Stir together, then heat gently to dissolve the sugar 3. Turn up the heat and boil for 20 mins until reduced and syrupy 4. Strain into a small, sterilised jam jar and leave to cool completely 5. Will keep in the fridge for up to 1 month.

Take the pastry out of the fridge and leave at room temperature for 10 mins, then unroll 6. Heat the grill to high and heat the oven to 180C/160C fan/gas 4 7. Cut out 2 x 13cm circles of pastry, using a plate as a guide, and place on a non-stick baking sheet 8. Sprinkle each circle with 1 tbsp sugar and grill for 5 mins to caramelise, watching carefully so that the sugar doesn’t burn 9. Remove from the grill 10. Can be done a few hours ahead, and left, covered, out of the fridge.

Peel, quarter and core the apples, cut into 2mm-thin slices and arrange on top of the pastry 11. Sprinkle over the remaining sugar and pop in the oven for 20-25 mins until the pastry is cooked through and golden, and the apples are softened 12. Remove and allow to cool slightly 13. Warm 3 tbsp of the red wine jelly in a small pan over a low heat with 1 tsp water to make it a little more runny, then brush over the top of the tarts.

Tip the crème fraîche into a bowl, sift over the icing sugar and cardamom, and mix together 14. Carefully lift the warm tarts onto serving plates and serve with the cardamom crème fraîche.',
    'https://www.themealdb.com/images/media/meals/qtqwwu1511792650.jpg',
    'https://www.themealdb.com/images/media/meals/qtqwwu1511792650.jpg',
    'test'
);

INSERT INTO Food_Ingredient (FoodID, Ingredient)
VALUES ('f101_0501', N'320g Puff Pastry');

INSERT INTO Food_Ingredient (FoodID, Ingredient)
VALUES ('f101_0501', N'4 tbs Dark Brown Soft Sugar');

INSERT INTO Food_Ingredient (FoodID, Ingredient)
VALUES ('f101_0501', N'3 Braeburn Apples');

INSERT INTO Food_Ingredient (FoodID, Ingredient)
VALUES ('f101_0501', N'4 tbs Red Wine Jelly');

INSERT INTO Food_Ingredient (FoodID, Ingredient)
VALUES ('f101_0501', N'100ml Creme Fraiche');

INSERT INTO Food_Ingredient (FoodID, Ingredient)
VALUES ('f101_0501', N'1 tbs Icing Sugar');

INSERT INTO Food_Ingredient (FoodID, Ingredient)
VALUES ('f101_0501', N'3 Cardamom');

INSERT INTO Food (FoodID, Title, Description, Calories, Instructions, ImageURL, SourceURL, Partition)
VALUES (
    'f101_0502',
    N'Apple Frangipan Tart',
    N'A buttery biscuit crust filled with fresh Bramley apples and almond frangipane, topped with flaked almonds and baked until golden, served warm or cold.',
    397,
    N'1. Preheat the oven to 200C/180C Fan/Gas 6.
Put the biscuits in a large re-sealable freezer bag and bash with a rolling pin into fine crumbs 2. Melt the butter in a small pan, then add the biscuit crumbs and stir until coated with butter 3. Tip into the tart tin and, using the back of a spoon, press over the base and sides of the tin to give an even layer 4. Chill in the fridge while you make the filling.
Cream together the butter and sugar until light and fluffy 5. You can do this in a food processor if you have one 6. Process for 2-3 minutes 7. Mix in the eggs, then add the ground almonds and almond extract and blend until well combined.
Peel the apples, and cut thin slices of apple 8. Do this at the last minute to prevent the apple going brown 9. Arrange the slices over the biscuit base 10. Spread the frangipane filling evenly on top 11. Level the surface and sprinkle with the flaked almonds.
Bake for 20-25 minutes until golden-brown and set.
Remove from the oven and leave to cool for 15 minutes 12. Remove the sides of the tin 13. An easy way to do this is to stand the tin on a can of beans and push down gently on the edges of the tin.
Transfer the tart, with the tin base attached, to a serving plate 14. Serve warm with cream, crème fraiche or ice cream.',
    'https://www.themealdb.com/images/media/meals/wxywrq1468235067.jpg',
    'https://www.themealdb.com/images/media/meals/wxywrq1468235067.jpg',
    'test'
);

INSERT INTO Food_Ingredient (FoodID, Ingredient)
VALUES ('f101_0502', N'175g/6oz digestive biscuits');

INSERT INTO Food_Ingredient (FoodID, Ingredient)
VALUES ('f101_0502', N'75g/3oz butter');

INSERT INTO Food_Ingredient (FoodID, Ingredient)
VALUES ('f101_0502', N'200g/7oz Bramley apples');

INSERT INTO Food_Ingredient (FoodID, Ingredient)
VALUES ('f101_0502', N'75g/3oz Salted Butter');

INSERT INTO Food_Ingredient (FoodID, Ingredient)
VALUES ('f101_0502', N'75g/3oz caster sugar');

INSERT INTO Food_Ingredient (FoodID, Ingredient)
VALUES ('f101_0502', N'2 free-range eggs, beaten');

INSERT INTO Food_Ingredient (FoodID, Ingredient)
VALUES ('f101_0502', N'75g/3oz ground almonds');

INSERT INTO Food_Ingredient (FoodID, Ingredient)
VALUES ('f101_0502', N'1 tsp almond extract');

INSERT INTO Food_Ingredient (FoodID, Ingredient)
VALUES ('f101_0502', N'50g/1¾oz flaked almonds');

INSERT INTO Food (FoodID, Title, Description, Calories, Instructions, ImageURL, SourceURL, Partition)
VALUES (
    'f101_0503',
    N'Apple & Blackberry Crumble',
    N'A British classic made with sweet-tart apples and blackberries baked under a golden, buttery crumble topping, best served with vanilla ice cream.',
    273,
    N'1. Heat oven to 190C/170C fan/gas 5 2. Tip the flour and sugar into a large bowl 3. Add the butter, then rub into the flour using your fingertips to make a light breadcrumb texture 4. Do not overwork it or the crumble will become heavy 5. Sprinkle the mixture evenly over a baking sheet and bake for 15 mins or until lightly coloured.
Meanwhile, for the compote, peel, core and cut the apples into 2cm dice 6. Put the butter and sugar in a medium saucepan and melt together over a medium heat 7. Cook for 3 mins until the mixture turns to a light caramel 8. Stir in the apples and cook for 3 mins 9. Add the blackberries and cinnamon, and cook for 3 mins more 10. Cover, remove from the heat, then leave for 2-3 mins to continue cooking in the warmth of the pan.
To serve, spoon the warm fruit into an ovenproof gratin dish, top with the crumble mix, then reheat in the oven for 5-10 mins 11. Serve with vanilla ice cream.',
    'https://www.themealdb.com/images/media/meals/xvsurr1511719182.jpg',
    'https://www.themealdb.com/images/media/meals/xvsurr1511719182.jpg',
    'test'
);

INSERT INTO Food_Ingredient (FoodID, Ingredient)
VALUES ('f101_0503', N'120g Plain Flour');

INSERT INTO Food_Ingredient (FoodID, Ingredient)
VALUES ('f101_0503', N'60g Caster Sugar');

INSERT INTO Food_Ingredient (FoodID, Ingredient)
VALUES ('f101_0503', N'60g Butter');

INSERT INTO Food_Ingredient (FoodID, Ingredient)
VALUES ('f101_0503', N'300g Braeburn Apples');

INSERT INTO Food_Ingredient (FoodID, Ingredient)
VALUES ('f101_0503', N'30g Butter');

INSERT INTO Food_Ingredient (FoodID, Ingredient)
VALUES ('f101_0503', N'30g Demerara Sugar');

INSERT INTO Food_Ingredient (FoodID, Ingredient)
VALUES ('f101_0503', N'120g Blackberries');

INSERT INTO Food_Ingredient (FoodID, Ingredient)
VALUES ('f101_0503', N'¼ teaspoon Cinnamon');

INSERT INTO Food_Ingredient (FoodID, Ingredient)
VALUES ('f101_0503', N'to serve Ice Cream');

INSERT INTO Food (FoodID, Title, Description, Calories, Instructions, ImageURL, SourceURL, Partition)
VALUES (
    'f101_0504',
    N'Skillet Apple Pork Chops with Roasted Sweet Potatoes & Zucchini',
    N'Pan-seared pork chops topped with caramelized apple glaze, served alongside roasted sweet potatoes and zucchini in a hearty one-pan dinner.',
    703,
    N'1. Serves 2


1 2. Adjust racks to top and middle positions and preheat oven to 450 degrees 3. Wash and dry all produce 4. Dice sweet potatoes into 1/2-inch pieces 5. Toss on a baking sheet with a drizzle of oil, salt, and pepper 6. Roast on top rack for 12 minutes (we''ll roast the zucchini then) 7. 2 8. Meanwhile, halve and core apple; thinly slice into half-moons 9. Peel and finely chop garlic 10. Quarter lemon 11. Trim and halve zucchini lengthwise; cut crosswise into 1/2-inch-thick half-moons 12. Toss on a second baking sheet with a drizzle of oil and a pinch of salt and pepper 13. Set aside 14. 3 15. Pat pork dry with paper towels and season all over with salt and pepper 16. Heat a drizzle of oil in a large pan over medium-high heat 17. Add pork and cook until browned and cooked through, 4-5 minutes per side 18. Turn off heat; transfer to a plate 19. 4 20. Once sweet potatoes have roasted 12 minutes, transfer baking sheet with zucchini to middle rack and continue roasting until both veggies are browned and softened, 12-15 minutes more 21. 5 22. Meanwhile, melt 1 TBSP butter (2 TBSP for 4 servings) in pan used for pork over medium-high heat 23. Add apple and season with salt and pepper 24. Cook, scraping up any browned bits from bottom of pan, until apple is slightly softened, 2-3 minutes 25. Add garlic; cook until fragrant, 30 seconds 26. Add 1/z cup water (3/4 cup for 4), stock concentrate, and 11/2 tsp sugar (3 tsp for 4) 27. Cook, stirring, until sauce has thickened and apple is very tender, 3-5 minutes 28. Season with salt and pepper 29. 6 30. Remove pan with apple from heat; stir in 1 TBSP butter (2 TBSP for 4 servings) and a squeeze of lemon juice 31. Divide pork, zucchini, and sweet potatoes between plates 32. Top pork with glazed apple sauce 33. Top zucchini with a squeeze of lemon juice',
    'https://www.themealdb.com/images/media/meals/h3ijwo1581013377.jpg',
    'https://www.themealdb.com/images/media/meals/h3ijwo1581013377.jpg',
    'test'
);

INSERT INTO Food_Ingredient (FoodID, Ingredient)
VALUES ('f101_0504', N'2 Potatoes');

INSERT INTO Food_Ingredient (FoodID, Ingredient)
VALUES ('f101_0504', N'1 Apples');

INSERT INTO Food_Ingredient (FoodID, Ingredient)
VALUES ('f101_0504', N'2 cloves Garlic');

INSERT INTO Food_Ingredient (FoodID, Ingredient)
VALUES ('f101_0504', N'1 Lemon');

INSERT INTO Food_Ingredient (FoodID, Ingredient)
VALUES ('f101_0504', N'2 Pork');

INSERT INTO Food_Ingredient (FoodID, Ingredient)
VALUES ('f101_0504', N'1 Zucchini');

INSERT INTO Food_Ingredient (FoodID, Ingredient)
VALUES ('f101_0504', N'1 Chicken Stock');

INSERT INTO Food_Ingredient (FoodID, Ingredient)
VALUES ('f101_0504', N'1 tbsp Vegetable Oil');

INSERT INTO Food_Ingredient (FoodID, Ingredient)
VALUES ('f101_0504', N'1 1/2 tsp Sugar');

INSERT INTO Food_Ingredient (FoodID, Ingredient)
VALUES ('f101_0504', N'2 tbsp Butter');

INSERT INTO Food (FoodID, Title, Description, Calories, Instructions, ImageURL, SourceURL, Partition)
VALUES (
    'f101_0505',
    N'Banana Pancakes',
    N'Quick and healthy pancakes made with mashed banana, eggs, and a touch of baking powder, served with pecans and raspberries for a naturally sweet breakfast.',
    264,
    N'1. In a bowl, mash the banana with a fork until it resembles a thick purée 2. Stir in the eggs, baking powder and vanilla.
Heat a large non-stick frying pan or pancake pan over a medium heat and brush with half the oil 3. Using half the batter, spoon two pancakes into the pan, cook for 1-2 mins each side, then tip onto a plate 4. Repeat the process with the remaining oil and batter 5. Top the pancakes with the pecans and raspberries.',
    'https://www.themealdb.com/images/media/meals/sywswr1511383814.jpg',
    'https://www.themealdb.com/images/media/meals/sywswr1511383814.jpg',
    'test'
);

INSERT INTO Food_Ingredient (FoodID, Ingredient)
VALUES ('f101_0505', N'1 large Banana');

INSERT INTO Food_Ingredient (FoodID, Ingredient)
VALUES ('f101_0505', N'2 medium Eggs');

INSERT INTO Food_Ingredient (FoodID, Ingredient)
VALUES ('f101_0505', N'pinch Baking Powder');

INSERT INTO Food_Ingredient (FoodID, Ingredient)
VALUES ('f101_0505', N'spinkling Vanilla Extract');

INSERT INTO Food_Ingredient (FoodID, Ingredient)
VALUES ('f101_0505', N'1 tsp Oil');

INSERT INTO Food_Ingredient (FoodID, Ingredient)
VALUES ('f101_0505', N'25g Pecan Nuts');

INSERT INTO Food_Ingredient (FoodID, Ingredient)
VALUES ('f101_0505', N'125g Raspberries');

INSERT INTO Food (FoodID, Title, Description, Calories, Instructions, ImageURL, SourceURL, Partition)
VALUES (
    'f101_0506',
    N'Tunisian Orange Cake',
    N'A fragrant Mediterranean cake made with whole pureed oranges, olive oil, and vanilla, offering a moist, citrusy bite with a golden crust.',
    394,
    N'1. Preheat oven to 190 C / Gas 5 2. Grease a 23cm round springform tin.
Cut off the hard bits from the top and bottom of the orange 3. Slice the orange and remove all seeds 4. Puree the orange with its peel in a food processor 5. Add one third of the sugar and the olive oil and continue to mix until well combined.
Sieve together flour and baking powder.
Beat the eggs and the remaining sugar with an electric hand mixer for at least five minutes until very fluffy 6. Fold in half of the flour mixture, then the orange and the vanilla, then fold in the remaining flour 7. Mix well but not for too long.
Pour cake mixture into prepared tin and smooth out 8. Bake in preheated oven for 20 minutes 9. Reduce the oven temperature to 160 C / Gas 2 and bake again for 30 minutes Bake until the cake is golden brown and a skewer comes out clean 10. Cool on a wire cake rack.',
    'https://www.themealdb.com/images/media/meals/y4jpgq1560459207.jpg',
    'https://www.themealdb.com/images/media/meals/y4jpgq1560459207.jpg',
    'test'
);

INSERT INTO Food_Ingredient (FoodID, Ingredient)
VALUES ('f101_0506', N'1 large Orange');

INSERT INTO Food_Ingredient (FoodID, Ingredient)
VALUES ('f101_0506', N'300g Caster Sugar');

INSERT INTO Food_Ingredient (FoodID, Ingredient)
VALUES ('f101_0506', N'75 ml Olive Oil');

INSERT INTO Food_Ingredient (FoodID, Ingredient)
VALUES ('f101_0506', N'280g Flour');

INSERT INTO Food_Ingredient (FoodID, Ingredient)
VALUES ('f101_0506', N'1 tbs Baking Powder');

INSERT INTO Food_Ingredient (FoodID, Ingredient)
VALUES ('f101_0506', N'4 large Eggs');

INSERT INTO Food_Ingredient (FoodID, Ingredient)
VALUES ('f101_0506', N'2 tsp Vanilla Extract');

INSERT INTO Food (FoodID, Title, Description, Calories, Instructions, ImageURL, SourceURL, Partition)
VALUES (
    'f101_0507',
    N'Strawberry Rhubarb Pie',
    N'A sweet and tangy fruit pie combining strawberries and rhubarb in a flaky lattice crust, baked until bubbling and golden, perfect with ice cream.',
    518,
    N'1. Pie Crust:  In a food processor, place the flour, salt, and sugar and process until combined 2. Add the butter and process until the mixture resembles coarse

meal (about 15 seconds) 3. Pour 1/4 cup (60 ml) water in a slow, steady stream, through the feed tube until the dough just holds together when pinched 4. If necessary, add more water 5. Do not process more than 30 seconds.
Turn the dough onto your work surface and gather into a ball 6. Divide the dough in half, flattening each half into a disk, cover with plastic wrap, and refrigerate for about one hour before using 7. This will chill the butter and relax the gluten in the flour 8. After the dough has chilled sufficiently, remove one portion of the dough from the fridge and place it on a lightly floured surface 9. Roll the pastry into a 12 inch (30 cm) circle 10. (To prevent the pastry from sticking to the counter and to ensure uniform thickness, keep lifting up and turning the pastry a quarter turn as you roll (always roll from the center of the pastry outwards).)  Fold the dough in half and gently transfer to a 9 inch (23 cm) pie pan 11. Brush off any excess flour and trim any overhanging pastry to an edge of 1/2 inch (1.5 cm) 12. Refrigerate the pastry, covered with plastic wrap, while you make the filling 13. Remove the second round of pastry and roll it into a 13 inch (30 cm) circle 14. Using a pastry wheel or pizza cutter, cut the pastry into about 3/4 inch (2 cm) strips 15. Place the strips of pastry on a parchment paper-lined baking sheet, cover with plastic wrap, and place in the refrigerator for about 10 minutes 16. Make the Strawberry Rhubarb Filling: Place the cut strawberries and rhubarb in a large bowl 17. In a small bowl mix together the cornstarch, sugar, and ground cinnamon 18. Remove the chilled pie crust from the fridge 19. Sprinkle about 2 tablespoons of the sugar mixture over the bottom of the pastry crust 20. Add the remaining sugar mixture to the strawberries and rhubarb and gently toss to combine 21. Pour the fruit mixture into the prepared pie shell 22. Sprinkle the fruit with about 1 teaspoon of lemon juice and dot with 2 tablespoons of butter.

Remove the lattice pastry from the refrigerator and, starting at the center with the longest strips and working outwards, place half the strips, spacing about 1 inch (2.5 cm) apart, on top of the filling 23. (Use the shortest pastry strips at the outer edges.) Then, gently fold back, about halfway, every other strip of pastry 24. Take another strip of pastry and place it perpendicular on top of the first strips of pastry 25. Unfold the bottom strips of pastry and then fold back the strips that weren''t folded back the first time 26. Lay another strip of pastry perpendicular on top of the filling and then continue with the remaining strips 27. Trim the edges of the pastry strips, leaving a 1 inch (2.5 cm) overhang 28. Seal the edges of the pastry strips by folding them under the bottom pastry crust and flute the edges of the pastry 29. Brush the lattice pastry with milk and sprinkle with a little sugar 30. Cover and place in the refrigerator while you preheat the oven to 400 degrees F (205 degrees C) and place the oven rack in the lower third of the oven 31. Put a baking sheet, lined with aluminum foil, on the oven rack (to catch any spills.)

Place the pie plate on the hot baking sheet and bake the pie for about 35 minutes and then, if the edges of the pie are browning too much, cover with a foil ring 32. Continue to bake the pie for about another 10 minutes or until the crust is a golden brown color and the fruit juices begin to bubble.

Remove the pie from the oven and place on a wire rack to cool for several hours 33. Serve at room temperature with softly whipped cream or vanilla ice cream 34. Leftovers can be stored in the refrigerator for about 3 days 35. Reheat before serving 36. This pie can be frozen.

Makes one 9 inch (23 cm) pie.',
    'https://www.themealdb.com/images/media/meals/178z5o1585514569.jpg',
    'https://www.themealdb.com/images/media/meals/178z5o1585514569.jpg',
    'test'
);

INSERT INTO Food_Ingredient (FoodID, Ingredient)
VALUES ('f101_0507', N'350g Flour');

INSERT INTO Food_Ingredient (FoodID, Ingredient)
VALUES ('f101_0507', N'1 tsp Salt');

INSERT INTO Food_Ingredient (FoodID, Ingredient)
VALUES ('f101_0507', N'2 tbs Sugar');

INSERT INTO Food_Ingredient (FoodID, Ingredient)
VALUES ('f101_0507', N'1 cup Butter');

INSERT INTO Food_Ingredient (FoodID, Ingredient)
VALUES ('f101_0507', N'1/2 cup Water');

INSERT INTO Food_Ingredient (FoodID, Ingredient)
VALUES ('f101_0507', N'450g Rhubarb');

INSERT INTO Food_Ingredient (FoodID, Ingredient)
VALUES ('f101_0507', N'450g Strawberries');

INSERT INTO Food_Ingredient (FoodID, Ingredient)
VALUES ('f101_0507', N'3 tbs Cornstarch');

INSERT INTO Food_Ingredient (FoodID, Ingredient)
VALUES ('f101_0507', N'150g Sugar');

INSERT INTO Food_Ingredient (FoodID, Ingredient)
VALUES ('f101_0507', N'1/4 tsp Cinnamon');

INSERT INTO Food_Ingredient (FoodID, Ingredient)
VALUES ('f101_0507', N'1 tsp Lemon Juice');

INSERT INTO Food_Ingredient (FoodID, Ingredient)
VALUES ('f101_0507', N'2 tbs Unsalted Butter');

INSERT INTO Food_Ingredient (FoodID, Ingredient)
VALUES ('f101_0507', N'2 tbs Milk');

INSERT INTO Food_Ingredient (FoodID, Ingredient)
VALUES ('f101_0507', N'Spinkling Sugar');

INSERT INTO Food (FoodID, Title, Description, Calories, Instructions, ImageURL, SourceURL, Partition)
VALUES (
    'f101_0508',
    N'Peach & Blueberry Grunt',
    N'A rustic baked fruit dessert with peaches and blueberries simmered in citrus sauce, topped with cinnamon-sugar dough spirals and baked until golden.',
    376,
    N'1. Heat oven to 190C/170C fan/gas 5 2. Butter a wide shallow ovenproof dish 3. Blend the cornflour with the orange zest and juice, and put in a large pan with the sugar 4. Halve, stone and slice the peaches and add to the pan 5. Bring slowly to the boil, stirring gently until the sauce is shiny and thickened, about 3-4 mins 6. Remove from the heat, stir in the blueberries and tip into the prepared dish.
Tip the flour into a mixing bowl and add the 50g butter 7. Rub the butter into the flour until it resembles fine breadcrumbs, then stir in half the sugar 8. Mix the remaining sugar with the cinnamon and set aside.
Add the milk to the dry ingredients and mix to a soft dough 9. Turn out onto a lightly floured surface and knead briefly 10. Roll out to an oblong roughly 16 x 24cm 11. Brush with melted butter and sprinkle evenly with the spicy sugar 12. Roll up from one long side and cut into 12 slices 13. Arrange around the top of the dish, leaving the centre uncovered.
Bake for 20-25 mins, until the topping is crisp and golden 14. Serve warm.',
    'https://www.themealdb.com/images/media/meals/ssxvup1511387476.jpg',
    'https://www.themealdb.com/images/media/meals/ssxvup1511387476.jpg',
    'test'
);

INSERT INTO Food_Ingredient (FoodID, Ingredient)
VALUES ('f101_0508', N'1 tsp Corn Flour');

INSERT INTO Food_Ingredient (FoodID, Ingredient)
VALUES ('f101_0508', N'Juice of 2 Orange');

INSERT INTO Food_Ingredient (FoodID, Ingredient)
VALUES ('f101_0508', N'Zest of 1 Orange');

INSERT INTO Food_Ingredient (FoodID, Ingredient)
VALUES ('f101_0508', N'2 tbs Caster Sugar');

INSERT INTO Food_Ingredient (FoodID, Ingredient)
VALUES ('f101_0508', N'6 Peaches');

INSERT INTO Food_Ingredient (FoodID, Ingredient)
VALUES ('f101_0508', N'250g Blueberries');

INSERT INTO Food_Ingredient (FoodID, Ingredient)
VALUES ('f101_0508', N'200g Self-raising Flour');

INSERT INTO Food_Ingredient (FoodID, Ingredient)
VALUES ('f101_0508', N'50g Butter');

INSERT INTO Food_Ingredient (FoodID, Ingredient)
VALUES ('f101_0508', N'100g Muscovado Sugar');

INSERT INTO Food_Ingredient (FoodID, Ingredient)
VALUES ('f101_0508', N'1 tsp Cinnamon');

INSERT INTO Food_Ingredient (FoodID, Ingredient)
VALUES ('f101_0508', N'6 tblsp Milk');

INSERT INTO Food (FoodID, Title, Description, Calories, Instructions, ImageURL, SourceURL, Partition)
VALUES (
    'f101_0509',
    N'Chocolate Raspberry Brownies',
    N'Rich and fudgy brownies made with dark and milk chocolate, studded with fresh raspberries for a tart contrast to the sweet, dense chocolate base.',
    759,
    N'1. Heat oven to 180C/160C fan/gas 4 2. Line a 20 x 30cm baking tray tin with baking parchment 3. Put the chocolate, butter and sugar in a pan and gently melt, stirring occasionally with a wooden spoon 4. Remove from the heat.
Stir the eggs, one by one, into the melted chocolate mixture 5. Sieve over the flour and cocoa, and stir in 6. Stir in half the raspberries, scrape into the tray, then scatter over the remaining raspberries 7. Bake on the middle shelf for 30 mins or, if you prefer a firmer texture, for 5 mins more 8. Cool before slicing into squares 9. Store in an airtight container for up to 3 days.',
    'https://www.themealdb.com/images/media/meals/yypvst1511386427.jpg',
    'https://www.themealdb.com/images/media/meals/yypvst1511386427.jpg',
    'test'
);

INSERT INTO Food_Ingredient (FoodID, Ingredient)
VALUES ('f101_0509', N'200g Dark Chocolate');

INSERT INTO Food_Ingredient (FoodID, Ingredient)
VALUES ('f101_0509', N'100g Milk Chocolate');

INSERT INTO Food_Ingredient (FoodID, Ingredient)
VALUES ('f101_0509', N'250g Salted Butter');

INSERT INTO Food_Ingredient (FoodID, Ingredient)
VALUES ('f101_0509', N'400g Light Brown Soft Sugar');

INSERT INTO Food_Ingredient (FoodID, Ingredient)
VALUES ('f101_0509', N'4 large Eggs');

INSERT INTO Food_Ingredient (FoodID, Ingredient)
VALUES ('f101_0509', N'140g Plain Flour');

INSERT INTO Food_Ingredient (FoodID, Ingredient)
VALUES ('f101_0509', N'50g Cocoa');

INSERT INTO Food_Ingredient (FoodID, Ingredient)
VALUES ('f101_0509', N'200g Raspberries');

INSERT INTO Food (FoodID, Title, Description, Calories, Instructions, ImageURL, SourceURL, Partition)
VALUES (
    'f101_0510',
    N'Blackberry Fool',
    N'A creamy, marbled dessert made by folding blackberry purée into whipped cream and yogurt, served chilled with crisp hazelnut biscuits and a touch of mint.',
    690,
    N'1. For the biscuits, preheat the oven to 200C/180C (fan)/Gas 6 and line two large baking trays with baking parchment 2. Scatter the nuts over a baking tray and roast in the oven for 6-8 minutes, or until golden-brown 3. Watch them carefully so that they don’t have a chance to burn 4. Remove from the oven, tip onto a board and leave to cool.
Put the butter and sugar in a large bowl and beat with a wooden spoon until light and creamy 5. Roughly chop the cooled nuts and add to the creamed butter and sugar, along with the lemon zest, flour and baking powder 6. Stir well until the mixture comes together and forms a ball – you may need to use your hands.
Divide the biscuit dough into 24 even pieces and roll into small balls 7. Place the balls the prepared baking trays, spaced well apart to allow for spreading.
Press the biscuits to flatten to around 1cm/½in thick 8. Bake the biscuits, one tray at a time, for 12 minutes or until very pale golden-brown 9. Leave to cool on the trays 10. They will be very soft when you take them out of the oven, but will crisp as they cool.
Store in an airtight tin and eat within five days.
For the fool, rinse the blackberries in a colander to wash away any dust or dirt 11. Put the blackberries in a non-stick saucepan and sprinkle over the caster sugar.
Stir in the lemon juice and heat gently for two minutes, or until the blackberries begin to soften and release their juices 12. Remove and reserve 12 blackberries for decoration and continue cooking the rest.
Simmer the blackberries very gently for 15 minutes, stirring regularly until very soft and squidgy 13. Remove from the heat and press the berries and juice through a sieve over a bowl, using the bottom of a ladle to help you extract as much of the purée as possible 14. Leave the purée to cool and discard the seeds 15. You should end up with around 325ml/11fl oz of purée.
Put the cream and yoghurt in a large bowl and whip with an electric whisk until soft peaks form when the whisk is removed from the bowl – the acidity of the fruit will thicken the cream further, so don’t take it too far.
When the purée is completely cold, adjust the sweetness to taste by adding more sugar if needed 16. Pour it into the bowl with the whipped cream and yoghurt and stir just once or twice until very lightly combined.
Spoon the blackberry fool into individual wide, glass dishes – or one large, single bowl 17. It should look quite marbled, so don’t over-stir it 18. Scatter a few tiny mint leaves on top and decorate with the reserved blackberries 19. Sprinkle with a little sugar if you like and serve with the hazelnut biscuits.',
    'https://www.themealdb.com/images/media/meals/rpvptu1511641092.jpg',
    'https://www.themealdb.com/images/media/meals/rpvptu1511641092.jpg',
    'test'
);

INSERT INTO Food_Ingredient (FoodID, Ingredient)
VALUES ('f101_0510', N'50g Hazlenuts');

INSERT INTO Food_Ingredient (FoodID, Ingredient)
VALUES ('f101_0510', N'125g Butter');

INSERT INTO Food_Ingredient (FoodID, Ingredient)
VALUES ('f101_0510', N'150g Caster Sugar');

INSERT INTO Food_Ingredient (FoodID, Ingredient)
VALUES ('f101_0510', N'Grated Lemon');

INSERT INTO Food_Ingredient (FoodID, Ingredient)
VALUES ('f101_0510', N'150g Plain Flour');

INSERT INTO Food_Ingredient (FoodID, Ingredient)
VALUES ('f101_0510', N'½ tsp Baking Powder');

INSERT INTO Food_Ingredient (FoodID, Ingredient)
VALUES ('f101_0510', N'600g Blackberries');

INSERT INTO Food_Ingredient (FoodID, Ingredient)
VALUES ('f101_0510', N'75g Sugar');

INSERT INTO Food_Ingredient (FoodID, Ingredient)
VALUES ('f101_0510', N'2 tbs Caster Sugar');

INSERT INTO Food_Ingredient (FoodID, Ingredient)
VALUES ('f101_0510', N'1 tbs Lemon Juice');

INSERT INTO Food_Ingredient (FoodID, Ingredient)
VALUES ('f101_0510', N'300ml Double Cream');

INSERT INTO Food_Ingredient (FoodID, Ingredient)
VALUES ('f101_0510', N'100ml Yogurt');

INSERT INTO Food_Ingredient (FoodID, Ingredient)
VALUES ('f101_0510', N'Garnish with Mint');

INSERT INTO Food (FoodID, Title, Description, Calories, Instructions, ImageURL, SourceURL, Partition)
VALUES (
    'f101_0512',
    N'Pear Tarte Tatin',
    N'A rustic French upside-down tart with caramelized spiced pears flambéed in brandy, topped with golden puff pastry and baked until crisp and glossy.',
    582,
    N'1. Core the pears, then peel as neatly as possible and halve 2. If you like, they can be prepared up to a day ahead and kept in the fridge, uncovered, so that they dry out.
Tip the sugar, butter, star anise, cardamom and cinnamon into an ovenproof frying pan, about 20cm wide, and place over a high heat until bubbling 3. Shake the pan and stir the buttery sauce until it separates and the sugar caramelises to a toffee colour.
Lay the pears in the pan, then cook in the sauce for 10-12 mins, tossing occasionally, until completely caramelised 4. Don’t worry about them burning – they won’t – but you want to caramelise them as much as possible 5. Splash in the brandy and let it flambé, then set the pears aside.
Heat oven to 200C/fan 180C/gas 6 6. Roll the pastry out to the thickness of a £1 coin 7. Using a plate slightly larger than the top of the pan, cut out a circle, then press the edges of the circle of pastry to thin them out.
When the pears have cooled slightly, arrange them in the pan, cut side up, in a floral shape, with the pears around the edge pointing inwards 8. Rest the cinnamon stick on the top in the centre, with the cardamom pods scattered around.
Drape the pastry over the pears, then tuck the edges down the pan sides and under the fruit (see Gordon’s guide) 9. Pierce the pastry a few times, then bake for 15 mins 10. If a lot of juice bubbles up the side of the pan, pour it off at this stage (see guide) 11. Reduce oven to 180C/fan 160C/gas 4 and bake for 15 mins more until the pastry is golden 12. Leave the tart to stand for 10 mins, then invert it carefully onto a serving dish.',
    'https://www.themealdb.com/images/media/meals/rxvxrr1511797671.jpg',
    'https://www.themealdb.com/images/media/meals/rxvxrr1511797671.jpg',
    'test'
);

INSERT INTO Food_Ingredient (FoodID, Ingredient)
VALUES ('f101_0512', N'8 Pears');

INSERT INTO Food_Ingredient (FoodID, Ingredient)
VALUES ('f101_0512', N'100g Caster Sugar');

INSERT INTO Food_Ingredient (FoodID, Ingredient)
VALUES ('f101_0512', N'100g Butter');

INSERT INTO Food_Ingredient (FoodID, Ingredient)
VALUES ('f101_0512', N'2 Star Anise');

INSERT INTO Food_Ingredient (FoodID, Ingredient)
VALUES ('f101_0512', N'3 Pods Cardamom');

INSERT INTO Food_Ingredient (FoodID, Ingredient)
VALUES ('f101_0512', N'1 large Cinnamon');

INSERT INTO Food_Ingredient (FoodID, Ingredient)
VALUES ('f101_0512', N'2 tbs Brandy');

INSERT INTO Food_Ingredient (FoodID, Ingredient)
VALUES ('f101_0512', N'500g Puff Pastry');

INSERT INTO Food (FoodID, Title, Description, Calories, Instructions, ImageURL, SourceURL, Partition)
VALUES (
    'f101_0102',
    N'Beef Asado',
    N'A rich Filipino beef stew featuring tender beef slow-cooked in a savory blend of tomato sauce, soy sauce, and aromatic spices, complemented by potatoes and carrots for a hearty, comforting meal.',
    896,
    N'1. 0.	Combine beef, crushed peppercorn, soy sauce, vinegar, dried bay leaves, lemon, and tomato sauce 2. Mix well 3. Marinate beef for at least 30 minutes.
1.	Put the marinated beef in a cooking pot along with remaining marinade 4. Add water 5. Let boil.
2.	Add Knorr Beef Cube 6. Stir 7. Cover the pot and cook for 40 minutes in low heat.
3.	Turn the beef over 8. Add tomato paste 9. Continue cooking until beef tenderizes 10. Set aside.
4.	Heat oil in a pan 11. Fry the potato until it browns 12. Turn over and continue frying the opposite side 13. Remove from the pan and place on a clean plate 14. Do the same with the carrots.
5.	Save 3 tablespoons of cooking oil from the pan where the potato was fried 15. Saute onion and garlic until onion softens.
6.	Pour-in the sauce from the beef stew 16. Let boil 17. Add the beef 18. Cook for 2 minutes.
7.	Add butter and let it melt 19. Continue cooking until the sauce reduces to half. 20. Assuming 4 servings',
    'https://www.themealdb.com/images/media/meals/pkopc31683207947.jpg',
    'https://www.themealdb.com/images/media/meals/pkopc31683207947.jpg',
    'test'
);

INSERT INTO Food_Ingredient (FoodID, Ingredient)
VALUES ('f101_0102', N'1.5kg Beef');

INSERT INTO Food_Ingredient (FoodID, Ingredient)
VALUES ('f101_0102', N'1 Beef Stock Concentrate');

INSERT INTO Food_Ingredient (FoodID, Ingredient)
VALUES ('f101_0102', N'8 ounces Tomato Puree');

INSERT INTO Food_Ingredient (FoodID, Ingredient)
VALUES ('f101_0102', N'3 cups Water');

INSERT INTO Food_Ingredient (FoodID, Ingredient)
VALUES ('f101_0102', N'6 tablespoons Soy Sauce');

INSERT INTO Food_Ingredient (FoodID, Ingredient)
VALUES ('f101_0102', N'1 tbs White Wine Vinegar');

INSERT INTO Food_Ingredient (FoodID, Ingredient)
VALUES ('f101_0102', N'2 tbs Pepper');

INSERT INTO Food_Ingredient (FoodID, Ingredient)
VALUES ('f101_0102', N'4 Bay Leaf');

INSERT INTO Food_Ingredient (FoodID, Ingredient)
VALUES ('f101_0102', N'1/2 Lemon');

INSERT INTO Food_Ingredient (FoodID, Ingredient)
VALUES ('f101_0102', N'2 tbs Tomato Sauce');

INSERT INTO Food_Ingredient (FoodID, Ingredient)
VALUES ('f101_0102', N'3 tbs Butter');

INSERT INTO Food_Ingredient (FoodID, Ingredient)
VALUES ('f101_0102', N'1/2 cup Olive Oil');

INSERT INTO Food_Ingredient (FoodID, Ingredient)
VALUES ('f101_0102', N'1 chopped Onion');

INSERT INTO Food_Ingredient (FoodID, Ingredient)
VALUES ('f101_0102', N'4 cloves Garlic');

INSERT INTO Food (FoodID, Title, Description, Calories, Instructions, ImageURL, SourceURL, Partition)
VALUES (
    'f101_0103',
    N'Beef Lo Mein',
    N'A classic Chinese stir-fry dish with tender beef strips, chewy noodles, and crisp vegetables tossed in a savory sauce infused with sesame oil, soy sauce, and a hint of sweetness.',
    1000,
    N'1. STEP 1 - MARINATING THE BEEF
In a bowl, add the beef, salt, 1 pinch white pepper, 1 Teaspoon sesame seed oil, 1/2 egg, corn starch,1 Tablespoon of oil and mix together.
STEP 2 - BOILING THE THE NOODLES
In a 6 qt pot add your noodles to boiling water until the noodles are submerged and boil on high heat for 10 seconds 2. After your noodles is done boiling strain and cool with cold water.
STEP 3 - STIR FRY
Add 2 Tablespoons of oil, beef and cook on high heat untill beef is medium cooked.
Set the cooked beef aside
In a wok add 2 Tablespoon of oil, onions, minced garlic, minced ginger, bean sprouts, mushrooms, peapods and 1.5 cups of water or until the vegetables are submerged in water.
Add the noodles to wok
To make the sauce, add oyster sauce, 1 pinch white pepper, 1 teaspoon sesame seed oil, sugar, and 1 Teaspoon of soy sauce.
Next add the beef to wok and stir-fry 3. Assuming 4 servings',
    'https://www.themealdb.com/images/media/meals/1529444830.jpg',
    'https://www.themealdb.com/images/media/meals/1529444830.jpg',
    'test'
);

INSERT INTO Food_Ingredient (FoodID, Ingredient)
VALUES ('f101_0103', N'1/2 lb Beef');

INSERT INTO Food_Ingredient (FoodID, Ingredient)
VALUES ('f101_0103', N'pinch Salt');

INSERT INTO Food_Ingredient (FoodID, Ingredient)
VALUES ('f101_0103', N'pinch Pepper');

INSERT INTO Food_Ingredient (FoodID, Ingredient)
VALUES ('f101_0103', N'2 tsp Sesame Seed Oil');

INSERT INTO Food_Ingredient (FoodID, Ingredient)
VALUES ('f101_0103', N'1/2 Egg');

INSERT INTO Food_Ingredient (FoodID, Ingredient)
VALUES ('f101_0103', N'3 tbs Starch');

INSERT INTO Food_Ingredient (FoodID, Ingredient)
VALUES ('f101_0103', N'5 tbs Oil');

INSERT INTO Food_Ingredient (FoodID, Ingredient)
VALUES ('f101_0103', N'1/4 lb Noodles');

INSERT INTO Food_Ingredient (FoodID, Ingredient)
VALUES ('f101_0103', N'1/2 cup Onion');

INSERT INTO Food_Ingredient (FoodID, Ingredient)
VALUES ('f101_0103', N'1 tsp Minced Garlic');

INSERT INTO Food_Ingredient (FoodID, Ingredient)
VALUES ('f101_0103', N'1 tsp Ginger');

INSERT INTO Food_Ingredient (FoodID, Ingredient)
VALUES ('f101_0103', N'1 cup Bean Sprouts');

INSERT INTO Food_Ingredient (FoodID, Ingredient)
VALUES ('f101_0103', N'1 cup Mushrooms');

INSERT INTO Food_Ingredient (FoodID, Ingredient)
VALUES ('f101_0103', N'1 cup Water');

INSERT INTO Food_Ingredient (FoodID, Ingredient)
VALUES ('f101_0103', N'1 tbs Oyster Sauce');

INSERT INTO Food_Ingredient (FoodID, Ingredient)
VALUES ('f101_0103', N'1 tsp Sugar');

INSERT INTO Food_Ingredient (FoodID, Ingredient)
VALUES ('f101_0103', N'1 tsp Soy Sauce');

INSERT INTO Food (FoodID, Title, Description, Calories, Instructions, ImageURL, SourceURL, Partition)
VALUES (
    'f101_0104',
    N'Beef Rendang',
    N'A fragrant Indonesian curry featuring slow-cooked beef in a creamy coconut milk sauce, infused with a blend of aromatic spices, tamarind, and lime leaves for a rich, tender dish.',
    406,
    N'1. Chop the spice paste ingredients and then blend it in a food processor until fine.
Heat the oil in a stew pot, add the spice paste, cinnamon, cloves, star anise, and cardamom and stir-fry until aromatic 2. Add the beef and the pounded lemongrass and stir for 1 minute 3. Add the coconut milk, tamarind juice, water, and simmer on medium heat, stirring frequently until the meat is almost cooked 4. Add the kaffir lime leaves, kerisik (toasted coconut), sugar or palm sugar, stirring to blend well with the meat.
Lower the heat to low, cover the lid, and simmer for 1 to 1 1/2 hours or until the meat is really tender and the gravy has dried up 5. Add more salt and sugar to taste 6. Serve immediately with steamed rice and save some for overnight. 7. Assuming 6 servings',
    'https://www.themealdb.com/images/media/meals/bc8v651619789840.jpg',
    'https://www.themealdb.com/images/media/meals/bc8v651619789840.jpg',
    'test'
);

INSERT INTO Food_Ingredient (FoodID, Ingredient)
VALUES ('f101_0104', N'1lb Beef');

INSERT INTO Food_Ingredient (FoodID, Ingredient)
VALUES ('f101_0104', N'5 tbs Vegetable Oil');

INSERT INTO Food_Ingredient (FoodID, Ingredient)
VALUES ('f101_0104', N'1 Cinnamon Stick');

INSERT INTO Food_Ingredient (FoodID, Ingredient)
VALUES ('f101_0104', N'3 Cloves');

INSERT INTO Food_Ingredient (FoodID, Ingredient)
VALUES ('f101_0104', N'3 Star Anise');

INSERT INTO Food_Ingredient (FoodID, Ingredient)
VALUES ('f101_0104', N'3 Cardamom');

INSERT INTO Food_Ingredient (FoodID, Ingredient)
VALUES ('f101_0104', N'1 cup Coconut Cream');

INSERT INTO Food_Ingredient (FoodID, Ingredient)
VALUES ('f101_0104', N'1 cup Water');

INSERT INTO Food_Ingredient (FoodID, Ingredient)
VALUES ('f101_0104', N'2 tbs Tamarind Paste');

INSERT INTO Food_Ingredient (FoodID, Ingredient)
VALUES ('f101_0104', N'6 Lime');

INSERT INTO Food_Ingredient (FoodID, Ingredient)
VALUES ('f101_0104', N'1 tbs Sugar');

INSERT INTO Food_Ingredient (FoodID, Ingredient)
VALUES ('f101_0104', N'5 Challots');

INSERT INTO Food (FoodID, Title, Description, Calories, Instructions, ImageURL, SourceURL, Partition)
VALUES (
    'f101_0105',
    N'Beef Mechado',
    N'A Filipino beef stew with tenderloin cubes marinated in a tangy soy sauce and vinegar blend, grilled as kebobs with vegetables, and served with saffron rice for a vibrant meal.',
    634,
    N'1. 0.	Make the beef tenderloin marinade by combining soy sauce, vinegar, ginger, garlic, sesame oil, olive oil, sugar, salt, and ground black pepper in a large bowl 2. Mix well.
1.	Add the cubed beef tenderloin to the bowl with the beef tenderloin marinade 3. Gently toss to coat the beef 4. Let it stay for 1 hour.
2.	Using a metal or bamboo skewer, assemble the beef kebob by skewering the vegetables and marinated beef tenderloin.
3.	Heat-up the grill and start grilling the beef kebobs for 3 minutes per side 5. This will give you a medium beef that is juicy and tender on the inside 6. Add more time if you want your beef well done, but it will be less tender.
4.	Transfer to a serving plate 7. Serve with Saffron rice. 8. Assuming 4 servings 9. 
5.	Share and enjoy!',
    'https://www.themealdb.com/images/media/meals/cgl60b1683206581.jpg',
    'https://www.themealdb.com/images/media/meals/cgl60b1683206581.jpg',
    'test'
);

INSERT INTO Food_Ingredient (FoodID, Ingredient)
VALUES ('f101_0105', N'3 cloves Garlic');

INSERT INTO Food_Ingredient (FoodID, Ingredient)
VALUES ('f101_0105', N'1 sliced Onion');

INSERT INTO Food_Ingredient (FoodID, Ingredient)
VALUES ('f101_0105', N'2 Lbs Beef');

INSERT INTO Food_Ingredient (FoodID, Ingredient)
VALUES ('f101_0105', N'8 ounces Tomato Puree');

INSERT INTO Food_Ingredient (FoodID, Ingredient)
VALUES ('f101_0105', N'1 cup Water');

INSERT INTO Food_Ingredient (FoodID, Ingredient)
VALUES ('f101_0105', N'3 tbs Olive Oil');

INSERT INTO Food_Ingredient (FoodID, Ingredient)
VALUES ('f101_0105', N'1 Slice Lemon');

INSERT INTO Food_Ingredient (FoodID, Ingredient)
VALUES ('f101_0105', N'1 large Potatoes');

INSERT INTO Food_Ingredient (FoodID, Ingredient)
VALUES ('f101_0105', N'1/4 cup Soy Sauce');

INSERT INTO Food_Ingredient (FoodID, Ingredient)
VALUES ('f101_0105', N'1/2 tsp Black Pepper');

INSERT INTO Food_Ingredient (FoodID, Ingredient)
VALUES ('f101_0105', N'2 Bay Leaves');

INSERT INTO Food_Ingredient (FoodID, Ingredient)
VALUES ('f101_0105', N'To taste Salt');

INSERT INTO Food (FoodID, Title, Description, Calories, Instructions, ImageURL, SourceURL, Partition)
VALUES (
    'f101_0106',
    N'Szechuan Beef',
    N'A spicy Chinese stir-fry dish with marinated beef, vibrant vegetables, and a bold sauce featuring Szechuan peppercorns, garlic, and a kick of hot sauce for fiery flavor.',
    919,
    N'1. STEP 1 - MARINATING THE BEEF
In a bowl, add the beef, salt, sesame seed oil, white pepper, egg white, 2 Tablespoon of corn starch and 1 Tablespoon of oil.
STEP 2 - STIR FRY
First Cook the beef by adding 2 Tablespoon of oil until the beef is golden brown.
Set the beef aside
In a wok add 1 Tablespoon of oil, minced ginger, minced garlic and stir-fry for few seconds.
Next add all of the vegetables and then add sherry cooking wine and 1 cup of water.
To make the sauce add oyster sauce, hot pepper sauce, and sugar.
add the cooked beef and 1 spoon of soy sauce
To thicken the sauce, whisk together 1 Tablespoon of cornstarch and 2 Tablespoon of water in a bowl and slowly add to your stir-fry until it''s the right thickness. 2. Assuming 4 servings',
    'https://www.themealdb.com/images/media/meals/1529443236.jpg',
    'https://www.themealdb.com/images/media/meals/1529443236.jpg',
    'test'
);

INSERT INTO Food_Ingredient (FoodID, Ingredient)
VALUES ('f101_0106', N'1/2 lb Beef');

INSERT INTO Food_Ingredient (FoodID, Ingredient)
VALUES ('f101_0106', N'1/2 tsp Salt');

INSERT INTO Food_Ingredient (FoodID, Ingredient)
VALUES ('f101_0106', N'1 tsp Sesame Seed Oil');

INSERT INTO Food_Ingredient (FoodID, Ingredient)
VALUES ('f101_0106', N'1 pinch Pepper');

INSERT INTO Food_Ingredient (FoodID, Ingredient)
VALUES ('f101_0106', N'1 Egg White');

INSERT INTO Food_Ingredient (FoodID, Ingredient)
VALUES ('f101_0106', N'3 tbs Starch');

INSERT INTO Food_Ingredient (FoodID, Ingredient)
VALUES ('f101_0106', N'4 tbs Oil');

INSERT INTO Food_Ingredient (FoodID, Ingredient)
VALUES ('f101_0106', N'1 tsp Ginger');

INSERT INTO Food_Ingredient (FoodID, Ingredient)
VALUES ('f101_0106', N'1 tsp Garlic');

INSERT INTO Food_Ingredient (FoodID, Ingredient)
VALUES ('f101_0106', N'3/4 cup Onion');

INSERT INTO Food_Ingredient (FoodID, Ingredient)
VALUES ('f101_0106', N'1/2 cup Carrots');

INSERT INTO Food_Ingredient (FoodID, Ingredient)
VALUES ('f101_0106', N'3/4 cup Green Pepper');

INSERT INTO Food_Ingredient (FoodID, Ingredient)
VALUES ('f101_0106', N'1 cup Celery');

INSERT INTO Food_Ingredient (FoodID, Ingredient)
VALUES ('f101_0106', N'1 cup Mushrooms');

INSERT INTO Food_Ingredient (FoodID, Ingredient)
VALUES ('f101_0106', N'1 tbs Cooking wine');

INSERT INTO Food_Ingredient (FoodID, Ingredient)
VALUES ('f101_0106', N'1 cup Water');

INSERT INTO Food_Ingredient (FoodID, Ingredient)
VALUES ('f101_0106', N'1 tbs Oyster Sauce');

INSERT INTO Food_Ingredient (FoodID, Ingredient)
VALUES ('f101_0106', N'1/2 tsp Hotsauce');

INSERT INTO Food_Ingredient (FoodID, Ingredient)
VALUES ('f101_0106', N'1 tsp Sugar');

INSERT INTO Food_Ingredient (FoodID, Ingredient)
VALUES ('f101_0106', N'1 tbs Soy Sauce');

INSERT INTO Food (FoodID, Title, Description, Calories, Instructions, ImageURL, SourceURL, Partition)
VALUES (
    'f101_0107',
    N'Beef Caldereta',
    N'A robust Filipino stew with tender beef, vibrant bell peppers, and potatoes in a spicy tomato-based sauce enriched with peanut butter and liver spread for a unique, savory depth.',
    416,
    N'1. 0.	Heat oil in a cooking pot 2. Saute onion and garlic until onion softens
1.	Add beef 3. Saute until the outer part turns light brown.
2.	Add soy sauce 4. Pour tomato sauce and water 5. Let boil.
3.	Add Knorr Beef Cube 6. Cover the pressure cooker 7. Cook for 30 minutes.
4.	Pan-fry carrot and potato until it browns 8. Set aside.
5.	Add chili pepper, liver spread and peanut butter 9. Stir.
6.	Add bell peppers, fried potato and carrot 10. Cover the pot 11. Continue cooking for 5 to 7 minutes.
7.	Season with salt and ground black pepper 12. Assuming 6 servings 13. Serve.',
    'https://www.themealdb.com/images/media/meals/41cxjh1683207682.jpg',
    'https://www.themealdb.com/images/media/meals/41cxjh1683207682.jpg',
    'test'
);

INSERT INTO Food_Ingredient (FoodID, Ingredient)
VALUES ('f101_0107', N'2kg cut cubes Beef');

INSERT INTO Food_Ingredient (FoodID, Ingredient)
VALUES ('f101_0107', N'1 Beef Stock');

INSERT INTO Food_Ingredient (FoodID, Ingredient)
VALUES ('f101_0107', N'1 tbs Soy Sauce');

INSERT INTO Food_Ingredient (FoodID, Ingredient)
VALUES ('f101_0107', N'2 cups Water');

INSERT INTO Food_Ingredient (FoodID, Ingredient)
VALUES ('f101_0107', N'1 sliced Green Pepper');

INSERT INTO Food_Ingredient (FoodID, Ingredient)
VALUES ('f101_0107', N'1 sliced Red Pepper');

INSERT INTO Food_Ingredient (FoodID, Ingredient)
VALUES ('f101_0107', N'1 sliced Potatoes');

INSERT INTO Food_Ingredient (FoodID, Ingredient)
VALUES ('f101_0107', N'1 sliced Carrots');

INSERT INTO Food_Ingredient (FoodID, Ingredient)
VALUES ('f101_0107', N'8 ounces Tomato Puree');

INSERT INTO Food_Ingredient (FoodID, Ingredient)
VALUES ('f101_0107', N'3  tablespoons Peanut Butter');

INSERT INTO Food_Ingredient (FoodID, Ingredient)
VALUES ('f101_0107', N'5 Chilli Powder');

INSERT INTO Food_Ingredient (FoodID, Ingredient)
VALUES ('f101_0107', N'1 chopped Onion');

INSERT INTO Food_Ingredient (FoodID, Ingredient)
VALUES ('f101_0107', N'5 cloves Garlic');

INSERT INTO Food_Ingredient (FoodID, Ingredient)
VALUES ('f101_0107', N'3 tbs Olive Oil');

INSERT INTO Food (FoodID, Title, Description, Calories, Instructions, ImageURL, SourceURL, Partition)
VALUES (
    'f101_0108',
    N'Beef Wellington',
    N'A luxurious British dish featuring a beef fillet coated with mushroom duxelles, wrapped in Parma ham and puff pastry, baked to a golden, flaky perfection.',
    324,
    N'1. Put the mushrooms into a food processor with some seasoning and pulse to a rough paste 2. Scrape the paste into a pan and cook over a high heat for about 10 mins, tossing frequently, to cook out the moisture from the mushrooms 3. Spread out on a plate to cool.
Heat in a frying pan and add a little olive oil 4. Season the beef and sear in the hot pan for 30 secs only on each side 5. (You don''t want to cook it at this stage, just colour it) 6. Remove the beef from the pan and leave to cool, then brush all over with the mustard.
Lay a sheet of cling film on a work surface and arrange the Parma ham slices on it, in slightly overlapping rows 7. With a palette knife, spread the mushroom paste over the ham, then place the seared beef fillet in the middle 8. Keeping a tight hold of the cling film from the edge, neatly roll the Parma ham and mushrooms around the beef to form a tight barrel shape 9. Twist the ends of the cling film to secure 10. Chill for 15-20 mins to allow the beef to set and keep its shape.
Roll out the puff pastry on a floured surface to a large rectangle, the thickness of a £1 coin 11. Remove the cling film from the beef, then lay in the centre 12. Brush the surrounding pastry with egg yolk 13. Fold the ends over, the wrap the pastry around the beef, cutting off any excess 14. Turn over, so the seam is underneath, and place on a baking sheet 15. Brush over all the pastry with egg and chill for about 15 mins to let the pastry rest.
Heat the oven to 200C, 400F, gas 6.
Lightly score the pastry at 1cm intervals and glaze again with beaten egg yolk 16. Bake for 20 minutes, then lower the oven setting to 180C, 350F, gas 4 and cook for another 15 mins 17. Allow to rest for 10-15 mins before slicing and serving with the side dishes of your choice 18. The beef should still be pink in the centre when you serve it. 19. Assuming 4 servings',
    'https://www.themealdb.com/images/media/meals/vvpprx1487325699.jpg',
    'https://www.themealdb.com/images/media/meals/vvpprx1487325699.jpg',
    'test'
);

INSERT INTO Food_Ingredient (FoodID, Ingredient)
VALUES ('f101_0108', N'400g mushrooms');

INSERT INTO Food_Ingredient (FoodID, Ingredient)
VALUES ('f101_0108', N'1-2tbsp English Mustard');

INSERT INTO Food_Ingredient (FoodID, Ingredient)
VALUES ('f101_0108', N'Dash Olive Oil');

INSERT INTO Food_Ingredient (FoodID, Ingredient)
VALUES ('f101_0108', N'750g piece Beef Fillet');

INSERT INTO Food_Ingredient (FoodID, Ingredient)
VALUES ('f101_0108', N'6-8 slices Parma ham');

INSERT INTO Food_Ingredient (FoodID, Ingredient)
VALUES ('f101_0108', N'500g Puff Pastry');

INSERT INTO Food_Ingredient (FoodID, Ingredient)
VALUES ('f101_0108', N'Dusting Flour');

INSERT INTO Food_Ingredient (FoodID, Ingredient)
VALUES ('f101_0108', N'2 Beaten Egg Yolks');

INSERT INTO Food (FoodID, Title, Description, Calories, Instructions, ImageURL, SourceURL, Partition)
VALUES (
    'f101_0109',
    N'Beef stroganoff',
    N'A creamy Russian classic with tender beef strips, mushrooms, and onions in a rich sour cream sauce, served over pappardelle or rice for a comforting meal.',
    465,
    N'1. Heat the olive oil in a non-stick frying pan then add the sliced onion and cook on a medium heat until completely softened, so around 15 mins, adding a little splash of water if they start to stick at all 2. Crush in the garlic and cook for a 2-3 mins further, then add the butter 3. Once the butter is foaming a little, add the mushrooms and cook for around 5 mins until completely softened 4. Season everything well, then tip onto a plate.
Tip the flour into a bowl with a big pinch of salt and pepper, then toss the steak in the seasoned flour 5. Add the steak pieces to the pan, splashing in a little oil if the pan looks particularly dry, and fry for 3-4 mins, until well coloured 6. Tip the onions and mushrooms back into the pan 7. Whisk the crème fraîche, mustard and beef stock together, then pour into the pan 8. Cook over a medium heat for around 5 mins 9. Scatter with parsley, then serve with pappardelle or rice. 10. Assuming 4 servings',
    'https://www.themealdb.com/images/media/meals/svprys1511176755.jpg',
    'https://www.themealdb.com/images/media/meals/svprys1511176755.jpg',
    'test'
);

INSERT INTO Food_Ingredient (FoodID, Ingredient)
VALUES ('f101_0109', N'1 tbls Olive Oil');

INSERT INTO Food_Ingredient (FoodID, Ingredient)
VALUES ('f101_0109', N'1 Onions');

INSERT INTO Food_Ingredient (FoodID, Ingredient)
VALUES ('f101_0109', N'1 clove Garlic');

INSERT INTO Food_Ingredient (FoodID, Ingredient)
VALUES ('f101_0109', N'1 tbsp Butter');

INSERT INTO Food_Ingredient (FoodID, Ingredient)
VALUES ('f101_0109', N'250g Mushrooms');

INSERT INTO Food_Ingredient (FoodID, Ingredient)
VALUES ('f101_0109', N'500g Beef Fillet');

INSERT INTO Food_Ingredient (FoodID, Ingredient)
VALUES ('f101_0109', N'1tbsp Plain Flour');

INSERT INTO Food_Ingredient (FoodID, Ingredient)
VALUES ('f101_0109', N'150g Creme Fraiche');

INSERT INTO Food_Ingredient (FoodID, Ingredient)
VALUES ('f101_0109', N'1 tbsp English Mustard');

INSERT INTO Food_Ingredient (FoodID, Ingredient)
VALUES ('f101_0109', N'100ml Beef Stock');

INSERT INTO Food_Ingredient (FoodID, Ingredient)
VALUES ('f101_0109', N'Topping Parsley');

INSERT INTO Food (FoodID, Title, Description, Calories, Instructions, ImageURL, SourceURL, Partition)
VALUES (
    'f101_0110',
    N'Minced Beef Pie',
    N'A hearty British pie with savory minced beef, mushrooms, and onions encased in flaky shortcrust pastry, perfect for a cozy, comforting dinner.',
    378,
    N'1. Preheat the oven to 200C/400F/Gas 6.
Heat the oil in a deep frying pan and fry the beef mince for 4-5 minutes, breaking it up with a wooden spoon as it browns.
Add the onion and cook for 2-3 minutes, then stir in the tomato purée and cook for 2-3 more minutes 2. Stir in the flour and cook for a further minute, then add the chopped mushrooms, the stout or beef stock and a couple of dashes of Worcestershire sauce 3. Bring to the boil, then reduce the heat, cover the pan with a lid and leave to simmer for 20 minutes 4. Set aside and leave to cool, then turn the meat mixture into a one litre pie dish.
Roll out the pastry on a floured work surface until it is slightly larger than the pie dish 5. Gently drape the pastry over the dish, pressing firmly onto the edges 6. Trim, then shape the edges into a fluted shape.
Cut some leaf shapes out of the pastry trimmings and decorate the top of the pie, sticking them to the pastry with the beaten egg yolk.
Make three or four slits in the pastry to allow the steam to escape, then brush the pie with the rest of the beaten egg yolk and bake in the oven for 20-25 minutes, or until golden-brown.
To serve, slice into wedges. 7. Assuming 4 servings',
    'https://www.themealdb.com/images/media/meals/xwutvy1511555540.jpg',
    'https://www.themealdb.com/images/media/meals/xwutvy1511555540.jpg',
    'test'
);

INSERT INTO Food_Ingredient (FoodID, Ingredient)
VALUES ('f101_0110', N'2 tbs Vegetable Oil');

INSERT INTO Food_Ingredient (FoodID, Ingredient)
VALUES ('f101_0110', N'500g Minced Beef');

INSERT INTO Food_Ingredient (FoodID, Ingredient)
VALUES ('f101_0110', N'1 chopped Onion');

INSERT INTO Food_Ingredient (FoodID, Ingredient)
VALUES ('f101_0110', N'1 tbls Tomato Puree');

INSERT INTO Food_Ingredient (FoodID, Ingredient)
VALUES ('f101_0110', N'1 ½ tbsp Plain Flour');

INSERT INTO Food_Ingredient (FoodID, Ingredient)
VALUES ('f101_0110', N'75g Mushrooms');

INSERT INTO Food_Ingredient (FoodID, Ingredient)
VALUES ('f101_0110', N'250ml Beef Stock');

INSERT INTO Food_Ingredient (FoodID, Ingredient)
VALUES ('f101_0110', N'Dash Worcestershire Sauce');

INSERT INTO Food_Ingredient (FoodID, Ingredient)
VALUES ('f101_0110', N'400g Shortcrust Pastry');

INSERT INTO Food_Ingredient (FoodID, Ingredient)
VALUES ('f101_0110', N'1 Egg Yolks');

INSERT INTO Food (FoodID, Title, Description, Calories, Instructions, ImageURL, SourceURL, Partition)
VALUES (
    'f101_0111',
    N'Beef Bourguignon',
    N'A French classic featuring beef shin slow-cooked in red wine with bacon, mushrooms, and shallots, served with creamy celeriac mash for a rich, rustic meal.',
    528,
    N'1. Heat a large casserole pan and add 1 tbsp goose fat 2. Season the beef and fry until golden brown, about 3-5 mins, then turn over and fry the other side until the meat is browned all over, adding more fat if necessary 3. Do this in 2-3 batches, transferring the meat to a colander set over a bowl when browned.
In the same pan, fry the bacon, shallots or pearl onions, mushrooms, garlic and bouquet garni until lightly browned 4. Mix in the tomato purée and cook for a few mins, stirring into the mixture 5. This enriches the bourguignon and makes a great base for the stew 6. Then return the beef and any drained juices to the pan and stir through.
Pour over the wine and about 100ml water so the meat bobs up from the liquid, but isn’t completely covered 7. Bring to the boil and use a spoon to scrape the caramelised cooking juices from the bottom of the pan – this will give the stew more flavour.
Heat oven to 150C/fan 130C/gas 2 8. Make a cartouche: tear off a square of foil slightly larger than the casserole, arrange it in the pan so it covers the top of the stew and trim away any excess foil 9. Then cook for 3 hrs 10. If the sauce looks watery, remove the beef and veg with a slotted spoon, and set aside 11. Cook the sauce over a high heat for a few mins until the sauce has thickened a little, then return the beef and vegetables to the pan.
To make the celeriac mash, peel the celeriac and cut into cubes 12. Heat the olive oil in a large frying pan 13. Tip in the celeriac and fry for 5 mins until it turns golden 14. Season well with salt and pepper 15. Stir in the rosemary, thyme, bay and cardamom pods, then pour over 200ml water, enough to nearly cover the celeriac 16. Turn the heat to low, partially cover the pan and leave to simmer for 25-30 mins.
After 25-30 mins, the celeriac should be soft and most of the water will have evaporated 17. Drain away any remaining water, then remove the herb sprigs, bay and cardamom pods 18. Lightly crush with a potato masher, then finish with a glug of olive oil and season to taste 19. Spoon the beef bourguignon into serving bowls and place a large spoonful of the celeriac mash on top 20. Garnish with one of the bay leaves, if you like. 21. Assuming 6 servings',
    'https://www.themealdb.com/images/media/meals/vtqxtu1511784197.jpg',
    'https://www.themealdb.com/images/media/meals/vtqxtu1511784197.jpg',
    'test'
);

INSERT INTO Food_Ingredient (FoodID, Ingredient)
VALUES ('f101_0111', N'3 tsp Goose Fat');

INSERT INTO Food_Ingredient (FoodID, Ingredient)
VALUES ('f101_0111', N'600g Beef Shin');

INSERT INTO Food_Ingredient (FoodID, Ingredient)
VALUES ('f101_0111', N'100g Bacon');

INSERT INTO Food_Ingredient (FoodID, Ingredient)
VALUES ('f101_0111', N'350g Challots');

INSERT INTO Food_Ingredient (FoodID, Ingredient)
VALUES ('f101_0111', N'250g Chestnut Mushroom');

INSERT INTO Food_Ingredient (FoodID, Ingredient)
VALUES ('f101_0111', N'2 sliced Garlic Clove');

INSERT INTO Food_Ingredient (FoodID, Ingredient)
VALUES ('f101_0111', N'1 Bouquet Garni');

INSERT INTO Food_Ingredient (FoodID, Ingredient)
VALUES ('f101_0111', N'1 tbs Tomato Puree');

INSERT INTO Food_Ingredient (FoodID, Ingredient)
VALUES ('f101_0111', N'750 ml Red Wine');

INSERT INTO Food_Ingredient (FoodID, Ingredient)
VALUES ('f101_0111', N'600g Celeriac');

INSERT INTO Food_Ingredient (FoodID, Ingredient)
VALUES ('f101_0111', N'2 tbs Olive Oil');

INSERT INTO Food_Ingredient (FoodID, Ingredient)
VALUES ('f101_0111', N'sprigs of fresh Thyme');

INSERT INTO Food_Ingredient (FoodID, Ingredient)
VALUES ('f101_0111', N'sprigs of fresh Rosemary');

INSERT INTO Food_Ingredient (FoodID, Ingredient)
VALUES ('f101_0111', N'2 Bay Leaf');

INSERT INTO Food_Ingredient (FoodID, Ingredient)
VALUES ('f101_0111', N'4 Cardamom');

INSERT INTO Food (FoodID, Title, Description, Calories, Instructions, ImageURL, SourceURL, Partition)
VALUES (
    'f101_0112',
    N'Beef Sunday Roast',
    N'A traditional British roast with succulent beef slices, crispy roasted potatoes, tender vegetables, and fluffy Yorkshire puddings, served with rich gravy for a classic Sunday feast.',
    297,
    N'1. Cook the Broccoli and Carrots in a pan of boiling water until tender.

Roast the Beef and Potatoes in the oven for 45mins, the potatoes may need to be checked regularly to not overcook.

To make the Yorkshire puddings:
Heat oven to 230C/fan 210C/gas 8 2. Drizzle a little sunflower oil evenly into 2 x 4-hole Yorkshire pudding tins or a 12-hole non-stick muffin tin and place in the oven to heat through
To make the batter, tip 140g plain flour into a bowl and beat in four eggs until smooth 3. Gradually add 200ml milk and carry on beating until the mix is completely lump-free 4. Season with salt and pepper 5. Pour the batter into a jug, then remove the hot tins from the oven 6. Carefully and evenly pour the batter into the holes 7. Place the tins back in the oven and leave undisturbed for 20-25 mins until the puddings have puffed up and browned 8. Serve immediately.

Plate up and add the Gravy as desired. 9. Assuming 8 servings',
    'https://www.themealdb.com/images/media/meals/ssrrrs1503664277.jpg',
    'https://www.themealdb.com/images/media/meals/ssrrrs1503664277.jpg',
    'test'
);

INSERT INTO Food_Ingredient (FoodID, Ingredient)
VALUES ('f101_0112', N'8 slices Beef');

INSERT INTO Food_Ingredient (FoodID, Ingredient)
VALUES ('f101_0112', N'12 florets Broccoli');

INSERT INTO Food_Ingredient (FoodID, Ingredient)
VALUES ('f101_0112', N'1 Packet Potatoes');

INSERT INTO Food_Ingredient (FoodID, Ingredient)
VALUES ('f101_0112', N'1 Packet Carrots');

INSERT INTO Food_Ingredient (FoodID, Ingredient)
VALUES ('f101_0112', N'140g plain flour');

INSERT INTO Food_Ingredient (FoodID, Ingredient)
VALUES ('f101_0112', N'4 Eggs');

INSERT INTO Food_Ingredient (FoodID, Ingredient)
VALUES ('f101_0112', N'200ml milk');

INSERT INTO Food_Ingredient (FoodID, Ingredient)
VALUES ('f101_0112', N'drizzle (for cooking) sunflower oil');

INSERT INTO Food (FoodID, Title, Description, Calories, Instructions, ImageURL, SourceURL, Partition)
VALUES (
    'f101_0113',
    N'Beef Dumpling Stew',
    N'A comforting British stew with tender beef and hearty vegetables, topped with fluffy dumplings, slow-cooked to create a warm, filling dish perfect for chilly evenings.',
    688,
    N'1. Preheat the oven to 180C/350F/Gas 4.

For the beef stew, heat the oil and butter in an ovenproof casserole and fry the beef until browned on all sides.

Sprinkle over the flour and cook for a further 2-3 minutes.

Add the garlic and all the vegetables and fry for 1-2 minutes.

Stir in the wine, stock and herbs, then add the Worcestershire sauce and balsamic vinegar, to taste 2. Season with salt and freshly ground black pepper.

Cover with a lid, transfer to the oven and cook for about two hours, or until the meat is tender.

For the dumplings, sift the flour, baking powder and salt into a bowl.
Add the suet and enough water to form a thick dough.

With floured hands, roll spoonfuls of the dough into small balls.

After two hours, remove the lid from the stew and place the balls on top of the stew 3. Cover, return to the oven and cook for a further 20 minutes, or until the dumplings have swollen and are tender 4. (If you prefer your dumplings with a golden top, leave the lid off when returning to the oven.)

To serve, place a spoonful of mashed potato onto each of four serving plates and top with the stew and dumplings 5. Sprinkle with chopped parsley. 6. Assuming 8 servings',
    'https://www.themealdb.com/images/media/meals/uyqrrv1511553350.jpg',
    'https://www.themealdb.com/images/media/meals/uyqrrv1511553350.jpg',
    'test'
);

INSERT INTO Food_Ingredient (FoodID, Ingredient)
VALUES ('f101_0113', N'2 tbs Olive Oil');

INSERT INTO Food_Ingredient (FoodID, Ingredient)
VALUES ('f101_0113', N'25g Butter');

INSERT INTO Food_Ingredient (FoodID, Ingredient)
VALUES ('f101_0113', N'750g Beef');

INSERT INTO Food_Ingredient (FoodID, Ingredient)
VALUES ('f101_0113', N'2 tblsp Plain Flour');

INSERT INTO Food_Ingredient (FoodID, Ingredient)
VALUES ('f101_0113', N'2 cloves minced Garlic');

INSERT INTO Food_Ingredient (FoodID, Ingredient)
VALUES ('f101_0113', N'175g Onions');

INSERT INTO Food_Ingredient (FoodID, Ingredient)
VALUES ('f101_0113', N'150g Celery');

INSERT INTO Food_Ingredient (FoodID, Ingredient)
VALUES ('f101_0113', N'150g Carrots');

INSERT INTO Food_Ingredient (FoodID, Ingredient)
VALUES ('f101_0113', N'2 chopped Leek');

INSERT INTO Food_Ingredient (FoodID, Ingredient)
VALUES ('f101_0113', N'200g Swede');

INSERT INTO Food_Ingredient (FoodID, Ingredient)
VALUES ('f101_0113', N'150ml Red Wine');

INSERT INTO Food_Ingredient (FoodID, Ingredient)
VALUES ('f101_0113', N'500g Beef Stock');

INSERT INTO Food_Ingredient (FoodID, Ingredient)
VALUES ('f101_0113', N'2 Bay Leaf');

INSERT INTO Food_Ingredient (FoodID, Ingredient)
VALUES ('f101_0113', N'3 tbs Thyme');

INSERT INTO Food_Ingredient (FoodID, Ingredient)
VALUES ('f101_0113', N'3 tblsp chopped Parsley');

INSERT INTO Food_Ingredient (FoodID, Ingredient)
VALUES ('f101_0113', N'125g Plain Flour');

INSERT INTO Food_Ingredient (FoodID, Ingredient)
VALUES ('f101_0113', N'1 tsp Baking Powder');

INSERT INTO Food_Ingredient (FoodID, Ingredient)
VALUES ('f101_0113', N'60g Suet');

INSERT INTO Food_Ingredient (FoodID, Ingredient)
VALUES ('f101_0113', N'Splash Water');

INSERT INTO Food (FoodID, Title, Description, Calories, Instructions, ImageURL, SourceURL, Partition)
VALUES (
    'f101_0114',
    N'Braised Beef Chilli',
    N'A smoky, slow-braised chili with tender beef and chorizo, spiced with cumin, allspice, and ancho chilies, enriched with tomatoes and beans for a bold, hearty flavor.',
    648,
    N'1. Preheat the oven to 120C/225F/gas mark 1.

Take the meat out of the fridge to de-chill 2. Pulse the onions and garlic in a food processor until finely chopped 3. Heat 2 tbsp olive oil in a large casserole and sear the meat on all sides until golden.

Set to one side and add another small slug of oil to brown the chorizo 4. Remove and add the onion and garlic, spices, herbs and chillies then cook until soft in the chorizo oil 5. Season with salt and pepper and add the vinegar, tomatoes, ketchup and sugar.

Put all the meat back into the pot with 400ml water (or red wine if you prefer), bring up to a simmer and cook, covered, in the low oven.

After 2 hours, check the meat and add the beans 6. Cook for a further hour and just before serving, pull the meat apart with a pair of forks. 7. Assuming 5 servings',
    'https://www.themealdb.com/images/media/meals/uuqvwu1504629254.jpg',
    'https://www.themealdb.com/images/media/meals/uuqvwu1504629254.jpg',
    'test'
);

INSERT INTO Food_Ingredient (FoodID, Ingredient)
VALUES ('f101_0114', N'1kg Beef');

INSERT INTO Food_Ingredient (FoodID, Ingredient)
VALUES ('f101_0114', N'3 Onions');

INSERT INTO Food_Ingredient (FoodID, Ingredient)
VALUES ('f101_0114', N'4 cloves Garlic');

INSERT INTO Food_Ingredient (FoodID, Ingredient)
VALUES ('f101_0114', N'Dash Olive oil');

INSERT INTO Food_Ingredient (FoodID, Ingredient)
VALUES ('f101_0114', N'300g Chorizo');

INSERT INTO Food_Ingredient (FoodID, Ingredient)
VALUES ('f101_0114', N'2 tsp Cumin');

INSERT INTO Food_Ingredient (FoodID, Ingredient)
VALUES ('f101_0114', N'2 tsp Allspice');

INSERT INTO Food_Ingredient (FoodID, Ingredient)
VALUES ('f101_0114', N'1 tsp Cloves');

INSERT INTO Food_Ingredient (FoodID, Ingredient)
VALUES ('f101_0114', N'1 large Cinnamon stick');

INSERT INTO Food_Ingredient (FoodID, Ingredient)
VALUES ('f101_0114', N'3 Bay Leaves');

INSERT INTO Food_Ingredient (FoodID, Ingredient)
VALUES ('f101_0114', N'2 tsp dried Oregano');

INSERT INTO Food_Ingredient (FoodID, Ingredient)
VALUES ('f101_0114', N'2 ancho Ancho Chillies');

INSERT INTO Food_Ingredient (FoodID, Ingredient)
VALUES ('f101_0114', N'3 tbsp Balsamic Vinegar');

INSERT INTO Food_Ingredient (FoodID, Ingredient)
VALUES ('f101_0114', N'2 x 400g Plum Tomatoes');

INSERT INTO Food_Ingredient (FoodID, Ingredient)
VALUES ('f101_0114', N'2 tbsp Tomato Ketchup');

INSERT INTO Food_Ingredient (FoodID, Ingredient)
VALUES ('f101_0114', N'2 tbsp Dark Brown Sugar');

INSERT INTO Food_Ingredient (FoodID, Ingredient)
VALUES ('f101_0114', N'2 x 400g tins Borlotti Beans');

INSERT INTO Food (FoodID, Title, Description, Calories, Instructions, ImageURL, SourceURL, Partition)
VALUES (
    'f101_0115',
    N'Massaman Beef curry',
    N'A Thai curry with tender beef and potatoes simmered in a creamy coconut sauce, spiced with massaman paste, cinnamon, and tamarind, garnished with peanuts for crunch.',
    445,
    N'1. Heat oven to 200C/180C fan/gas 6, then roast the peanuts on a baking tray for 5 mins until golden brown 2. When cool enough to handle, roughly chop 3. Reduce oven to 180C/160C fan/gas 4.
Heat 2 tbsp coconut cream in a large casserole dish with a lid 4. Add the curry paste and fry for 1 min, then stir in the beef and fry until well coated and sealed 5. Stir in the rest of the coconut with half a can of water, the potatoes, onion, lime leaves, cinnamon, tamarind, sugar, fish sauce and most of the peanuts 6. Bring to a simmer, then cover and cook for 2 hrs in the oven until the beef is tender.
Sprinkle with sliced chilli and the remaining peanuts, then serve straight from the dish with jasmine rice. 7. Assuming 4 servings',
    'https://www.themealdb.com/images/media/meals/tvttqv1504640475.jpg',
    'https://www.themealdb.com/images/media/meals/tvttqv1504640475.jpg',
    'test'
);

INSERT INTO Food_Ingredient (FoodID, Ingredient)
VALUES ('f101_0115', N'85g Peanuts');

INSERT INTO Food_Ingredient (FoodID, Ingredient)
VALUES ('f101_0115', N'400ml can Coconut cream');

INSERT INTO Food_Ingredient (FoodID, Ingredient)
VALUES ('f101_0115', N'4 tbsp Massaman curry paste');

INSERT INTO Food_Ingredient (FoodID, Ingredient)
VALUES ('f101_0115', N'600g stewing cut into strips Beef');

INSERT INTO Food_Ingredient (FoodID, Ingredient)
VALUES ('f101_0115', N'450g waxy Potatoes');

INSERT INTO Food_Ingredient (FoodID, Ingredient)
VALUES ('f101_0115', N'1 cut thin wedges Onion');

INSERT INTO Food_Ingredient (FoodID, Ingredient)
VALUES ('f101_0115', N'4 leaves Lime');

INSERT INTO Food_Ingredient (FoodID, Ingredient)
VALUES ('f101_0115', N'1 Cinnamon stick');

INSERT INTO Food_Ingredient (FoodID, Ingredient)
VALUES ('f101_0115', N'1 tbsp Tamarind paste');

INSERT INTO Food_Ingredient (FoodID, Ingredient)
VALUES ('f101_0115', N'1 tbsp palm or soft light Brown sugar');

INSERT INTO Food_Ingredient (FoodID, Ingredient)
VALUES ('f101_0115', N'1 tbsp Fish Sauce');

INSERT INTO Food_Ingredient (FoodID, Ingredient)
VALUES ('f101_0115', N'1 red deseeded and finely sliced, to serve chilli');

INSERT INTO Food_Ingredient (FoodID, Ingredient)
VALUES ('f101_0115', N'to serve Jasmine Rice');

INSERT INTO Food (FoodID, Title, Description, Calories, Instructions, ImageURL, SourceURL, Partition)
VALUES (
    'f101_0116',
    N'Beef and Oyster pie',
    N'A rich British pie combining tender beef with briny oysters, simmered in a stout-infused sauce and encased in buttery pastry for a luxurious, savory treat.',
    714,
    N'1. Season the beef cubes with salt and black pepper 2. Heat a tablespoon of oil in the frying pan and fry the meat over a high heat 3. Do this in three batches so that you don’t overcrowd the pan, transferring the meat to a large flameproof casserole dish once it is browned all over 4. Add extra oil if the pan seems dry.
In the same pan, add another tablespoon of oil and cook the shallots for 4-5 minutes, then add the garlic and fry for 30 seconds 5. Add the bacon and fry until slightly browned 6. Transfer the onion and bacon mixture to the casserole dish and add the herbs.
Preheat the oven to 180C/350F/Gas 4.
Pour the stout into the frying pan and bring to the boil, stirring to lift any stuck-on browned bits from the bottom of the pan 7. Pour the stout over the beef in the casserole dish and add the stock 8. Cover the casserole and place it in the oven for 1½-2 hours, or until the beef is tender and the sauce is reduced.
Skim off any surface fat, taste and add salt and pepper if necessary, then stir in the cornflour paste 9. Put the casserole dish on the hob – don’t forget that it will be hot – and simmer for 1-2 minutes, stirring, until thickened 10. Leave to cool.
Increase the oven to 200C/400F/Gas 6 11. To make the pastry, put the flour and salt in a very large bowl 12. Grate the butter and stir it into the flour in three batches 13. Gradually add 325ml/11fl oz cold water – you may not need it all – and stir with a round-bladed knife until the mixture just comes together 14. Knead the pastry lightly into a ball on a lightly floured surface and set aside 250g/9oz for the pie lid.
Roll the rest of the pastry out until about 2cm/¾in larger than the dish you’re using 15. Line the dish with the pastry then pile in the filling, tucking the oysters in as well 16. Brush the edge of the pastry with beaten egg.
Roll the remaining pastry until slightly larger than your dish and gently lift over the filling, pressing the edges firmly to seal, then trim with a sharp knife 17. Brush with beaten egg to glaze 18. Put the dish on a baking tray and bake for 25-30 minutes, or until the pastry is golden-brown and the filling is bubbling. 19. Assuming 6 servings',
    'https://www.themealdb.com/images/media/meals/wrssvt1511556563.jpg',
    'https://www.themealdb.com/images/media/meals/wrssvt1511556563.jpg',
    'test'
);

INSERT INTO Food_Ingredient (FoodID, Ingredient)
VALUES ('f101_0116', N'900g Beef');

INSERT INTO Food_Ingredient (FoodID, Ingredient)
VALUES ('f101_0116', N'3 tbs Olive Oil');

INSERT INTO Food_Ingredient (FoodID, Ingredient)
VALUES ('f101_0116', N'3 Shallots');

INSERT INTO Food_Ingredient (FoodID, Ingredient)
VALUES ('f101_0116', N'2 cloves minced Garlic');

INSERT INTO Food_Ingredient (FoodID, Ingredient)
VALUES ('f101_0116', N'125g Bacon');

INSERT INTO Food_Ingredient (FoodID, Ingredient)
VALUES ('f101_0116', N'1 tbs chopped Thyme');

INSERT INTO Food_Ingredient (FoodID, Ingredient)
VALUES ('f101_0116', N'2 Bay Leaf');

INSERT INTO Food_Ingredient (FoodID, Ingredient)
VALUES ('f101_0116', N'330ml Stout');

INSERT INTO Food_Ingredient (FoodID, Ingredient)
VALUES ('f101_0116', N'400ml Beef Stock');

INSERT INTO Food_Ingredient (FoodID, Ingredient)
VALUES ('f101_0116', N'2 tbs Corn Flour');

INSERT INTO Food_Ingredient (FoodID, Ingredient)
VALUES ('f101_0116', N'8 Oysters');

INSERT INTO Food_Ingredient (FoodID, Ingredient)
VALUES ('f101_0116', N'400g Plain Flour');

INSERT INTO Food_Ingredient (FoodID, Ingredient)
VALUES ('f101_0116', N'pinch Salt');

INSERT INTO Food_Ingredient (FoodID, Ingredient)
VALUES ('f101_0116', N'250g Butter');

INSERT INTO Food_Ingredient (FoodID, Ingredient)
VALUES ('f101_0116', N'To Glaze Eggs');

INSERT INTO Food (FoodID, Title, Description, Calories, Instructions, ImageURL, SourceURL, Partition)
VALUES (
    'f101_0117',
    N'Beef and Mustard Pie',
    N'A flavorful British pie with slow-cooked beef, carrots, and onions in a tangy mustard and red wine sauce, topped with golden puff pastry and served with green beans.',
    664,
    N'1. Preheat the oven to 150C/300F/Gas 2.
Toss the beef and flour together in a bowl with some salt and black pepper.
Heat a large casserole until hot, add half of the rapeseed oil and enough of the beef to just cover the bottom of the casserole.
Fry until browned on each side, then remove and set aside 2. Repeat with the remaining oil and beef.
Return the beef to the pan, add the wine and cook until the volume of liquid has reduced by half, then add the stock, onion, carrots, thyme and mustard, and season well with salt and pepper.
Cover with a lid and place in the oven for two hours.
Remove from the oven, check the seasoning and set aside to cool 3. Remove the thyme.
When the beef is cool and you''re ready to assemble the pie, preheat the oven to 200C/400F/Gas 6.
Transfer the beef to a pie dish, brush the rim with the beaten egg yolks and lay the pastry over the top 4. Brush the top of the pastry with more beaten egg.
Trim the pastry so there is just enough excess to crimp the edges, then place in the oven and bake for 30 minutes, or until the pastry is golden-brown and cooked through.
For the green beans, bring a saucepan of salted water to the boil, add the beans and cook for 4-5 minutes, or until just tender.
Drain and toss with the butter, then season with black pepper.
To serve, place a large spoonful of pie onto each plate with some green beans alongside. 5. Assuming 4 servings',
    'https://www.themealdb.com/images/media/meals/sytuqu1511553755.jpg',
    'https://www.themealdb.com/images/media/meals/sytuqu1511553755.jpg',
    'test'
);

INSERT INTO Food_Ingredient (FoodID, Ingredient)
VALUES ('f101_0117', N'1kg Beef');

INSERT INTO Food_Ingredient (FoodID, Ingredient)
VALUES ('f101_0117', N'2 tbs Plain Flour');

INSERT INTO Food_Ingredient (FoodID, Ingredient)
VALUES ('f101_0117', N'2 tbs Rapeseed Oil');

INSERT INTO Food_Ingredient (FoodID, Ingredient)
VALUES ('f101_0117', N'200ml Red Wine');

INSERT INTO Food_Ingredient (FoodID, Ingredient)
VALUES ('f101_0117', N'400ml Beef Stock');

INSERT INTO Food_Ingredient (FoodID, Ingredient)
VALUES ('f101_0117', N'1 finely sliced Onion');

INSERT INTO Food_Ingredient (FoodID, Ingredient)
VALUES ('f101_0117', N'2 chopped Carrots');

INSERT INTO Food_Ingredient (FoodID, Ingredient)
VALUES ('f101_0117', N'3 sprigs Thyme');

INSERT INTO Food_Ingredient (FoodID, Ingredient)
VALUES ('f101_0117', N'2 tbs Mustard');

INSERT INTO Food_Ingredient (FoodID, Ingredient)
VALUES ('f101_0117', N'2 free-range Egg Yolks');

INSERT INTO Food_Ingredient (FoodID, Ingredient)
VALUES ('f101_0117', N'400g Puff Pastry');

INSERT INTO Food_Ingredient (FoodID, Ingredient)
VALUES ('f101_0117', N'300g Green Beans');

INSERT INTO Food_Ingredient (FoodID, Ingredient)
VALUES ('f101_0117', N'25g Butter');

INSERT INTO Food_Ingredient (FoodID, Ingredient)
VALUES ('f101_0117', N'pinch Salt');

INSERT INTO Food_Ingredient (FoodID, Ingredient)
VALUES ('f101_0117', N'pinch Pepper');

INSERT INTO Food (FoodID, Title, Description, Calories, Instructions, ImageURL, SourceURL, Partition)
VALUES (
    'f101_0118',
    N'Jamaican Beef Patties',
    N'A savory Jamaican street food staple with spiced minced beef encased in a flaky, turmeric-infused pastry, offering a burst of bold Caribbean flavors.',
    683,
    N'1. Make the Pastry Dough

To a large bowl, add flour, 1 teaspoon salt, and turmeric and mix thoroughly.
Rub shortening into flour until there are small pieces of shortening completely covered with flour.
Pour in 1/2 cup of the ice water and mix with your hands to bring the dough together 2. Keep adding ice water 2 to 3 tablespoons at a time until the mixture forms a dough.
At this stage, you can cut the dough into 2 large pieces, wrap in plastic and refrigerate for 30 minutes before using it.
Alternatively, cut the dough into 10 to 12 equal pieces, place on a platter or baking sheet, cover securely with plastic wrap and let chill for 30 minutes while you make the filling.
Make the Filling

Add ground beef to a large bowl 3. Sprinkle in allspice and black pepper 4. Mix together and set aside.
Heat oil in a skillet until hot.
Add onions and sauté until translucent 5. Add hot pepper, garlic and thyme and continue to sauté for another minute 6. Add 1/4 teaspoon salt.
Add seasoned ground beef and toss to mix, breaking up any clumps, and let cook until the meat is no longer pink.
Add ketchup and more salt to taste.
Pour in 2 cups of water and stir 7. Bring the mixture to a boil then reduce heat and let simmer until most of the liquid has evaporated and whatever is remaining has reduced to a thick sauce.
Fold in green onions 8. Remove from heat and let cool completely.
Assemble the Patties

Beat the egg and water together to make an egg wash 9. Set aside.
Now you can prepare the dough in two ways.
First Method: Flour the work surface and rolling pin 10. If you had cut it into 2 large pieces, then take one of the large pieces and roll it out into a very large circle 11. Take a bowl with a wide rim (about 5 inches) and cut out three circles.

Place about 3 heaping tablespoons of the filling onto 1/2 of each circle 12. Dip a finger into the water and moisten the edges of the pastry 13. Fold over the other half and press to seal 14. Take a fork and crimp the edges 15. Cut off any extra to make it look neat and uniform 16. Place on a parchment-lined baking sheet and continue to work until you have rolled all the dough and filled the patties.
Second Method: If you had pre-cut the dough into individual pieces, work with one piece of dough at a time 17. Roll it out on a floured surface into a 5-inch circle or a little larger 18. Don’t worry if the edges are not perfect.

Place 3 heaping tablespoons of the filling on one side of the circle 19. Dip a finger into the water and moisten the edges of the pastry 20. Fold over the other half and press to seal.

Take a fork and crimp the edges 21. Cut off any extra to make it look neat and uniform 22. Place on a parchment-lined baking sheet and continue work until you have rolled all the dough and filled the patties.

Frying and Serving the Patties

After forming the patties, place the pans in the refrigerator while you heat the oven to 350 F.
Just before adding the pans with the patties to the oven, brush the patties with egg wash.
Bake patties for 30 minutes or until golden brown.
Cool on wire racks.
Serve warm. 23. Assuming 4 servings',
    'https://www.themealdb.com/images/media/meals/wsqqsw1515364068.jpg',
    'https://www.themealdb.com/images/media/meals/wsqqsw1515364068.jpg',
    'test'
);

INSERT INTO Food_Ingredient (FoodID, Ingredient)
VALUES ('f101_0118', N'4 cups Plain Flour');

INSERT INTO Food_Ingredient (FoodID, Ingredient)
VALUES ('f101_0118', N'1 tsp Salt');

INSERT INTO Food_Ingredient (FoodID, Ingredient)
VALUES ('f101_0118', N'1 tsp Curry Powder');

INSERT INTO Food_Ingredient (FoodID, Ingredient)
VALUES ('f101_0118', N'250g Butter');

INSERT INTO Food_Ingredient (FoodID, Ingredient)
VALUES ('f101_0118', N'1 cup Water');

INSERT INTO Food_Ingredient (FoodID, Ingredient)
VALUES ('f101_0118', N'900g Minced Beef');

INSERT INTO Food_Ingredient (FoodID, Ingredient)
VALUES ('f101_0118', N'1 tsp Allspice');

INSERT INTO Food_Ingredient (FoodID, Ingredient)
VALUES ('f101_0118', N'1/2 tsp Black Pepper');

INSERT INTO Food_Ingredient (FoodID, Ingredient)
VALUES ('f101_0118', N'2 tbs Vegetable Oil');

INSERT INTO Food_Ingredient (FoodID, Ingredient)
VALUES ('f101_0118', N'1 cup Onions');

INSERT INTO Food_Ingredient (FoodID, Ingredient)
VALUES ('f101_0118', N'Ground Red Pepper');

INSERT INTO Food_Ingredient (FoodID, Ingredient)
VALUES ('f101_0118', N'2 tsp ground Garlic');

INSERT INTO Food_Ingredient (FoodID, Ingredient)
VALUES ('f101_0118', N'1 tbs Thyme');

INSERT INTO Food_Ingredient (FoodID, Ingredient)
VALUES ('f101_0118', N'1/4 tsp Salt');

INSERT INTO Food_Ingredient (FoodID, Ingredient)
VALUES ('f101_0118', N'2 tbs Tomato Ketchup');

INSERT INTO Food_Ingredient (FoodID, Ingredient)
VALUES ('f101_0118', N'2 cups Water');

INSERT INTO Food_Ingredient (FoodID, Ingredient)
VALUES ('f101_0118', N'1/2 cup Onions');

INSERT INTO Food_Ingredient (FoodID, Ingredient)
VALUES ('f101_0118', N'1 beaten Egg');

INSERT INTO Food_Ingredient (FoodID, Ingredient)
VALUES ('f101_0118', N'1 tbs Water');

INSERT INTO Food_Ingredient (FoodID, Ingredient)
VALUES ('f101_0118', N'1/4 cup Water');

INSERT INTO Food (FoodID, Title, Description, Calories, Instructions, ImageURL, SourceURL, Partition)
VALUES (
    'f101_0119',
    N'Beef Brisket Pot Roast',
    N'A slow-cooked American classic with tender beef brisket, caramelized onions, and carrots in a savory beef stock, served with mashed potatoes for a comforting, hearty meal.',
    474,
    N'1. 1 Prepare the brisket for cooking: On one side of the brisket there should be a layer of fat, which you want 2. If there are any large chunks of fat, cut them off and discard them 3. Large pieces of fat will not be able to render out completely.
Using a sharp knife, score the fat in parallel lines, about 3/4-inch apart 4. Slice through the fat, not the beef 5. Repeat in the opposite direction to make a cross-hatch pattern.
Salt the brisket well and let it sit at room temperature for 30 minutes.
 
2 Sear the brisket: You''ll need an oven-proof, thick-bottomed pot with a cover, or Dutch oven, that is just wide enough to hold the brisket roast with a little room for the onions.
Pat the brisket dry and place it, fatty side down, into the pot and place it on medium high heat 6. Cook for 5-8 minutes, lightly sizzling, until the fat side is nicely browned 7. (If the roast seems to be cooking too fast, turn the heat down to medium 8. You want a steady sizzle, not a raging sear.)
Turn the brisket over and cook for a few minutes more to brown the other side.

3 Sauté the onions and garlic: When the brisket has browned, remove it from the pot and set aside 9. There should be a couple tablespoons of fat rendered in the pot, if not, add some olive oil.
Add the chopped onions and increase the heat to high 10. Sprinkle a little salt on the onions 11. Sauté, stirring often, until the onions are lightly browned, 5-8 minutes 12. Stir in the garlic and cook 1-2 more minutes.
 
4 Return brisket to pot, add herbs, stock, bring to simmer, cover, cook in oven: Preheat the oven to 300°F 13. Use kitchen twine to tie together the bay leaves, rosemary and thyme.
Move the onions and garlic to the sides of the pot and nestle the brisket inside 14. Add the beef stock and the tied-up herbs 15. Bring the stock to a boil on the stovetop.
Cover the pot, place the pot in the 300°F oven and cook for 3 hours 16. Carefully flip the brisket every hour so it cooks evenly.
 
5 Add carrots, continue to cook: After 3 hours, add the carrots 17. Cover the pot and cook for 1 hour more, or until the carrots are cooked through and the brisket is falling-apart tender.
6 Remove brisket to cutting board, tent with foil: When the brisket is falling-apart tender, take the pot out of the oven and remove the brisket to a cutting board 18. Cover it with foil 19. Pull out and discard the herbs.
7 Make sauce (optional): At this point you have two options 20. You can serve as is, or you can make a sauce with the drippings and some of the onions 21. If you serve as is, skip this step.
To make a sauce, remove the carrots and half of the onions, set aside and cover them with foil 22. Pour the ingredients that are remaining into the pot into a blender, and purée until smooth 23. If you want, add 1 tablespoon of mustard to the mix 24. Put into a small pot and keep warm.
8 Slice the meat across the grain: Notice the lines of the muscle fibers of the roast 25. This is the "grain" of the meat 26. Slice the meat perpendicular to these lines, or across the grain (cutting this way further tenderizes the meat), in 1/4-inch to 1/2-inch slices.
Serve with the onions, carrots and gravy 27. Serve with mashed, roasted or boiled potatoes, egg noodles or polenta. 28. Assuming 5 servings',
    'https://www.themealdb.com/images/media/meals/ursuup1487348423.jpg',
    'https://www.themealdb.com/images/media/meals/ursuup1487348423.jpg',
    'test'
);

INSERT INTO Food_Ingredient (FoodID, Ingredient)
VALUES ('f101_0119', N'4-5 pound Beef Brisket');

INSERT INTO Food_Ingredient (FoodID, Ingredient)
VALUES ('f101_0119', N'Dash Salt');

INSERT INTO Food_Ingredient (FoodID, Ingredient)
VALUES ('f101_0119', N'3 Onion');

INSERT INTO Food_Ingredient (FoodID, Ingredient)
VALUES ('f101_0119', N'5 cloves Garlic');

INSERT INTO Food_Ingredient (FoodID, Ingredient)
VALUES ('f101_0119', N'1 Sprig Thyme');

INSERT INTO Food_Ingredient (FoodID, Ingredient)
VALUES ('f101_0119', N'1 sprig Rosemary');

INSERT INTO Food_Ingredient (FoodID, Ingredient)
VALUES ('f101_0119', N'4 Bay Leaves');

INSERT INTO Food_Ingredient (FoodID, Ingredient)
VALUES ('f101_0119', N'2 cups beef stock');

INSERT INTO Food_Ingredient (FoodID, Ingredient)
VALUES ('f101_0119', N'3 Large Carrots');

INSERT INTO Food_Ingredient (FoodID, Ingredient)
VALUES ('f101_0119', N'1 Tbsp Mustard');

INSERT INTO Food_Ingredient (FoodID, Ingredient)
VALUES ('f101_0119', N'4 Mashed Potatoes');

INSERT INTO Food (FoodID, Title, Description, Calories, Instructions, ImageURL, SourceURL, Partition)
VALUES (
    'f101_0120',
    N'Corned Beef and Cabbage',
    N'A traditional Irish-American dish featuring tender corned beef brisket simmered with potatoes, carrots, and cabbage, offering a simple yet satisfying one-pot meal.',
    200,
    N'1. 1

Place corned beef in large pot or Dutch oven and cover with water 2. Add the spice packet that came with the corned beef 3. Cover pot and bring to a boil, then reduce to a simmer 4. Simmer approximately 50 minutes per pound or until tender.

2

Add whole potatoes and peeled and cut carrots, and cook until the vegetables are almost tender 5. Add cabbage and cook for 15 more minutes 6. Remove meat and let rest 15 minutes.

3

Place vegetables in a bowl and cover 7. Add as much broth (cooking liquid reserved in the Dutch oven or large pot) as you want 8. Slice meat across the grain. 9. Assuming 4 servings',
    'https://www.themealdb.com/images/media/meals/xb97a81583266727.jpg',
    'https://www.themealdb.com/images/media/meals/xb97a81583266727.jpg',
    'test'
);

INSERT INTO Food_Ingredient (FoodID, Ingredient)
VALUES ('f101_0120', N'500 gam Beef Brisket');

INSERT INTO Food_Ingredient (FoodID, Ingredient)
VALUES ('f101_0120', N'10 Small Potatoes');

INSERT INTO Food_Ingredient (FoodID, Ingredient)
VALUES ('f101_0120', N'5 Carrots');

INSERT INTO Food_Ingredient (FoodID, Ingredient)
VALUES ('f101_0120', N'1 head Cabbage');

INSERT INTO Food (FoodID, Title, Description, Calories, Instructions, ImageURL, SourceURL, Partition)
VALUES (
    'f101_0121',
    N'Beef Banh Mi Bowls with Sriracha Mayo, Carrot & Pickled Cucumber',
    N'A deconstructed Vietnamese banh mi featuring seasoned ground beef, fragrant lime rice, pickled cucumbers, and grated carrots, drizzled with spicy sriracha mayo for a fresh, vibrant bowl.',
    249,
    N'1. Add''l ingredients: mayonnaise, siracha

1

Place rice in a fine-mesh sieve and rinse until water runs clear 2. Add to a small pot with 1 cup water (2 cups for 4 servings) and a pinch of salt 3. Bring to a boil, then cover and reduce heat to low 4. Cook until rice is tender, 15 minutes 5. Keep covered off heat for at least 10 minutes or until ready to serve.

2

Meanwhile, wash and dry all produce 6. Peel and finely chop garlic 7. Zest and quarter lime (for 4 servings, zest 1 lime and quarter both) 8. Trim and halve cucumber lengthwise; thinly slice crosswise into half-moons 9. Halve, peel, and medium dice onion 10. Trim, peel, and grate carrot.

3

In a medium bowl, combine cucumber, juice from half the lime, ¼ tsp sugar (½ tsp for 4 servings), and a pinch of salt 11. In a small bowl, combine mayonnaise, a pinch of garlic, a squeeze of lime juice, and as much sriracha as you’d like 12. Season with salt and pepper.

4

Heat a drizzle of oil in a large pan over medium-high heat 13. Add onion and cook, stirring, until softened, 4-5 minutes 14. Add beef, remaining garlic, and 2 tsp sugar (4 tsp for 4 servings) 15. Cook, breaking up meat into pieces, until beef is browned and cooked through, 4-5 minutes 16. Stir in soy sauce 17. Turn off heat; taste and season with salt and pepper.

5

Fluff rice with a fork; stir in lime zest and 1 TBSP butter 18. Divide rice between bowls 19. Arrange beef, grated carrot, and pickled cucumber on top 20. Top with a squeeze of lime juice 21. Drizzle with sriracha mayo. 22. Assuming 4 servings',
    'https://www.themealdb.com/images/media/meals/z0ageb1583189517.jpg',
    'https://www.themealdb.com/images/media/meals/z0ageb1583189517.jpg',
    'test'
);

INSERT INTO Food_Ingredient (FoodID, Ingredient)
VALUES ('f101_0121', N'White Rice');

INSERT INTO Food_Ingredient (FoodID, Ingredient)
VALUES ('f101_0121', N'1 Onion');

INSERT INTO Food_Ingredient (FoodID, Ingredient)
VALUES ('f101_0121', N'1 Lime');

INSERT INTO Food_Ingredient (FoodID, Ingredient)
VALUES ('f101_0121', N'3 Garlic Clove');

INSERT INTO Food_Ingredient (FoodID, Ingredient)
VALUES ('f101_0121', N'1 Cucumber');

INSERT INTO Food_Ingredient (FoodID, Ingredient)
VALUES ('f101_0121', N'3 oz Carrots');

INSERT INTO Food_Ingredient (FoodID, Ingredient)
VALUES ('f101_0121', N'1 lb Ground Beef');

INSERT INTO Food_Ingredient (FoodID, Ingredient)
VALUES ('f101_0121', N'2 oz Soy Sauce');

INSERT INTO Food (FoodID, Title, Description, Calories, Instructions, ImageURL, SourceURL, Partition)
VALUES (
    'f101_0122',
    N'Chicken Handi',
    N'A creamy Indian curry with tender chicken cooked in a fragrant blend of onions, tomatoes, yogurt, and spices, finished with cream and fenugreek for a rich, aromatic dish.',
    387,
    N'1. Take a large pot or wok, big enough to cook all the chicken, and heat the oil in it 2. Once the oil is hot, add sliced onion and fry them until deep golden brown 3. Then take them out on a plate and set aside.
To the same pot, add the chopped garlic and sauté for a minute 4. Then add the chopped tomatoes and cook until tomatoes turn soft 5. This would take about 5 minutes.
Then return the fried onion to the pot and stir 6. Add ginger paste and sauté well.
Now add the cumin seeds, half of the coriander seeds and chopped green chillies 7. Give them a quick stir.
Next goes in the spices – turmeric powder and red chilli powder 8. Sauté the spices well for couple of minutes.
Add the chicken pieces to the wok, season it with salt to taste and cook the chicken covered on medium-low heat until the chicken is almost cooked through 9. This would take about 15 minutes 10. Slowly sautéing the chicken will enhance the flavor, so do not expedite this step by putting it on high heat.
When the oil separates from the spices, add the beaten yogurt keeping the heat on lowest so that the yogurt doesn’t split 11. Sprinkle the remaining coriander seeds and add half of the dried fenugreek leaves 12. Mix well.
Finally add the cream and give a final mix to combine everything well.
Sprinkle the remaining kasuri methi and garam masala and serve the chicken handi hot with naan or rotis 13. Assuming 4 servings 14. Enjoy!',
    'https://www.themealdb.com/images/media/meals/wyxwsp1486979827.jpg',
    'https://www.themealdb.com/images/media/meals/wyxwsp1486979827.jpg',
    'test'
);

INSERT INTO Food_Ingredient (FoodID, Ingredient)
VALUES ('f101_0122', N'1.2 kg Chicken');

INSERT INTO Food_Ingredient (FoodID, Ingredient)
VALUES ('f101_0122', N'5 thinly sliced Onion');

INSERT INTO Food_Ingredient (FoodID, Ingredient)
VALUES ('f101_0122', N'2 finely chopped Tomatoes');

INSERT INTO Food_Ingredient (FoodID, Ingredient)
VALUES ('f101_0122', N'8 cloves chopped Garlic');

INSERT INTO Food_Ingredient (FoodID, Ingredient)
VALUES ('f101_0122', N'1 tbsp Ginger paste');

INSERT INTO Food_Ingredient (FoodID, Ingredient)
VALUES ('f101_0122', N'¼ cup Vegetable oil');

INSERT INTO Food_Ingredient (FoodID, Ingredient)
VALUES ('f101_0122', N'2 tsp Cumin seeds');

INSERT INTO Food_Ingredient (FoodID, Ingredient)
VALUES ('f101_0122', N'3 tsp Coriander seeds');

INSERT INTO Food_Ingredient (FoodID, Ingredient)
VALUES ('f101_0122', N'1 tsp Turmeric powder');

INSERT INTO Food_Ingredient (FoodID, Ingredient)
VALUES ('f101_0122', N'1 tsp Chilli powder');

INSERT INTO Food_Ingredient (FoodID, Ingredient)
VALUES ('f101_0122', N'2 Green chilli');

INSERT INTO Food_Ingredient (FoodID, Ingredient)
VALUES ('f101_0122', N'1 cup Yogurt');

INSERT INTO Food_Ingredient (FoodID, Ingredient)
VALUES ('f101_0122', N'¾ cup Cream');

INSERT INTO Food_Ingredient (FoodID, Ingredient)
VALUES ('f101_0122', N'3 tsp Dried fenugreek');

INSERT INTO Food_Ingredient (FoodID, Ingredient)
VALUES ('f101_0122', N'1 tsp Garam masala');

INSERT INTO Food_Ingredient (FoodID, Ingredient)
VALUES ('f101_0122', N'To taste Salt');

INSERT INTO Food (FoodID, Title, Description, Calories, Instructions, ImageURL, SourceURL, Partition)
VALUES (
    'f101_0123',
    N'Chicken Congee',
    N'A comforting Chinese rice porridge with tender marinated chicken, infused with ginger and spring onions, offering a warm, soothing texture perfect for breakfast or a light meal.',
    146,
    N'1. STEP 1 - MARINATING THE CHICKEN
In a bowl, add chicken, salt, white pepper, ginger juice and then mix it together well.
Set the chicken aside.
STEP 2 - RINSE THE WHITE RICE
Rinse the rice in a metal bowl or pot a couple times and then drain the water.
STEP 2 - BOILING THE WHITE RICE
Next add 8 cups of water and then set the stove on high heat until it is boiling 2. Once rice porridge starts to boil, set the stove on low heat and then stir it once every 8-10 minutes for around 20-25 minutes.
After 25 minutes, this is optional but you can add a little bit more water to make rice porridge to make it less thick or to your preference.
Next add the marinated chicken to the rice porridge and leave the stove on low heat for another 10 minutes.
After an additional 10 minutes add the green onions, sliced ginger, 1 pinch of salt, 1 pinch of white pepper and stir for 10 seconds.
Serve the rice porridge in a bowl
Optional: add Coriander on top of the rice porridge. 3. Assuming 1 servings',
    'https://www.themealdb.com/images/media/meals/1529446352.jpg',
    'https://www.themealdb.com/images/media/meals/1529446352.jpg',
    'test'
);

INSERT INTO Food_Ingredient (FoodID, Ingredient)
VALUES ('f101_0123', N'8 oz Chicken');

INSERT INTO Food_Ingredient (FoodID, Ingredient)
VALUES ('f101_0123', N'pinch Salt');

INSERT INTO Food_Ingredient (FoodID, Ingredient)
VALUES ('f101_0123', N'pinch Pepper');

INSERT INTO Food_Ingredient (FoodID, Ingredient)
VALUES ('f101_0123', N'1 tsp Ginger Cordial');

INSERT INTO Food_Ingredient (FoodID, Ingredient)
VALUES ('f101_0123', N'1 tsp Ginger');

INSERT INTO Food_Ingredient (FoodID, Ingredient)
VALUES ('f101_0123', N'1 tbs Spring Onions');

INSERT INTO Food_Ingredient (FoodID, Ingredient)
VALUES ('f101_0123', N'1/2 cup Rice');

INSERT INTO Food_Ingredient (FoodID, Ingredient)
VALUES ('f101_0123', N'8 cups Water');

INSERT INTO Food_Ingredient (FoodID, Ingredient)
VALUES ('f101_0123', N'2 oz Coriander');

INSERT INTO Food (FoodID, Title, Description, Calories, Instructions, ImageURL, SourceURL, Partition)
VALUES (
    'f101_0124',
    N'Chicken Karaage',
    N'Crispy Japanese fried chicken marinated in a savory blend of soy sauce, sake, and ginger, coated with potato starch for a light, crunchy texture, served with lemon wedges.',
    366,
    N'1. Add the ginger, garlic, soy sauce, sake and sugar to a bowl and whisk to combine 2. Add the chicken, then stir to coat evenly 3. Cover and refrigerate for at least 1 hour.

Add 1 inch of vegetable oil to a heavy bottomed pot and heat until the oil reaches 360 degrees F 4. Line a wire rack with 2 sheets of paper towels and get your tongs out 5. Put the potato starch in a bowl

Add a handful of chicken to the potato starch and toss to coat each piece evenly.

Fry the karaage in batches until the exterior is a medium brown and the chicken is cooked through 6. Transfer the fried chicken to the paper towel lined rack 7. If you want the karaage to stay crispy longer, you can fry the chicken a second time, until it''s a darker color after it''s cooled off once 8. Serve with lemon wedges. 9. Assuming 2 servings',
    'https://www.themealdb.com/images/media/meals/tyywsw1505930373.jpg',
    'https://www.themealdb.com/images/media/meals/tyywsw1505930373.jpg',
    'test'
);

INSERT INTO Food_Ingredient (FoodID, Ingredient)
VALUES ('f101_0124', N'450 grams Boneless skin Chicken');

INSERT INTO Food_Ingredient (FoodID, Ingredient)
VALUES ('f101_0124', N'1 tablespoon Ginger');

INSERT INTO Food_Ingredient (FoodID, Ingredient)
VALUES ('f101_0124', N'1 clove Garlic');

INSERT INTO Food_Ingredient (FoodID, Ingredient)
VALUES ('f101_0124', N'2 tablespoons Soy sauce');

INSERT INTO Food_Ingredient (FoodID, Ingredient)
VALUES ('f101_0124', N'1 tablespoon Sake');

INSERT INTO Food_Ingredient (FoodID, Ingredient)
VALUES ('f101_0124', N'2 teaspoon Granulated sugar');

INSERT INTO Food_Ingredient (FoodID, Ingredient)
VALUES ('f101_0124', N'1/3 cup Potato starch');

INSERT INTO Food_Ingredient (FoodID, Ingredient)
VALUES ('f101_0124', N'1/3 cup Vegetable oil');

INSERT INTO Food_Ingredient (FoodID, Ingredient)
VALUES ('f101_0124', N'1/3 cup Lemon');

INSERT INTO Food (FoodID, Title, Description, Calories, Instructions, ImageURL, SourceURL, Partition)
VALUES (
    'f101_0125',
    N'Chicken Marengo',
    N'A rustic French dish featuring tender chicken legs simmered with mushrooms, olives, and passata, creating a rich, tangy sauce, perfect with pasta or mashed potatoes.',
    474,
    N'1. Heat the oil in a large flameproof casserole dish and stir-fry the mushrooms until they start to soften 2. Add the chicken legs and cook briefly on each side to colour them a little.
Pour in the passata, crumble in the stock cube and stir in the olives 3. Season with black pepper – you shouldn’t need salt 4. Cover and simmer for 40 mins until the chicken is tender 5. Sprinkle with parsley and serve with pasta and a salad, or mash and green veg, if you like. 6. Assuming 4 servings',
    'https://www.themealdb.com/images/media/meals/qpxvuq1511798906.jpg',
    'https://www.themealdb.com/images/media/meals/qpxvuq1511798906.jpg',
    'test'
);

INSERT INTO Food_Ingredient (FoodID, Ingredient)
VALUES ('f101_0125', N'1 tbs Olive Oil');

INSERT INTO Food_Ingredient (FoodID, Ingredient)
VALUES ('f101_0125', N'300g Mushrooms');

INSERT INTO Food_Ingredient (FoodID, Ingredient)
VALUES ('f101_0125', N'4 Chicken Legs');

INSERT INTO Food_Ingredient (FoodID, Ingredient)
VALUES ('f101_0125', N'500g Passata');

INSERT INTO Food_Ingredient (FoodID, Ingredient)
VALUES ('f101_0125', N'1 Chicken Stock Cube');

INSERT INTO Food_Ingredient (FoodID, Ingredient)
VALUES ('f101_0125', N'100g Black Olives');

INSERT INTO Food_Ingredient (FoodID, Ingredient)
VALUES ('f101_0125', N'Chopped Parsley');

INSERT INTO Food (FoodID, Title, Description, Calories, Instructions, ImageURL, SourceURL, Partition)
VALUES (
    'f101_0126',
    N'Tandoori chicken',
    N'A vibrant Indian dish with juicy chicken thighs marinated in yogurt, lemon, and a blend of spices like paprika and garam masala, grilled to smoky, charred perfection.',
    482,
    N'1. Mix the lemon juice with the paprika and red onions in a large shallow dish 2. Slash each chicken thigh three times, then turn them in the juice and set aside for 10 mins.
Mix all of the marinade ingredients together and pour over the chicken 3. Give everything a good mix, then cover and chill for at least 1 hr 4. This can be done up to a day in advance.
Heat the grill 5. Lift the chicken pieces onto a rack over a baking tray 6. Brush over a little oil and grill for 8 mins on each side or until lightly charred and completely cooked through. 7. Assuming 4 servings',
    'https://www.themealdb.com/images/media/meals/qptpvt1487339892.jpg',
    'https://www.themealdb.com/images/media/meals/qptpvt1487339892.jpg',
    'test'
);

INSERT INTO Food_Ingredient (FoodID, Ingredient)
VALUES ('f101_0126', N'2 Juice lemons');

INSERT INTO Food_Ingredient (FoodID, Ingredient)
VALUES ('f101_0126', N'4 tsp paprika');

INSERT INTO Food_Ingredient (FoodID, Ingredient)
VALUES ('f101_0126', N'2 finely chopped red onions');

INSERT INTO Food_Ingredient (FoodID, Ingredient)
VALUES ('f101_0126', N'16 skinnless chicken thighs');

INSERT INTO Food_Ingredient (FoodID, Ingredient)
VALUES ('f101_0126', N'For brushing vegetable oil');

INSERT INTO Food_Ingredient (FoodID, Ingredient)
VALUES ('f101_0126', N'300ml Greek yogurt');

INSERT INTO Food_Ingredient (FoodID, Ingredient)
VALUES ('f101_0126', N'large piece ginger');

INSERT INTO Food_Ingredient (FoodID, Ingredient)
VALUES ('f101_0126', N'4 garlic clove');

INSERT INTO Food_Ingredient (FoodID, Ingredient)
VALUES ('f101_0126', N'¾ tsp garam masala');

INSERT INTO Food_Ingredient (FoodID, Ingredient)
VALUES ('f101_0126', N'¾ tsp ground cumin');

INSERT INTO Food_Ingredient (FoodID, Ingredient)
VALUES ('f101_0126', N'½ tsp chilli powder');

INSERT INTO Food_Ingredient (FoodID, Ingredient)
VALUES ('f101_0126', N'¼ tsp turmeric');

INSERT INTO Food (FoodID, Title, Description, Calories, Instructions, ImageURL, SourceURL, Partition)
VALUES (
    'f101_0127',
    N'Chicken Couscous',
    N'A fragrant North African-inspired dish with golden chicken, couscous, chickpeas, and dried apricots, spiced with harissa and ginger, finished with fresh coriander for brightness.',
    424,
    N'1. Heat the olive oil in a large frying pan and cook the onion for 1-2 mins just until softened 2. Add the chicken and fry for 7-10 mins until cooked through and the onions have turned golden 3. Grate over the ginger, stir through the harissa to coat everything and cook for 1 min more.

Tip in the apricots, chickpeas and couscous, then pour over the stock and stir once 4. Cover with a lid or tightly cover the pan with foil and leave for about 5 mins until the couscous has soaked up all the stock and is soft 5. Fluff up the couscous with a fork and scatter over the coriander to serve 6. Serve with extra harissa, if you like. 7. Assuming 4 servings',
    'https://www.themealdb.com/images/media/meals/qxytrx1511304021.jpg',
    'https://www.themealdb.com/images/media/meals/qxytrx1511304021.jpg',
    'test'
);

INSERT INTO Food_Ingredient (FoodID, Ingredient)
VALUES ('f101_0127', N'1 tbsp Olive Oil');

INSERT INTO Food_Ingredient (FoodID, Ingredient)
VALUES ('f101_0127', N'1 chopped Onion');

INSERT INTO Food_Ingredient (FoodID, Ingredient)
VALUES ('f101_0127', N'200g Chicken Breast');

INSERT INTO Food_Ingredient (FoodID, Ingredient)
VALUES ('f101_0127', N'pinch Ginger');

INSERT INTO Food_Ingredient (FoodID, Ingredient)
VALUES ('f101_0127', N'2 tblsp Harissa Spice');

INSERT INTO Food_Ingredient (FoodID, Ingredient)
VALUES ('f101_0127', N'10 Dried Apricots');

INSERT INTO Food_Ingredient (FoodID, Ingredient)
VALUES ('f101_0127', N'220g Chickpeas');

INSERT INTO Food_Ingredient (FoodID, Ingredient)
VALUES ('f101_0127', N'200g Couscous');

INSERT INTO Food_Ingredient (FoodID, Ingredient)
VALUES ('f101_0127', N'200ml Chicken Stock');

INSERT INTO Food_Ingredient (FoodID, Ingredient)
VALUES ('f101_0127', N'Handful Coriander');

INSERT INTO Food (FoodID, Title, Description, Calories, Instructions, ImageURL, SourceURL, Partition)
VALUES (
    'f101_0128',
    N'Kung Pao Chicken',
    N'A spicy Chinese stir-fry with tender chicken, crunchy peanuts, and water chestnuts in a bold sauce of soy, sake, and chili, garnished with spring onions.',
    547,
    N'1. Combine the sake or rice wine, soy sauce, sesame oil and cornflour dissolved in water 2. Divide mixture in half.
In a glass dish or bowl, combine half of the sake mixture with the chicken pieces and toss to coat 3. Cover dish and place in refrigerator for about 30 minutes.
In a medium frying pan, combine remaining sake mixture, chillies, vinegar and sugar 4. Mix together and add spring onion, garlic, water chestnuts and peanuts 5. Heat sauce slowly over medium heat until aromatic.
Meanwhile, remove chicken from marinade and sauté in a large frying pan until juices run clear 6. When sauce is aromatic, add sautéed chicken and let simmer together until sauce thickens. 7. Assuming 4 servings',
    'https://www.themealdb.com/images/media/meals/1525872624.jpg',
    'https://www.themealdb.com/images/media/meals/1525872624.jpg',
    'test'
);

INSERT INTO Food_Ingredient (FoodID, Ingredient)
VALUES ('f101_0128', N'2 tbs Sake');

INSERT INTO Food_Ingredient (FoodID, Ingredient)
VALUES ('f101_0128', N'2 tbs Soy Sauce');

INSERT INTO Food_Ingredient (FoodID, Ingredient)
VALUES ('f101_0128', N'2 tbs Sesame Seed Oil');

INSERT INTO Food_Ingredient (FoodID, Ingredient)
VALUES ('f101_0128', N'2 tbs Corn Flour');

INSERT INTO Food_Ingredient (FoodID, Ingredient)
VALUES ('f101_0128', N'2 tbs Water');

INSERT INTO Food_Ingredient (FoodID, Ingredient)
VALUES ('f101_0128', N'500g Chicken');

INSERT INTO Food_Ingredient (FoodID, Ingredient)
VALUES ('f101_0128', N'1 tbs Chilli Powder');

INSERT INTO Food_Ingredient (FoodID, Ingredient)
VALUES ('f101_0128', N'1 tsp Rice Vinegar');

INSERT INTO Food_Ingredient (FoodID, Ingredient)
VALUES ('f101_0128', N'1 tbs Brown Sugar');

INSERT INTO Food_Ingredient (FoodID, Ingredient)
VALUES ('f101_0128', N'4 Chopped Spring Onions');

INSERT INTO Food_Ingredient (FoodID, Ingredient)
VALUES ('f101_0128', N'6 cloves Garlic Clove');

INSERT INTO Food_Ingredient (FoodID, Ingredient)
VALUES ('f101_0128', N'220g Water Chestnut');

INSERT INTO Food_Ingredient (FoodID, Ingredient)
VALUES ('f101_0128', N'100g Peanuts');

INSERT INTO Food (FoodID, Title, Description, Calories, Instructions, ImageURL, SourceURL, Partition)
VALUES (
    'f101_0129',
    N'Chicken Basquaise',
    N'A vibrant Basque-inspired dish with succulent chicken baked in a colorful sauce of peppers, chorizo, and sun-dried tomatoes, served with aromatic rice and olives.',
    491,
    N'1. Preheat the oven to 180°C/Gas mark 4 2. Have the chicken joints ready to cook 3. Heat the butter and 3 tbsp olive oil in a flameproof casserole or large frying pan 4. Brown the chicken pieces in batches on both sides, seasoning them with salt and pepper as you go 5. Don''t crowd the pan - fry the chicken in small batches, removing the pieces to kitchen paper as they are done.

Add a little more olive oil to the casserole and fry the onions over a medium heat for 10 minutes, stirring frequently, until softened but not browned 6. Add the rest of the oil, then the peppers and cook for another 5 minutes.

Add the chorizo, sun-dried tomatoes and garlic and cook for 2-3 minutes 7. Add the rice, stirring to ensure it is well coated in the oil 8. Stir in the tomato paste, paprika, bay leaves and chopped thyme 9. Pour in the stock and wine 10. When the liquid starts to bubble, turn the heat down to a gentle simmer 11. Press the rice down into the liquid if it isn''t already submerged and place the chicken on top 12. Add the lemon wedges and olives around the chicken.

Cover and cook in the oven for 50 minutes 13. The rice should be cooked but still have some bite, and the chicken should have juices that run clear when pierced in the thickest part with a knife 14. If not, cook for another 5 minutes and check again. 15. Assuming 4 servings',
    'https://www.themealdb.com/images/media/meals/wruvqv1511880994.jpg',
    'https://www.themealdb.com/images/media/meals/wruvqv1511880994.jpg',
    'test'
);

INSERT INTO Food_Ingredient (FoodID, Ingredient)
VALUES ('f101_0129', N'1.5kg Chicken');

INSERT INTO Food_Ingredient (FoodID, Ingredient)
VALUES ('f101_0129', N'25g Butter');

INSERT INTO Food_Ingredient (FoodID, Ingredient)
VALUES ('f101_0129', N'6 tblsp Olive Oil');

INSERT INTO Food_Ingredient (FoodID, Ingredient)
VALUES ('f101_0129', N'2 sliced Red Onions');

INSERT INTO Food_Ingredient (FoodID, Ingredient)
VALUES ('f101_0129', N'3 Large Red Pepper');

INSERT INTO Food_Ingredient (FoodID, Ingredient)
VALUES ('f101_0129', N'130g Chorizo');

INSERT INTO Food_Ingredient (FoodID, Ingredient)
VALUES ('f101_0129', N'8 Sun-Dried Tomatoes');

INSERT INTO Food_Ingredient (FoodID, Ingredient)
VALUES ('f101_0129', N'6 cloves sliced Garlic');

INSERT INTO Food_Ingredient (FoodID, Ingredient)
VALUES ('f101_0129', N'300g Basmati Rice');

INSERT INTO Food_Ingredient (FoodID, Ingredient)
VALUES ('f101_0129', N'drizzle Tomato Puree');

INSERT INTO Food_Ingredient (FoodID, Ingredient)
VALUES ('f101_0129', N'½ tsp Paprika');

INSERT INTO Food_Ingredient (FoodID, Ingredient)
VALUES ('f101_0129', N'4 Bay Leaves');

INSERT INTO Food_Ingredient (FoodID, Ingredient)
VALUES ('f101_0129', N'Handful Thyme');

INSERT INTO Food_Ingredient (FoodID, Ingredient)
VALUES ('f101_0129', N'350ml Chicken Stock');

INSERT INTO Food_Ingredient (FoodID, Ingredient)
VALUES ('f101_0129', N'180g Dry White Wine');

INSERT INTO Food_Ingredient (FoodID, Ingredient)
VALUES ('f101_0129', N'2 Lemons');

INSERT INTO Food_Ingredient (FoodID, Ingredient)
VALUES ('f101_0129', N'100g Black Olives');

INSERT INTO Food_Ingredient (FoodID, Ingredient)
VALUES ('f101_0129', N'to serve Salt');

INSERT INTO Food_Ingredient (FoodID, Ingredient)
VALUES ('f101_0129', N'to serve Pepper');

INSERT INTO Food (FoodID, Title, Description, Calories, Instructions, ImageURL, SourceURL, Partition)
VALUES (
    'f101_0130',
    N'Chicken Parmentier',
    N'A French comfort dish featuring a rich chicken filling with tomatoes, olives, and herbs, topped with creamy mashed potatoes and melted Gruyère, baked until golden.',
    730,
    N'1. For the topping, boil the potatoes in salted water until tender 2. Drain and push through a potato ricer, or mash thoroughly 3. Stir in the butter, cream and egg yolks 4. Season and set aside.
For the filling, melt the butter in a large pan 5. Add the shallots, carrots and celery and gently fry until soft, then add the garlic 6. Pour in the wine and cook for 1 minute 7. Stir in the tomato purée, chopped tomatoes and stock and cook for 10–15 minutes, until thickened 8. Add the shredded chicken, olives and parsley 9. Season to taste with salt and pepper.
Preheat the oven to 180C/160C Fan/Gas 4.
Put the filling in a 20x30cm/8x12in ovenproof dish and top with the mashed potato 10. Grate over the Gruyère 11. Bake for 30–35 minutes, until piping hot and the potato is golden-brown. 12. Assuming 6 servings',
    'https://www.themealdb.com/images/media/meals/uwvxpv1511557015.jpg',
    'https://www.themealdb.com/images/media/meals/uwvxpv1511557015.jpg',
    'test'
);

INSERT INTO Food_Ingredient (FoodID, Ingredient)
VALUES ('f101_0130', N'1.5kg Potatoes');

INSERT INTO Food_Ingredient (FoodID, Ingredient)
VALUES ('f101_0130', N'30g Butter');

INSERT INTO Food_Ingredient (FoodID, Ingredient)
VALUES ('f101_0130', N'5 tblsp Double Cream');

INSERT INTO Food_Ingredient (FoodID, Ingredient)
VALUES ('f101_0130', N'2 Egg Yolks');

INSERT INTO Food_Ingredient (FoodID, Ingredient)
VALUES ('f101_0130', N'30g Butter');

INSERT INTO Food_Ingredient (FoodID, Ingredient)
VALUES ('f101_0130', N'7 Shallots');

INSERT INTO Food_Ingredient (FoodID, Ingredient)
VALUES ('f101_0130', N'3 chopped Carrots');

INSERT INTO Food_Ingredient (FoodID, Ingredient)
VALUES ('f101_0130', N'2 sticks Celery');

INSERT INTO Food_Ingredient (FoodID, Ingredient)
VALUES ('f101_0130', N'1 finely chopped Garlic Clove');

INSERT INTO Food_Ingredient (FoodID, Ingredient)
VALUES ('f101_0130', N'4 tbsp White Wine');

INSERT INTO Food_Ingredient (FoodID, Ingredient)
VALUES ('f101_0130', N'1 tbls Tomato Puree');

INSERT INTO Food_Ingredient (FoodID, Ingredient)
VALUES ('f101_0130', N'400g Tinned Tomatos');

INSERT INTO Food_Ingredient (FoodID, Ingredient)
VALUES ('f101_0130', N'350ml Chicken Stock');

INSERT INTO Food_Ingredient (FoodID, Ingredient)
VALUES ('f101_0130', N'600g Chicken');

INSERT INTO Food_Ingredient (FoodID, Ingredient)
VALUES ('f101_0130', N'16 Black Olives');

INSERT INTO Food_Ingredient (FoodID, Ingredient)
VALUES ('f101_0130', N'2 tbs Parsley');

INSERT INTO Food_Ingredient (FoodID, Ingredient)
VALUES ('f101_0130', N'50g Gruyere cheese');

INSERT INTO Food (FoodID, Title, Description, Calories, Instructions, ImageURL, SourceURL, Partition)
VALUES (
    'f101_0131',
    N'Brown Stew Chicken',
    N'A hearty Jamaican dish with tender chicken marinated in a savory blend of thyme, allspice, and soy sauce, slow-cooked with vegetables and coconut milk for rich flavor.',
    489,
    N'1. Squeeze lime over chicken and rub well 2. Drain off excess lime juice.
Combine tomato, scallion, onion, garlic, pepper, thyme, pimento and soy sauce in a large bowl with the chicken pieces 3. Cover and marinate at least one hour.
Heat oil in a dutch pot or large saucepan 4. Shake off the seasonings as you remove each piece of chicken from the marinade 5. Reserve the marinade for sauce.
Lightly brown the chicken a few pieces at a time in very hot oil 6. Place browned chicken pieces on a plate to rest while you brown the remaining pieces.
Drain off excess oil and return the chicken to the pan 7. Pour the marinade over the chicken and add the carrots 8. Stir and cook over medium heat for 10 minutes.
Mix flour and coconut milk and add to stew, stirring constantly 9. Turn heat down to minimum and cook another 20 minutes or until tender. 10. Assuming 4 servings',
    'https://www.themealdb.com/images/media/meals/sypxpx1515365095.jpg',
    'https://www.themealdb.com/images/media/meals/sypxpx1515365095.jpg',
    'test'
);

INSERT INTO Food_Ingredient (FoodID, Ingredient)
VALUES ('f101_0131', N'1 whole Chicken');

INSERT INTO Food_Ingredient (FoodID, Ingredient)
VALUES ('f101_0131', N'1 chopped Tomato');

INSERT INTO Food_Ingredient (FoodID, Ingredient)
VALUES ('f101_0131', N'2 chopped Onions');

INSERT INTO Food_Ingredient (FoodID, Ingredient)
VALUES ('f101_0131', N'2 chopped Garlic Clove');

INSERT INTO Food_Ingredient (FoodID, Ingredient)
VALUES ('f101_0131', N'1 chopped Red Pepper');

INSERT INTO Food_Ingredient (FoodID, Ingredient)
VALUES ('f101_0131', N'1 chopped Carrots');

INSERT INTO Food_Ingredient (FoodID, Ingredient)
VALUES ('f101_0131', N'1 Lime');

INSERT INTO Food_Ingredient (FoodID, Ingredient)
VALUES ('f101_0131', N'2 tsp Thyme');

INSERT INTO Food_Ingredient (FoodID, Ingredient)
VALUES ('f101_0131', N'1 tsp Allspice');

INSERT INTO Food_Ingredient (FoodID, Ingredient)
VALUES ('f101_0131', N'2 tbs Soy Sauce');

INSERT INTO Food_Ingredient (FoodID, Ingredient)
VALUES ('f101_0131', N'2 tsp Cornstarch');

INSERT INTO Food_Ingredient (FoodID, Ingredient)
VALUES ('f101_0131', N'2 cups Coconut Milk');

INSERT INTO Food_Ingredient (FoodID, Ingredient)
VALUES ('f101_0131', N'1 tbs Vegetable Oil');

INSERT INTO Food (FoodID, Title, Description, Calories, Instructions, ImageURL, SourceURL, Partition)
VALUES (
    'f101_0132',
    N'Katsu Chicken curry',
    N'A Japanese favorite featuring crispy breaded chicken cutlets served with a rich, aromatic curry sauce made with carrots, onions, and warm spices, perfect over rice.',
    458,
    N'1. Prep:15min  ›  Cook:30min  ›  Ready in:45min 

For the curry sauce: Heat oil in medium non-stick saucepan, add onion and garlic and cook until softened 2. Stir in carrots and cook over low heat for 10 to 12 minutes.
Add flour and curry powder; cook for 1 minute 3. Gradually stir in stock until combined; add honey, soy sauce and bay leaf 4. Slowly bring to the boil.
Turn down heat and simmer for 20 minutes or until sauce thickens but is still of pouring consistency 5. Stir in garam masala 6. Pour the curry sauce through a sieve; return to saucepan and keep on low heat until ready to serve.
For the chicken: Season both sides of chicken breasts with salt and pepper 7. Place flour, egg and breadcrumbs in separate bowls and arrange in a row 8. Coat the chicken breasts in flour, then dip them into the egg, then coat in breadcrumbs, making sure you cover both sides.
Heat oil in large frying pan over medium-high heat 9. Place chicken into hot oil and cook until golden brown, about 3 or 4 minutes each side 10. Once cooked, place on kitchen paper to absorb excess oil.
Pour curry sauce over chicken, serve with white rice and enjoy! 11. Assuming 4 servings',
    'https://www.themealdb.com/images/media/meals/vwrpps1503068729.jpg',
    'https://www.themealdb.com/images/media/meals/vwrpps1503068729.jpg',
    'test'
);

INSERT INTO Food_Ingredient (FoodID, Ingredient)
VALUES ('f101_0132', N'4 pounded to 1cm thickness chicken breast');

INSERT INTO Food_Ingredient (FoodID, Ingredient)
VALUES ('f101_0132', N'2 tablespoons plain flour');

INSERT INTO Food_Ingredient (FoodID, Ingredient)
VALUES ('f101_0132', N'1 beaten egg');

INSERT INTO Food_Ingredient (FoodID, Ingredient)
VALUES ('f101_0132', N'100g fine breadcrumbs');

INSERT INTO Food_Ingredient (FoodID, Ingredient)
VALUES ('f101_0132', N'230ml frying vegetable oil');

INSERT INTO Food_Ingredient (FoodID, Ingredient)
VALUES ('f101_0132', N'2 tablespoons sunflower oil');

INSERT INTO Food_Ingredient (FoodID, Ingredient)
VALUES ('f101_0132', N'2 sliced onions');

INSERT INTO Food_Ingredient (FoodID, Ingredient)
VALUES ('f101_0132', N'5 chopped cloves garlic');

INSERT INTO Food_Ingredient (FoodID, Ingredient)
VALUES ('f101_0132', N'2 sliced carrot');

INSERT INTO Food_Ingredient (FoodID, Ingredient)
VALUES ('f101_0132', N'2 tablespoons plain flour');

INSERT INTO Food_Ingredient (FoodID, Ingredient)
VALUES ('f101_0132', N'4 teaspoons curry powder');

INSERT INTO Food_Ingredient (FoodID, Ingredient)
VALUES ('f101_0132', N'600ml chicken stock');

INSERT INTO Food_Ingredient (FoodID, Ingredient)
VALUES ('f101_0132', N'2 teaspoons honey');

INSERT INTO Food_Ingredient (FoodID, Ingredient)
VALUES ('f101_0132', N'4 teaspoons soy sauce');

INSERT INTO Food_Ingredient (FoodID, Ingredient)
VALUES ('f101_0132', N'1 bay leaf');

INSERT INTO Food_Ingredient (FoodID, Ingredient)
VALUES ('f101_0132', N'1 teaspoon garam masala');

INSERT INTO Food (FoodID, Title, Description, Calories, Instructions, ImageURL, SourceURL, Partition)
VALUES (
    'f101_0133',
    N'Nutty Chicken Curry',
    N'A creamy, mildly spicy curry with tender chicken in a velvety peanut butter sauce, accented by ginger, garlic, and fresh coriander, ideal with rice or sweet potato.',
    253,
    N'1. Finely slice a quarter of the chilli, then put the rest in a food processor with the ginger, garlic, coriander stalks and one-third of the leaves 2. Whizz to a rough paste with a splash of water if needed.
Heat the oil in a frying pan, then quickly brown the chicken chunks for 1 min 3. Stir in the paste for another min, then add the peanut butter, stock and yogurt 4. When the sauce is gently bubbling, cook for 10 mins until the chicken is just cooked through and sauce thickened 5. Stir in most of the remaining coriander, then scatter the rest on top with the chilli, if using 6. Eat with rice or mashed sweet potato. 7. Assuming 4 servings',
    'https://www.themealdb.com/images/media/meals/yxsurp1511304301.jpg',
    'https://www.themealdb.com/images/media/meals/yxsurp1511304301.jpg',
    'test'
);

INSERT INTO Food_Ingredient (FoodID, Ingredient)
VALUES ('f101_0133', N'1 large Red Chilli');

INSERT INTO Food_Ingredient (FoodID, Ingredient)
VALUES ('f101_0133', N'0.5 Ginger');

INSERT INTO Food_Ingredient (FoodID, Ingredient)
VALUES ('f101_0133', N'1 large Garlic');

INSERT INTO Food_Ingredient (FoodID, Ingredient)
VALUES ('f101_0133', N'Bunch Coriander');

INSERT INTO Food_Ingredient (FoodID, Ingredient)
VALUES ('f101_0133', N'1 tbsp Sunflower Oil');

INSERT INTO Food_Ingredient (FoodID, Ingredient)
VALUES ('f101_0133', N'4 Chicken Breasts');

INSERT INTO Food_Ingredient (FoodID, Ingredient)
VALUES ('f101_0133', N'5 tblsp Peanut Butter');

INSERT INTO Food_Ingredient (FoodID, Ingredient)
VALUES ('f101_0133', N'150ml Chicken Stock');

INSERT INTO Food_Ingredient (FoodID, Ingredient)
VALUES ('f101_0133', N'200g Greek Yogurt');

INSERT INTO Food (FoodID, Title, Description, Calories, Instructions, ImageURL, SourceURL, Partition)
VALUES (
    'f101_0134',
    N'General Tsos Chicken',
    N'A sweet-spicy Chinese-American classic with crispy fried chicken tossed in a tangy sauce of soy, honey, and gochujang, garnished with spring onions.',
    428,
    N'1. DIRECTIONS:
STEP 1 - SAUCE
In a bowl, add 2 Cups of water, 2 Tablespoon soy sauce, 2 Tablespoon white vinegar, sherry cooking wine, 1/4 Teaspoon white pepper, minced ginger, minced garlic, hot pepper, ketchup, hoisin sauce, and sugar.
Mix together well and set aside.
STEP 2 - MARINATING THE CHICKEN
In a bowl, add the chicken, 1 pinch of salt, 1 pinch of white pepper, 2 egg whites, and 3 Tablespoon of corn starch
STEP 3 - DEEP FRY THE CHICKEN
Deep fry the chicken at 350 degrees for 3-4 minutes or until it is golden brown and loosen up the chicken so that they don''t stick together.
Set the chicken aside.
STEP 4 - STIR FRY
Add the sauce to the wok and then the broccoli and wait until it is boiling.
To thicken the sauce, whisk together 2 Tablespoon of cornstarch and 4 Tablespoon of water in a bowl and slowly add to your stir-fry until it''s the right thickness.
Next add in the chicken and stir-fry for a minute and serve on a plate 2. Assuming 4 servings',
    'https://www.themealdb.com/images/media/meals/1529444113.jpg',
    'https://www.themealdb.com/images/media/meals/1529444113.jpg',
    'test'
);

INSERT INTO Food_Ingredient (FoodID, Ingredient)
VALUES ('f101_0134', N'1 1/2 Chicken Breast');

INSERT INTO Food_Ingredient (FoodID, Ingredient)
VALUES ('f101_0134', N'3/4 cup Plain Flour');

INSERT INTO Food_Ingredient (FoodID, Ingredient)
VALUES ('f101_0134', N'1 Egg');

INSERT INTO Food_Ingredient (FoodID, Ingredient)
VALUES ('f101_0134', N'2 tbs Starch');

INSERT INTO Food_Ingredient (FoodID, Ingredient)
VALUES ('f101_0134', N'1 tbs Baking Powder');

INSERT INTO Food_Ingredient (FoodID, Ingredient)
VALUES ('f101_0134', N'1 tsp Salt');

INSERT INTO Food_Ingredient (FoodID, Ingredient)
VALUES ('f101_0134', N'1/2 tsp Onion Salt');

INSERT INTO Food_Ingredient (FoodID, Ingredient)
VALUES ('f101_0134', N'1/4 tsp Garlic Powder');

INSERT INTO Food_Ingredient (FoodID, Ingredient)
VALUES ('f101_0134', N'3/4 cup Water');

INSERT INTO Food_Ingredient (FoodID, Ingredient)
VALUES ('f101_0134', N'1/2 cup Chicken Stock');

INSERT INTO Food_Ingredient (FoodID, Ingredient)
VALUES ('f101_0134', N'1/4 cup Duck Sauce');

INSERT INTO Food_Ingredient (FoodID, Ingredient)
VALUES ('f101_0134', N'3 tbs Soy Sauce');

INSERT INTO Food_Ingredient (FoodID, Ingredient)
VALUES ('f101_0134', N'2 tbs Honey');

INSERT INTO Food_Ingredient (FoodID, Ingredient)
VALUES ('f101_0134', N'1 tbs Rice Vinegar');

INSERT INTO Food_Ingredient (FoodID, Ingredient)
VALUES ('f101_0134', N'2 tbs Sesame Seed Oil');

INSERT INTO Food_Ingredient (FoodID, Ingredient)
VALUES ('f101_0134', N'1/2 tbs Gochujang');

INSERT INTO Food_Ingredient (FoodID, Ingredient)
VALUES ('f101_0134', N'2 tbs Starch');

INSERT INTO Food_Ingredient (FoodID, Ingredient)
VALUES ('f101_0134', N'1 clove Garlic');

INSERT INTO Food_Ingredient (FoodID, Ingredient)
VALUES ('f101_0134', N'2 chopped Spring Onions');

INSERT INTO Food_Ingredient (FoodID, Ingredient)
VALUES ('f101_0134', N'1 tsp Ginger');

INSERT INTO Food (FoodID, Title, Description, Calories, Instructions, ImageURL, SourceURL, Partition)
VALUES (
    'f101_0135',
    N'Kentucky Fried Chicken',
    N'Iconic American fried chicken coated in a secret blend of herbs and spices, delivering a crispy, golden exterior and juicy interior, perfect for a hearty meal.',
    344,
    N'1. Preheat fryer to 350°F 2. Thoroughly mix together all the spice mix ingredients.
Combine spice mix with flour, brown sugar and salt.
Dip chicken pieces in egg white to lightly coat them, then transfer to flour mixture 3. Turn a few times and make sure the flour mix is really stuck to the chicken 4. Repeat with all the chicken pieces.
Let chicken pieces rest for 5 minutes so crust has a chance to dry a bit.
Fry chicken in batches 5. Breasts and wings should take 12-14 minutes, and legs and thighs will need a few more minutes 6. Chicken pieces are done when a meat thermometer inserted into the thickest part reads 165°F.
Let chicken drain on a few paper towels when it comes out of the fryer 7. Serve hot. 8. Assuming 3 servings',
    'https://www.themealdb.com/images/media/meals/xqusqy1487348868.jpg',
    'https://www.themealdb.com/images/media/meals/xqusqy1487348868.jpg',
    'test'
);

INSERT INTO Food_Ingredient (FoodID, Ingredient)
VALUES ('f101_0135', N'1 whole Chicken');

INSERT INTO Food_Ingredient (FoodID, Ingredient)
VALUES ('f101_0135', N'2 quarts neutral frying Oil');

INSERT INTO Food_Ingredient (FoodID, Ingredient)
VALUES ('f101_0135', N'1 Egg White');

INSERT INTO Food_Ingredient (FoodID, Ingredient)
VALUES ('f101_0135', N'1 1/2 cups Flour');

INSERT INTO Food_Ingredient (FoodID, Ingredient)
VALUES ('f101_0135', N'1 tablespoon Brown Sugar');

INSERT INTO Food_Ingredient (FoodID, Ingredient)
VALUES ('f101_0135', N'1 tablespoon Salt');

INSERT INTO Food_Ingredient (FoodID, Ingredient)
VALUES ('f101_0135', N'1 tablespoon paprika');

INSERT INTO Food_Ingredient (FoodID, Ingredient)
VALUES ('f101_0135', N'2 teaspoons onion salt');

INSERT INTO Food_Ingredient (FoodID, Ingredient)
VALUES ('f101_0135', N'1 teaspoon chili powder');

INSERT INTO Food_Ingredient (FoodID, Ingredient)
VALUES ('f101_0135', N'1 teaspoon black pepper');

INSERT INTO Food_Ingredient (FoodID, Ingredient)
VALUES ('f101_0135', N'1/2 teaspoon celery salt');

INSERT INTO Food_Ingredient (FoodID, Ingredient)
VALUES ('f101_0135', N'1/2 teaspoon sage');

INSERT INTO Food_Ingredient (FoodID, Ingredient)
VALUES ('f101_0135', N'1/2 teaspoon garlic powder');

INSERT INTO Food_Ingredient (FoodID, Ingredient)
VALUES ('f101_0135', N'1/2 teaspoon allspice');

INSERT INTO Food_Ingredient (FoodID, Ingredient)
VALUES ('f101_0135', N'1/2 teaspoon oregano');

INSERT INTO Food_Ingredient (FoodID, Ingredient)
VALUES ('f101_0135', N'1/2 teaspoon basil');

INSERT INTO Food_Ingredient (FoodID, Ingredient)
VALUES ('f101_0135', N'1/2 teaspoon marjoram');

INSERT INTO Food (FoodID, Title, Description, Calories, Instructions, ImageURL, SourceURL, Partition)
VALUES (
    'f101_0136',
    N'Chicken Ham and Leek Pie',
    N'A comforting British pie with a creamy chicken, ham, and leek filling encased in flaky pastry, baked to golden perfection for a cozy dinner.',
    974,
    N'1. Heat the chicken stock in a lidded saucepan 2. Add the chicken breast and bring to a low simmer 3. Cover with a lid and cook for 10 minutes 4. Remove the chicken breasts from the water with tongs and place on a plate 5. Pour the cooking liquor into a large jug.
Melt 25g/1oz of the butter in a large heavy-based saucepan over a low heat 6. Stir in the leeks and fry gently for two minutes, stirring occasionally until just softened 7. Add the garlic and cook for a further minute 8. Add the remaining butter and stir in the flour as soon as the butter has melted 9. Cook for 30 seconds, stirring constantly.
Slowly pour the milk into the pan, just a little at a time, stirring well between each adding 10. Gradually add 250ml/10fl oz of the reserved stock and the wine, if using, stirring until the sauce is smooth and thickened slightly 11. Bring to a gentle simmer and cook for 3 minutes.
Season the mixture, to taste, with salt and freshly ground black pepper 12. Remove from the heat and stir in the cream 13. Pour into a large bowl and cover the surface of the sauce with cling ilm to prevent a skin forming 14. Set aside to cool.
Preheat the oven to 200C/400F/Gas 6 15. Put a baking tray in the oven to heat.
For the pastry, put the flour and butter in a food processor and blend on the pulse setting until the mixture resembles fine breadcrumbs 16. With the motor running, add the beaten egg and water and blend until the mixture forms a ball 17. Portion off 250g/10oz of pastry for the lid.
Roll the remaining pastry out on a lightly floured surface, turning the pastry frequently until around 5mm/¼in thick and 4cm/1½in larger than the pie dish 18. Lift the pastry over the rolling pin and place it gently into the pie dish 19. Press the pastry firmly up the sides, making sure there are no air bubbles 20. Leave the excess pastry overhanging the sides.
Cut the chicken breasts into 3cm/1¼in pieces 21. Stir the chicken, ham and leeks into the cooled sauce 22. Pour the chicken filling into the pie dish 23. Brush the rim of the dish with beaten egg 24. Roll out the reserved pastry for the lid.
Cover the pie with the pastry lid and press the edges together firmly to seal 25. Trim any excess pastry.
Make a small hole in the centre of the pie with the tip of a knife 26. Glaze the top of the pie with beaten egg 27. Bake on the preheated tray in the centre of the oven for 35-40 minutes or until the pie is golden-brown all over and the filling is piping hot. 28. Assuming 3 servings',
    'https://www.themealdb.com/images/media/meals/xrrtss1511555269.jpg',
    'https://www.themealdb.com/images/media/meals/xrrtss1511555269.jpg',
    'test'
);

INSERT INTO Food_Ingredient (FoodID, Ingredient)
VALUES ('f101_0136', N'450ml Chicken Stock');

INSERT INTO Food_Ingredient (FoodID, Ingredient)
VALUES ('f101_0136', N'3 Chicken Breast');

INSERT INTO Food_Ingredient (FoodID, Ingredient)
VALUES ('f101_0136', N'75g Butter');

INSERT INTO Food_Ingredient (FoodID, Ingredient)
VALUES ('f101_0136', N'2 sliced Leek');

INSERT INTO Food_Ingredient (FoodID, Ingredient)
VALUES ('f101_0136', N'2 cloves minced Garlic');

INSERT INTO Food_Ingredient (FoodID, Ingredient)
VALUES ('f101_0136', N'50g Plain Flour');

INSERT INTO Food_Ingredient (FoodID, Ingredient)
VALUES ('f101_0136', N'200ml Milk');

INSERT INTO Food_Ingredient (FoodID, Ingredient)
VALUES ('f101_0136', N'3 tbs White Wine');

INSERT INTO Food_Ingredient (FoodID, Ingredient)
VALUES ('f101_0136', N'150ml Double Cream');

INSERT INTO Food_Ingredient (FoodID, Ingredient)
VALUES ('f101_0136', N'150g Ham');

INSERT INTO Food_Ingredient (FoodID, Ingredient)
VALUES ('f101_0136', N'spinkling Sea Salt');

INSERT INTO Food_Ingredient (FoodID, Ingredient)
VALUES ('f101_0136', N'pinch Pepper');

INSERT INTO Food_Ingredient (FoodID, Ingredient)
VALUES ('f101_0136', N'350g Plain Flour');

INSERT INTO Food_Ingredient (FoodID, Ingredient)
VALUES ('f101_0136', N'200g Butter');

INSERT INTO Food_Ingredient (FoodID, Ingredient)
VALUES ('f101_0136', N'1 Free-range Egg, Beaten');

INSERT INTO Food_Ingredient (FoodID, Ingredient)
VALUES ('f101_0136', N'1 tbls Cold Water');

INSERT INTO Food_Ingredient (FoodID, Ingredient)
VALUES ('f101_0136', N'1 Free-range Egg, Beaten');

INSERT INTO Food (FoodID, Title, Description, Calories, Instructions, ImageURL, SourceURL, Partition)
VALUES (
    'f101_0137',
    N'Chicken Alfredo Primavera',
    N'An Italian-inspired dish with tender chicken and colorful vegetables in a creamy Parmesan sauce, tossed with bowtie pasta for a vibrant, satisfying meal.',
    536,
    N'1. Heat 1 tablespoon of butter and 2 tablespoons of olive oil in a large skillet over medium-high heat 2. Season both sides of each chicken breast with seasoned salt and a pinch of pepper 3. Add the chicken to the skillet and cook for 5-7 minutes on each side, or until cooked through 4. While the chicken is cooking, bring a large pot of water to a boil 5. Season the boiling water with a few generous pinches of kosher salt 6. Add the pasta and give it a stir 7. Cook, stirring occasionally, until al dente, about 12 minutes 8. Reserve 1/2 cup of  pasta water before draining the pasta 9. Remove the chicken from the pan and transfer it to a cutting board; allow it to rest 10. Turn the heat down to medium and dd the remaining 1 tablespoon of butter and olive oil to the same pan you used to cook the chicken 11. Add the veggies (minus the garlic) and red pepper flakes to the pan and stir to coat with the oil and butter (refrain from seasoning with salt until the veggies are finished browning) 12. Cook, stirring often, until the veggies are tender, about 5 minutes 13. Add the garlic and a generous pinch of salt and pepper to the pan and cook for 1 minute 14. Deglaze the pan with the white wine 15. Continue to cook until the wine has reduced by half, about 3 minutes 16. Stir in the milk, heavy cream, and reserved pasta water 17. Bring the mixture to a gentle boil and allow to simmer and reduce for 2-3 minutes 18. Turn off the heat and add the Parmesan cheese and cooked pasta 19. Season with salt and pepper to taste 20. Garnish with Parmesan cheese and chopped parsley, if desired 21. Assuming 5 servings',
    'https://www.themealdb.com/images/media/meals/syqypv1486981727.jpg',
    'https://www.themealdb.com/images/media/meals/syqypv1486981727.jpg',
    'test'
);

INSERT INTO Food_Ingredient (FoodID, Ingredient)
VALUES ('f101_0137', N'2 tablespoons Butter');

INSERT INTO Food_Ingredient (FoodID, Ingredient)
VALUES ('f101_0137', N'3 tablespoons Olive Oil');

INSERT INTO Food_Ingredient (FoodID, Ingredient)
VALUES ('f101_0137', N'5 boneless Chicken');

INSERT INTO Food_Ingredient (FoodID, Ingredient)
VALUES ('f101_0137', N'1 teaspoon Salt');

INSERT INTO Food_Ingredient (FoodID, Ingredient)
VALUES ('f101_0137', N'1 cut into 1/2-inch cubes Squash');

INSERT INTO Food_Ingredient (FoodID, Ingredient)
VALUES ('f101_0137', N'1 Head chopped Broccoli');

INSERT INTO Food_Ingredient (FoodID, Ingredient)
VALUES ('f101_0137', N'8-ounce sliced mushrooms');

INSERT INTO Food_Ingredient (FoodID, Ingredient)
VALUES ('f101_0137', N'1 red Pepper');

INSERT INTO Food_Ingredient (FoodID, Ingredient)
VALUES ('f101_0137', N'1 chopped onion');

INSERT INTO Food_Ingredient (FoodID, Ingredient)
VALUES ('f101_0137', N'3 cloves garlic');

INSERT INTO Food_Ingredient (FoodID, Ingredient)
VALUES ('f101_0137', N'1/2 teaspoon red pepper flakes');

INSERT INTO Food_Ingredient (FoodID, Ingredient)
VALUES ('f101_0137', N'1/2 cup white wine');

INSERT INTO Food_Ingredient (FoodID, Ingredient)
VALUES ('f101_0137', N'1/2 cup milk');

INSERT INTO Food_Ingredient (FoodID, Ingredient)
VALUES ('f101_0137', N'1/2 cup heavy cream');

INSERT INTO Food_Ingredient (FoodID, Ingredient)
VALUES ('f101_0137', N'1 cup grated Parmesan cheese');

INSERT INTO Food_Ingredient (FoodID, Ingredient)
VALUES ('f101_0137', N'16 ounces bowtie pasta');

INSERT INTO Food_Ingredient (FoodID, Ingredient)
VALUES ('f101_0137', N'pinch Salt');

INSERT INTO Food_Ingredient (FoodID, Ingredient)
VALUES ('f101_0137', N'pinch Pepper');

INSERT INTO Food_Ingredient (FoodID, Ingredient)
VALUES ('f101_0137', N'chopped Parsley');

INSERT INTO Food (FoodID, Title, Description, Calories, Instructions, ImageURL, SourceURL, Partition)
VALUES (
    'f101_0138',
    N'Chicken & mushroom Hotpot',
    N'A hearty British hotpot with tender chicken and mushrooms in a creamy sauce, topped with golden potato slices, baked for a comforting, rustic dish.',
    811,
    N'1. Heat oven to 200C/180C fan/gas 6 2. Put the butter in a medium-size saucepan and place over a medium heat 3. Add the onion and leave to cook for 5 mins, stirring occasionally 4. Add the mushrooms to the saucepan with the onions.

Once the onion and mushrooms are almost cooked, stir in the flour – this will make a thick paste called a roux 5. If you are using a stock cube, crumble the cube into the roux now and stir well 6. Put the roux over a low heat and stir continuously for 2 mins – this will cook the flour and stop the sauce from having a floury taste.

Take the roux off the heat 7. Slowly add the fresh stock, if using, or pour in 500ml water if you’ve used a stock cube, stirring all the time 8. Once all the liquid has been added, season with pepper, a pinch of nutmeg and mustard powder 9. Put the saucepan back onto a medium heat and slowly bring it to the boil, stirring all the time 10. Once the sauce has thickened, place on a very low heat 11. Add the cooked chicken and vegetables to the sauce and stir well 12. Grease a medium-size ovenproof pie dish with a little butter and pour in the chicken and mushroom filling.

Carefully lay the potatoes on top of the hot-pot filling, overlapping them slightly, almost like a pie top.

Brush the potatoes with a little melted butter and cook in the oven for about 35 mins 13. The hot-pot is ready once the potatoes are cooked and golden brown. 14. Assuming 3 servings',
    'https://www.themealdb.com/images/media/meals/uuuspp1511297945.jpg',
    'https://www.themealdb.com/images/media/meals/uuuspp1511297945.jpg',
    'test'
);

INSERT INTO Food_Ingredient (FoodID, Ingredient)
VALUES ('f101_0138', N'50g Butter');

INSERT INTO Food_Ingredient (FoodID, Ingredient)
VALUES ('f101_0138', N'1 chopped Onion');

INSERT INTO Food_Ingredient (FoodID, Ingredient)
VALUES ('f101_0138', N'100g Mushrooms');

INSERT INTO Food_Ingredient (FoodID, Ingredient)
VALUES ('f101_0138', N'40g Plain Flour');

INSERT INTO Food_Ingredient (FoodID, Ingredient)
VALUES ('f101_0138', N'1 Chicken Stock Cube');

INSERT INTO Food_Ingredient (FoodID, Ingredient)
VALUES ('f101_0138', N'pinch Nutmeg');

INSERT INTO Food_Ingredient (FoodID, Ingredient)
VALUES ('f101_0138', N'pinch Mustard Powder');

INSERT INTO Food_Ingredient (FoodID, Ingredient)
VALUES ('f101_0138', N'250g Chicken');

INSERT INTO Food_Ingredient (FoodID, Ingredient)
VALUES ('f101_0138', N'2 Handfuls Sweetcorn');

INSERT INTO Food_Ingredient (FoodID, Ingredient)
VALUES ('f101_0138', N'2 large Potatoes');

INSERT INTO Food_Ingredient (FoodID, Ingredient)
VALUES ('f101_0138', N'1 knob Butter');

INSERT INTO Food (FoodID, Title, Description, Calories, Instructions, ImageURL, SourceURL, Partition)
VALUES (
    'f101_0139',
    N'Teriyaki Chicken Casserole',
    N'A savory Japanese-inspired casserole with shredded chicken, stir-fry vegetables, and brown rice in a sweet-soy teriyaki sauce, baked for an easy, flavorful meal.',
    340,
    N'1. Preheat oven to 350° F 2. Spray a 9x13-inch baking pan with non-stick spray.
Combine soy sauce, ½ cup water, brown sugar, ginger and garlic in a small saucepan and cover 3. Bring to a boil over medium heat 4. Remove lid and cook for one minute once boiling.
Meanwhile, stir together the corn starch and 2 tablespoons of water in a separate dish until smooth 5. Once sauce is boiling, add mixture to the saucepan and stir to combine 6. Cook until the sauce starts to thicken then remove from heat.
Place the chicken breasts in the prepared pan 7. Pour one cup of the sauce over top of chicken 8. Place chicken in oven and bake 35 minutes or until cooked through 9. Remove from oven and shred chicken in the dish using two forks.
*Meanwhile, steam or cook the vegetables according to package directions.
Add the cooked vegetables and rice to the casserole dish with the chicken 10. Add most of the remaining sauce, reserving a bit to drizzle over the top when serving 11. Gently toss everything together in the casserole dish until combined 12. Return to oven and cook 15 minutes 13. Remove from oven and let stand 5 minutes before serving 14. Drizzle each serving with remaining sauce 15. Assuming 3 servings 16. Enjoy!',
    'https://www.themealdb.com/images/media/meals/wvpsxx1468256321.jpg',
    'https://www.themealdb.com/images/media/meals/wvpsxx1468256321.jpg',
    'test'
);

INSERT INTO Food_Ingredient (FoodID, Ingredient)
VALUES ('f101_0139', N'3/4 cup soy sauce');

INSERT INTO Food_Ingredient (FoodID, Ingredient)
VALUES ('f101_0139', N'1/2 cup water');

INSERT INTO Food_Ingredient (FoodID, Ingredient)
VALUES ('f101_0139', N'1/4 cup brown sugar');

INSERT INTO Food_Ingredient (FoodID, Ingredient)
VALUES ('f101_0139', N'1/2 teaspoon ground ginger');

INSERT INTO Food_Ingredient (FoodID, Ingredient)
VALUES ('f101_0139', N'1/2 teaspoon minced garlic');

INSERT INTO Food_Ingredient (FoodID, Ingredient)
VALUES ('f101_0139', N'4 Tablespoons cornstarch');

INSERT INTO Food_Ingredient (FoodID, Ingredient)
VALUES ('f101_0139', N'2 chicken breasts');

INSERT INTO Food_Ingredient (FoodID, Ingredient)
VALUES ('f101_0139', N'1 (12 oz.) stir-fry vegetables');

INSERT INTO Food_Ingredient (FoodID, Ingredient)
VALUES ('f101_0139', N'3 cups brown rice');

INSERT INTO Food (FoodID, Title, Description, Calories, Instructions, ImageURL, SourceURL, Partition)
VALUES (
    'f101_0140',
    N'Potato Gratin with Chicken',
    N'A French-style gratin with creamy potatoes, tender chicken, and bacon greens, topped with Parmesan and grilled to golden, offering a rich, indulgent flavor.',
    308,
    N'1. 15 minute potato gratin with chicken and bacon greens: a gratin always seems more effort and more indulgent than ordinary boiled or roasts, but it doesn''t have to take 45mins, it''s nice for a change and you can control the calorie content by going with full fat to low fat creme fraiche 2. (It''s always tastes better full fat though obviously!) to serve 4: use 800g of potatoes, finely slice and boil in a pan for about 5-8 mins till firmish, not soft 3. Finely slice 3 onions and place in an oven dish with 2 tblsp of olive oil and 100ml of chicken stock 4. Cook till the onions are soft then drain the potatoes and pour onto the onions 5. Season and spoon over cream or creme fraiche till all is covered but not swimming 6. Grate Parmesan over the top then finish under the grill till nicely golden 7. serve with chicken and bacon, peas and spinach. 8. Assuming 4 servings',
    'https://www.themealdb.com/images/media/meals/qwrtut1468418027.jpg',
    'https://www.themealdb.com/images/media/meals/qwrtut1468418027.jpg',
    'test'
);

INSERT INTO Food_Ingredient (FoodID, Ingredient)
VALUES ('f101_0140', N'800g Potatoes');

INSERT INTO Food_Ingredient (FoodID, Ingredient)
VALUES ('f101_0140', N'3 Onions');

INSERT INTO Food_Ingredient (FoodID, Ingredient)
VALUES ('f101_0140', N'2 tblsp Olive Oil');

INSERT INTO Food_Ingredient (FoodID, Ingredient)
VALUES ('f101_0140', N'100ml Chicken Stock');

INSERT INTO Food_Ingredient (FoodID, Ingredient)
VALUES ('f101_0140', N'1 pot Creme Fraiche');

INSERT INTO Food_Ingredient (FoodID, Ingredient)
VALUES ('f101_0140', N'Topping Parmesan');

INSERT INTO Food_Ingredient (FoodID, Ingredient)
VALUES ('f101_0140', N'4 Chicken Breasts');

INSERT INTO Food_Ingredient (FoodID, Ingredient)
VALUES ('f101_0140', N'4 Bacon');

INSERT INTO Food_Ingredient (FoodID, Ingredient)
VALUES ('f101_0140', N'Topping Spinach');

INSERT INTO Food_Ingredient (FoodID, Ingredient)
VALUES ('f101_0140', N'Topping Peas');

INSERT INTO Food (FoodID, Title, Description, Calories, Instructions, ImageURL, SourceURL, Partition)
VALUES (
    'f101_0141',
    N'Piri-piri chicken and slaw',
    N'A fiery Portuguese-inspired dish with marinated, roasted chicken bursting with chili and spices, served with a refreshing, crunchy vegetable slaw.',
    343,
    N'1. STEP 1

Whizz together all of the marinade ingredients in a small food processor 2. Rub the marinade onto the chicken and leave for 1 hour at room temperature.

STEP 2

Heat the oven to 190C/fan 170C/gas 5 3. Put the chicken in a roasting tray and cook for 1 hour 20 minutes 4. Rest under loose foil for 20 minutes 5. While the chicken is resting, mix together the slaw ingredients and season 6. Serve the chicken with slaw, fries and condiments. 7. Assuming 4 servings',
    'https://www.themealdb.com/images/media/meals/hglsbl1614346998.jpg',
    'https://www.themealdb.com/images/media/meals/hglsbl1614346998.jpg',
    'test'
);

INSERT INTO Food_Ingredient (FoodID, Ingredient)
VALUES ('f101_0141', N'1.5kg Chicken');

INSERT INTO Food_Ingredient (FoodID, Ingredient)
VALUES ('f101_0141', N'3 chopped Red Chilli');

INSERT INTO Food_Ingredient (FoodID, Ingredient)
VALUES ('f101_0141', N'2 cloves Garlic');

INSERT INTO Food_Ingredient (FoodID, Ingredient)
VALUES ('f101_0141', N'1 tsp Ginger');

INSERT INTO Food_Ingredient (FoodID, Ingredient)
VALUES ('f101_0141', N'1 tsp Dried Oregano');

INSERT INTO Food_Ingredient (FoodID, Ingredient)
VALUES ('f101_0141', N'1 tsp Coriander');

INSERT INTO Food_Ingredient (FoodID, Ingredient)
VALUES ('f101_0141', N'1 tsp Paprika');

INSERT INTO Food_Ingredient (FoodID, Ingredient)
VALUES ('f101_0141', N'2 tbs Red Wine Vinegar');

INSERT INTO Food_Ingredient (FoodID, Ingredient)
VALUES ('f101_0141', N'2 tbs Oil');

INSERT INTO Food_Ingredient (FoodID, Ingredient)
VALUES ('f101_0141', N'1 sliced Red Onions');

INSERT INTO Food_Ingredient (FoodID, Ingredient)
VALUES ('f101_0141', N'2 Carrots');

INSERT INTO Food_Ingredient (FoodID, Ingredient)
VALUES ('f101_0141', N'1 Beetroot');

INSERT INTO Food_Ingredient (FoodID, Ingredient)
VALUES ('f101_0141', N'4 leaves Cabbage');

INSERT INTO Food_Ingredient (FoodID, Ingredient)
VALUES ('f101_0141', N'2 tbs Mayonnaise');

INSERT INTO Food_Ingredient (FoodID, Ingredient)
VALUES ('f101_0141', N'2 tbs Greek Yogurt');

INSERT INTO Food_Ingredient (FoodID, Ingredient)
VALUES ('f101_0141', N'2 tbs Red Wine Vinegar');

INSERT INTO Food_Ingredient (FoodID, Ingredient)
VALUES ('f101_0141', N'1 tsp Cumin Seeds');

INSERT INTO Food (FoodID, Title, Description, Calories, Instructions, ImageURL, SourceURL, Partition)
VALUES (
    'f101_0142',
    N'Chicken Quinoa Greek Salad',
    N'A light, Mediterranean-inspired salad with grilled chicken, quinoa, feta, olives, and red onions, dressed with lemon and chili butter for a fresh, zesty bite.',
    606,
    N'1. Cook the quinoa following the pack instructions, then rinse in cold water and drain thoroughly.

Meanwhile, mix the butter, chilli and garlic into a paste 2. Toss the chicken fillets in 2 tsp of the olive oil with some seasoning 3. Lay in a hot griddle pan and cook for 3-4 mins each side or until cooked through 4. Transfer to a plate, dot with the spicy butter and set aside to melt.

Next, tip the tomatoes, olives, onion, feta and mint into a bowl 5. Toss in the cooked quinoa 6. Stir through the remaining olive oil, lemon juice and zest, and season well 7. Serve with the chicken fillets on top, drizzled with any buttery chicken juices. 8. Assuming 3 servings',
    'https://www.themealdb.com/images/media/meals/k29viq1585565980.jpg',
    'https://www.themealdb.com/images/media/meals/k29viq1585565980.jpg',
    'test'
);

INSERT INTO Food_Ingredient (FoodID, Ingredient)
VALUES ('f101_0142', N'225g Quinoa');

INSERT INTO Food_Ingredient (FoodID, Ingredient)
VALUES ('f101_0142', N'25g Butter');

INSERT INTO Food_Ingredient (FoodID, Ingredient)
VALUES ('f101_0142', N'1 chopped Red Chilli');

INSERT INTO Food_Ingredient (FoodID, Ingredient)
VALUES ('f101_0142', N'1 clove finely chopped Garlic');

INSERT INTO Food_Ingredient (FoodID, Ingredient)
VALUES ('f101_0142', N'400g Chicken Breast');

INSERT INTO Food_Ingredient (FoodID, Ingredient)
VALUES ('f101_0142', N'2 tbs Olive Oil');

INSERT INTO Food_Ingredient (FoodID, Ingredient)
VALUES ('f101_0142', N'Handful Black Olives');

INSERT INTO Food_Ingredient (FoodID, Ingredient)
VALUES ('f101_0142', N'1 chopped Red Onions');

INSERT INTO Food_Ingredient (FoodID, Ingredient)
VALUES ('f101_0142', N'100g Feta');

INSERT INTO Food_Ingredient (FoodID, Ingredient)
VALUES ('f101_0142', N'Chopped Mint');

INSERT INTO Food_Ingredient (FoodID, Ingredient)
VALUES ('f101_0142', N'Juice of 1/2 Lemon');

INSERT INTO Food (FoodID, Title, Description, Calories, Instructions, ImageURL, SourceURL, Partition)
VALUES (
    'f101_0143',
    N'Chicken Enchilada Casserole',
    N'A Mexican layered casserole with shredded chicken, corn tortillas, and Monterey Jack cheese baked in a spicy enchilada sauce for a bold, cheesy dish.',
    402,
    N'1. Cut each chicken breast in about 3 pieces, so that it cooks faster and put it in a small pot 2. Pour Enchilada sauce over it and cook covered on low to medium heat until chicken is cooked through, about 20 minutes 3. No water is needed, the chicken will cook in the Enchilada sauce 4. Make sure you stir occasionally so that it doesn''t stick to the bottom.
Remove chicken from the pot and shred with two forks.
Preheat oven to 375 F degrees.
Start layering the casserole 5. Start with about ¼ cup of the leftover Enchilada sauce over the bottom of a baking dish 6. I used a longer baking dish, so that I can put 2 corn tortillas across 7. Place 2 tortillas on the bottom, top with ⅓ of the chicken and ⅓ of the remaining sauce 8. Sprinkle with ⅓ of the cheese and repeat starting with 2 more tortillas, then chicken, sauce, cheese 9. Repeat with last layer with the remaining ingredients, tortillas, chicken, sauce and cheese.
Bake for 20 to 30 minutes uncovered, until bubbly and cheese has melted and started to brown on top.
Serve warm. 10. Assuming 4 servings',
    'https://www.themealdb.com/images/media/meals/qtuwxu1468233098.jpg',
    'https://www.themealdb.com/images/media/meals/qtuwxu1468233098.jpg',
    'test'
);

INSERT INTO Food_Ingredient (FoodID, Ingredient)
VALUES ('f101_0143', N'14 oz jar Enchilada sauce');

INSERT INTO Food_Ingredient (FoodID, Ingredient)
VALUES ('f101_0143', N'3 Cups shredded Monterey Jack cheese');

INSERT INTO Food_Ingredient (FoodID, Ingredient)
VALUES ('f101_0143', N'6 corn tortillas');

INSERT INTO Food_Ingredient (FoodID, Ingredient)
VALUES ('f101_0143', N'2 chicken breasts');

INSERT INTO Food (FoodID, Title, Description, Calories, Instructions, ImageURL, SourceURL, Partition)
VALUES (
    'f101_0144',
    N'Rosol (Polish Chicken Soup)',
    N'A traditional Polish chicken soup with a clear, hearty broth, tender chicken, carrots, and noodles, infused with aromatic spices and fresh herbs.',
    284,
    N'1. Add chicken to a large Dutch oven or stock pot 
Cover with water
Bring to a boil and simmer for 2 to 2 1/2 hours, skimming any impurities off the top to insure a clear broth
If your pot is big enough, add the vegetables and spices for the last hour of the cooking time
My Dutch oven wasn’t big enough to hold everything, just the chicken and other bones filled the pot, so I cooked the meat/bones for the full cooking time, then removed them, and cooked the vegetables and spices separately
Strain everything out of the broth
Bone the chicken, pulling the meat into large chunks
Slice the carrots
Return the chicken and carrots to the broth
Cook noodles according to package instructions if you’re using them
Add noodles to bowl and then top with hot soup 2. Assuming 5 servings',
    'https://www.themealdb.com/images/media/meals/lx1kkj1593349302.jpg',
    'https://www.themealdb.com/images/media/meals/lx1kkj1593349302.jpg',
    'test'
);

INSERT INTO Food_Ingredient (FoodID, Ingredient)
VALUES ('f101_0144', N'4 Chopped Chicken Legs');

INSERT INTO Food_Ingredient (FoodID, Ingredient)
VALUES ('f101_0144', N'2 large Onions');

INSERT INTO Food_Ingredient (FoodID, Ingredient)
VALUES ('f101_0144', N'5 chopped Carrots');

INSERT INTO Food_Ingredient (FoodID, Ingredient)
VALUES ('f101_0144', N'1 chopped Leek');

INSERT INTO Food_Ingredient (FoodID, Ingredient)
VALUES ('f101_0144', N'1 small Celery');

INSERT INTO Food_Ingredient (FoodID, Ingredient)
VALUES ('f101_0144', N'1/4 Cabbage');

INSERT INTO Food_Ingredient (FoodID, Ingredient)
VALUES ('f101_0144', N'1 whole Cloves');

INSERT INTO Food_Ingredient (FoodID, Ingredient)
VALUES ('f101_0144', N'1tsp Allspice');

INSERT INTO Food_Ingredient (FoodID, Ingredient)
VALUES ('f101_0144', N'2 Bay Leaf');

INSERT INTO Food_Ingredient (FoodID, Ingredient)
VALUES ('f101_0144', N'4 sprigs Parsley');

INSERT INTO Food_Ingredient (FoodID, Ingredient)
VALUES ('f101_0144', N'4 sprigs Dill');

INSERT INTO Food_Ingredient (FoodID, Ingredient)
VALUES ('f101_0144', N'1 tsp Pepper');

INSERT INTO Food_Ingredient (FoodID, Ingredient)
VALUES ('f101_0144', N'1 tbs Salt');

INSERT INTO Food (FoodID, Title, Description, Calories, Instructions, ImageURL, SourceURL, Partition)
VALUES (
    'f101_0145',
    N'Chicken Fajita Mac and Cheese',
    N'A fusion of Tex-Mex and comfort food, combining creamy macaroni and cheese with spicy fajita-seasoned chicken, peppers, and onions, topped with cheddar.',
    430,
    N'1. Fry your onion, peppers and garlic in olive oil until nicely translucent 2. Make a well in your veg and add your chicken 3. Add your seasoning and salt 4. Allow to colour slightly.
Add your cream, stock and macaroni.
Cook on low for 20 minutes 5. Add your cheeses, stir to combine.
Top with roasted peppers and parsley. 6. Assuming 4 servings',
    'https://www.themealdb.com/images/media/meals/qrqywr1503066605.jpg',
    'https://www.themealdb.com/images/media/meals/qrqywr1503066605.jpg',
    'test'
);

INSERT INTO Food_Ingredient (FoodID, Ingredient)
VALUES ('f101_0145', N'500g macaroni');

INSERT INTO Food_Ingredient (FoodID, Ingredient)
VALUES ('f101_0145', N'2 cups chicken stock');

INSERT INTO Food_Ingredient (FoodID, Ingredient)
VALUES ('f101_0145', N'1/2 cup heavy cream');

INSERT INTO Food_Ingredient (FoodID, Ingredient)
VALUES ('f101_0145', N'1 packet fajita seasoning');

INSERT INTO Food_Ingredient (FoodID, Ingredient)
VALUES ('f101_0145', N'1 tsp salt');

INSERT INTO Food_Ingredient (FoodID, Ingredient)
VALUES ('f101_0145', N'3 diced chicken breast');

INSERT INTO Food_Ingredient (FoodID, Ingredient)
VALUES ('f101_0145', N'2 tbsp olive oil');

INSERT INTO Food_Ingredient (FoodID, Ingredient)
VALUES ('f101_0145', N'1 small finely diced onion');

INSERT INTO Food_Ingredient (FoodID, Ingredient)
VALUES ('f101_0145', N'2 finely diced red pepper');

INSERT INTO Food_Ingredient (FoodID, Ingredient)
VALUES ('f101_0145', N'2 cloves minced garlic');

INSERT INTO Food_Ingredient (FoodID, Ingredient)
VALUES ('f101_0145', N'1 cup cheddar cheese');

INSERT INTO Food_Ingredient (FoodID, Ingredient)
VALUES ('f101_0145', N'garnish chopped parsley');

INSERT INTO Food (FoodID, Title, Description, Calories, Instructions, ImageURL, SourceURL, Partition)
VALUES (
    'f101_0146',
    N'Crock Pot Chicken Baked Tacos',
    N'Slow-cooked chicken tacos baked with refried beans and Mexican cheese, garnished with fresh tomatoes, jalapeños, and creamy guacamole and sour cream drizzles.',
    310,
    N'1. Put the uncooked chicken breasts in the crock pot 2. Pour the full bottle of salad dressing over the chicken 3. Sprinkle the rest of the ingredients over the top and mix them in a bit with a spoon.
Cover your crock pot with the lid and cook on high for 4 hours.
Remove all the chicken breasts from the crock pot and let cool.
Shred the chicken breasts and move to a glass bowl.
Pour most of the liquid over the shredded chicken.
FOR THE TACOS:
Make the guacamole sauce by mixing the avocado and green salsa together 4. Pour the guacamole mixture through a strainer until smooth and transfer to a squeeze bottle 5. Cut the tip off the lid of the squeeze bottle to make the opening more wide if needed.
Make the sour cream sauce by mixing the sour cream and milk together until you get a more liquid sour cream sauce 6. Transfer to a squeeze bottle.
In a 9x 13 glass baking dish, fill all 12+ tacos with a layer of refried beans, cooked chicken and shredded cheese.
Bake at 450 for 10-15 minutes just until the cheese is melted and bubbling.
Out of the oven top all the tacos with the sliced grape tomaotes, jalapeno and cilantro.
Finish with a drizzle of guacamole and sour cream. 7. Assuming 6 servings 8. 
Enjoy!',
    'https://www.themealdb.com/images/media/meals/ypxvwv1505333929.jpg',
    'https://www.themealdb.com/images/media/meals/ypxvwv1505333929.jpg',
    'test'
);

INSERT INTO Food_Ingredient (FoodID, Ingredient)
VALUES ('f101_0146', N'4 - 6 Chicken Breasts');

INSERT INTO Food_Ingredient (FoodID, Ingredient)
VALUES ('f101_0146', N'1 bottle Vinaigrette Dressing');

INSERT INTO Food_Ingredient (FoodID, Ingredient)
VALUES ('f101_0146', N'1½ tablespoon Cumin');

INSERT INTO Food_Ingredient (FoodID, Ingredient)
VALUES ('f101_0146', N'1 tablespoon Smoked Paprika');

INSERT INTO Food_Ingredient (FoodID, Ingredient)
VALUES ('f101_0146', N'1 teaspoon Garlic');

INSERT INTO Food_Ingredient (FoodID, Ingredient)
VALUES ('f101_0146', N'1 can Refried Beans');

INSERT INTO Food_Ingredient (FoodID, Ingredient)
VALUES ('f101_0146', N'12 Hard Taco Shells');

INSERT INTO Food_Ingredient (FoodID, Ingredient)
VALUES ('f101_0146', N'2 cups Shredded Mexican Cheese');

INSERT INTO Food_Ingredient (FoodID, Ingredient)
VALUES ('f101_0146', N'Halved Grape Tomatoes');

INSERT INTO Food_Ingredient (FoodID, Ingredient)
VALUES ('f101_0146', N'Sliced and Seeded Jalapeno');

INSERT INTO Food_Ingredient (FoodID, Ingredient)
VALUES ('f101_0146', N'Peeled and Sliced Avocado');

INSERT INTO Food_Ingredient (FoodID, Ingredient)
VALUES ('f101_0146', N'2 tablespoons Green Salsa');

INSERT INTO Food_Ingredient (FoodID, Ingredient)
VALUES ('f101_0146', N'3 tablespoons Sour Cream');

INSERT INTO Food_Ingredient (FoodID, Ingredient)
VALUES ('f101_0146', N'1 tablespoon Milk');

INSERT INTO Food (FoodID, Title, Description, Calories, Instructions, ImageURL, SourceURL, Partition)
VALUES (
    'f101_0147',
    N'Salmon Avocado Salad',
    N'A fresh, vibrant salad with crispy seared salmon, creamy avocado, cucumber, and spinach, dressed with a zesty lime-honey-mint vinaigrette.',
    510,
    N'1. Season the salmon, then rub with oil 2. Mix the dressing ingredients together 3. Halve, stone, peel and slice the avocados 4. Halve and quarter the cucumber lengthways, then cut into slices 5. Divide salad, avocado and cucumber between four plates, then drizzle with half the dressing.

Heat a non-stick pan 6. Add the salmon and fry for 3-4 mins on each side until crisp but still moist inside 7. Put a salmon fillet on top of each salad and drizzle over the remaining dressing 8. Serve warm. 9. Assuming 4 servings',
    'https://www.themealdb.com/images/media/meals/1549542994.jpg',
    'https://www.themealdb.com/images/media/meals/1549542994.jpg',
    'test'
);

INSERT INTO Food_Ingredient (FoodID, Ingredient)
VALUES ('f101_0147', N'400g Salmon');

INSERT INTO Food_Ingredient (FoodID, Ingredient)
VALUES ('f101_0147', N'3 Avocado');

INSERT INTO Food_Ingredient (FoodID, Ingredient)
VALUES ('f101_0147', N'1 Cucumber');

INSERT INTO Food_Ingredient (FoodID, Ingredient)
VALUES ('f101_0147', N'400g Spinach');

INSERT INTO Food_Ingredient (FoodID, Ingredient)
VALUES ('f101_0147', N'4 tbs Mint');

INSERT INTO Food_Ingredient (FoodID, Ingredient)
VALUES ('f101_0147', N'zest and juice of 1 Lime');

INSERT INTO Food_Ingredient (FoodID, Ingredient)
VALUES ('f101_0147', N'2 tsp Honey');

INSERT INTO Food_Ingredient (FoodID, Ingredient)
VALUES ('f101_0147', N'3 tbs Olive Oil');

INSERT INTO Food (FoodID, Title, Description, Calories, Instructions, ImageURL, SourceURL, Partition)
VALUES (
    'f101_0148',
    N'Mediterranean Pasta Salad',
    N'A light, colorful pasta salad with farfalle, mozzarella, tuna, tomatoes, olives, and basil, tossed in olive oil for a refreshing Mediterranean flavor.',
    413,
    N'1. Bring a large saucepan of salted water to the boil
Add the pasta, stir once and cook for about 10 minutes or as directed on the packet.
Meanwhile, wash the tomatoes and cut into quarters 2. Slice the olives 3. Wash the basil.
Put the tomatoes into a salad bowl and tear the basil leaves over them 4. Add a tablespoon of olive oil and mix.
When the pasta is ready, drain into a colander and run cold water over it to cool it quickly.
Toss the pasta into the salad bowl with the tomatoes and basil.
Add the sliced olives, drained mozzarella balls, and chunks of tuna 5. Mix well and let the salad rest for at least half an hour to allow the flavours to mingle.
Sprinkle the pasta with a generous grind of black pepper and drizzle with the remaining olive oil just before serving. 6. Assuming 4 servings',
    'https://www.themealdb.com/images/media/meals/wvqpwt1468339226.jpg',
    'https://www.themealdb.com/images/media/meals/wvqpwt1468339226.jpg',
    'test'
);

INSERT INTO Food_Ingredient (FoodID, Ingredient)
VALUES ('f101_0148', N'200 g mozzarella balls');

INSERT INTO Food_Ingredient (FoodID, Ingredient)
VALUES ('f101_0148', N'250 g baby plum tomatoes');

INSERT INTO Food_Ingredient (FoodID, Ingredient)
VALUES ('f101_0148', N'1  bunch fresh basil');

INSERT INTO Food_Ingredient (FoodID, Ingredient)
VALUES ('f101_0148', N'350 g farfalle');

INSERT INTO Food_Ingredient (FoodID, Ingredient)
VALUES ('f101_0148', N'3  tablespoons extra virgin olive oil');

INSERT INTO Food_Ingredient (FoodID, Ingredient)
VALUES ('f101_0148', N'40 g Green Olives');

INSERT INTO Food_Ingredient (FoodID, Ingredient)
VALUES ('f101_0148', N'200 g tuna');

INSERT INTO Food_Ingredient (FoodID, Ingredient)
VALUES ('f101_0148', N'to taste salt');

INSERT INTO Food_Ingredient (FoodID, Ingredient)
VALUES ('f101_0148', N'to taste pepper');

INSERT INTO Food (FoodID, Title, Description, Calories, Instructions, ImageURL, SourceURL, Partition)
VALUES (
    'f101_0150',
    N'Potato Salad (Olivier Salad)',
    N'A classic Russian salad with diced potatoes, carrots, eggs, sausages, and peas, bound in creamy mayonnaise, perfect for festive gatherings.',
    358,
    N'1. Cut the potatoes and carrots into small uniform cubes.
Place them in a large pot and fill with water.
Add salt and vinegar 2. Bring it to a boil over medium high heat, and then reduce the heat to medium and continue to cook until the potatoes are cooked through, about 15 minutes 3. Drain the potatoes and let it cool to room temperature.
Meanwhile, cut the sausage and pickles into small cubes, and chop the green onions.
Cut the hard-boiled eggs into small cubes as well.
If using fresh dill, chop them as well.
In a large bowl, combine potatoes, carrots, sausage, pickles, peas and green onions.
Add mayo and dill and mix until well combined.
Salt and pepper to taste 4. Cover with a plastic wrap and refrigerate for at least 1 hour before serving. 5. Assuming 5 servings',
    'https://www.themealdb.com/images/media/meals/ebvuir1699013665.jpg',
    'https://www.themealdb.com/images/media/meals/ebvuir1699013665.jpg',
    'test'
);

INSERT INTO Food_Ingredient (FoodID, Ingredient)
VALUES ('f101_0150', N'4 Potatoes');

INSERT INTO Food_Ingredient (FoodID, Ingredient)
VALUES ('f101_0150', N'3 Carrots');

INSERT INTO Food_Ingredient (FoodID, Ingredient)
VALUES ('f101_0150', N'1 tbs Salt');

INSERT INTO Food_Ingredient (FoodID, Ingredient)
VALUES ('f101_0150', N'1/2 tbs White Wine Vinegar');

INSERT INTO Food_Ingredient (FoodID, Ingredient)
VALUES ('f101_0150', N'4 Eggs');

INSERT INTO Food_Ingredient (FoodID, Ingredient)
VALUES ('f101_0150', N'7 oz Sausages');

INSERT INTO Food_Ingredient (FoodID, Ingredient)
VALUES ('f101_0150', N'4 oz Dill');

INSERT INTO Food_Ingredient (FoodID, Ingredient)
VALUES ('f101_0150', N'1 can Peas');

INSERT INTO Food_Ingredient (FoodID, Ingredient)
VALUES ('f101_0150', N'4 Onions');

INSERT INTO Food_Ingredient (FoodID, Ingredient)
VALUES ('f101_0150', N'1 cup Mayonnaise');

INSERT INTO Food (FoodID, Title, Description, Calories, Instructions, ImageURL, SourceURL, Partition)
VALUES (
    'f101_0151',
    N'Spicy North African Potato Salad',
    N'A zesty potato salad with harissa-spiced potatoes, rocket, feta, and pine nuts, dressed in lemon and olive oil for a North African twist.',
    366,
    N'1. Cook potatoes - place potatoes in a pot of cold water, and bring to the boil 2. Boil 20 minutes, or until potatoes are tender 3. You know they are cooked when you can stick a knife in them and the knife goes straight through.
Combine harissa spice, olive oil, salt and pepper and lemon juice in a small bowl and whisk until combined.
Once potatoes are cooked, drain water and roughly chop potatoes in half.
Add harissa mix and spring onions/green onions to potatoes and stir.
In a large salad bowl, lay out arugula/rocket.
Top with potato mix and toss.
Add fetta, mint and sprinkle over pine nuts.
Adjust salt and pepper to taste. 4. Assuming 3 servings',
    'https://www.themealdb.com/images/media/meals/urtwux1486983078.jpg',
    'https://www.themealdb.com/images/media/meals/urtwux1486983078.jpg',
    'test'
);

INSERT INTO Food_Ingredient (FoodID, Ingredient)
VALUES ('f101_0151', N'650g/1lb 8 oz Small Potatoes');

INSERT INTO Food_Ingredient (FoodID, Ingredient)
VALUES ('f101_0151', N'1 tsp Harissa Spice');

INSERT INTO Food_Ingredient (FoodID, Ingredient)
VALUES ('f101_0151', N'2 tsp olive oil');

INSERT INTO Food_Ingredient (FoodID, Ingredient)
VALUES ('f101_0151', N'juice of half Lemon');

INSERT INTO Food_Ingredient (FoodID, Ingredient)
VALUES ('f101_0151', N'4 Spring onions');

INSERT INTO Food_Ingredient (FoodID, Ingredient)
VALUES ('f101_0151', N'150g/6oz Rocket');

INSERT INTO Food_Ingredient (FoodID, Ingredient)
VALUES ('f101_0151', N'80g/3oz Feta');

INSERT INTO Food_Ingredient (FoodID, Ingredient)
VALUES ('f101_0151', N'20 chopped Mint');

INSERT INTO Food_Ingredient (FoodID, Ingredient)
VALUES ('f101_0151', N'2 tablespoons Pine nuts');

INSERT INTO Food_Ingredient (FoodID, Ingredient)
VALUES ('f101_0151', N'Pinch Salt');

INSERT INTO Food_Ingredient (FoodID, Ingredient)
VALUES ('f101_0151', N'Pinch Pepper');

INSERT INTO Food (FoodID, Title, Description, Calories, Instructions, ImageURL, SourceURL, Partition)
VALUES (
    'f101_0152',
    N'Japanese gohan rice',
    N'Fluffy Japanese sushi rice cooked with mirin for subtle sweetness, served with optional pickles and spring onions for a simple, authentic side.',
    150,
    N'1. STEP 1
Rinsing and soaking your rice is key to achieving the perfect texture 2. Measure the rice into a bowl, cover with cold water, then use your fingers to massage the grains of rice – the water will become cloudy 3. Drain and rinse again with fresh water 4. Repeat five more times until the water stays clear.

STEP 2
Tip the rinsed rice into a saucepan with 400ml water, or 200ml dashi and 200ml water, bring to the boil, then turn down the heat to a low simmer, cover with a tight-fitting lid with a steam hole and cook for 15 mins 5. Remove from the heat and leave to sit for another 15 mins, then stir through the mirin 6. Remove the lid and give it a good stir 7. Serve with any or all of the optional toppings. 8. Assuming 2 servings',
    'https://www.themealdb.com/images/media/meals/kw92t41604181871.jpg',
    'https://www.themealdb.com/images/media/meals/kw92t41604181871.jpg',
    'test'
);

INSERT INTO Food_Ingredient (FoodID, Ingredient)
VALUES ('f101_0152', N'300g Sushi Rice');

INSERT INTO Food_Ingredient (FoodID, Ingredient)
VALUES ('f101_0152', N'1 tbs Mirin');

INSERT INTO Food_Ingredient (FoodID, Ingredient)
VALUES ('f101_0152', N'Garnish Pickle Juice');

INSERT INTO Food_Ingredient (FoodID, Ingredient)
VALUES ('f101_0152', N'Garnish Spring Onions');

INSERT INTO Food (FoodID, Title, Description, Calories, Instructions, ImageURL, SourceURL, Partition)
VALUES (
    'f101_0153',
    N'Jerk chicken with rice & peas',
    N'A fiery Jamaican dish with marinated, smoky jerk chicken thighs served alongside creamy coconut rice and kidney beans, spiced with allspice.',
    517,
    N'1. To make the jerk marinade, combine all the ingredients in a food processor along with 1 tsp salt, and blend to a purée 2. If you’re having trouble getting it to blend, just keep turning off the blender, stirring the mixture, and trying again 3. Eventually it will start to blend up – don’t be tempted to add water, as you want a thick paste.

Taste the jerk mixture for seasoning – it should taste pretty salty, but not unpleasantly, puckering salty 4. You can now throw in more chillies if it’s not spicy enough for you 5. If it tastes too salty and sour, try adding in a bit more brown sugar until the mixture tastes well balanced.

Make a few slashes in the chicken thighs and pour the marinade over the meat, rubbing it into all the crevices 6. Cover and leave to marinate overnight in the fridge.

If you want to barbecue your chicken, get the coals burning 1 hr or so before you’re ready to cook 7. Authentic jerked meats are not exactly grilled as we think of grilling, but sort of smoke-grilled 8. To get a more authentic jerk experience, add some wood chips to your barbecue, and cook your chicken over slow, indirect heat for 30 mins 9. To cook in the oven, heat to 180C/160C fan/gas 4 10. Put the chicken pieces in a roasting tin with the lime halves and cook for 45 mins until tender and cooked through.

While the chicken is cooking, prepare the rice & peas 11. Rinse the rice in plenty of cold water, then tip it into a large saucepan with all the remaining ingredients except the kidney beans 12. Season with salt, add 300ml cold water and set over a high heat 13. Once the rice begins to boil, turn it down to a medium heat, cover and cook for 10 mins.

Add the beans to the rice, then cover with a lid 14. Leave off the heat for 5 mins until all the liquid is absorbed 15. Squeeze the roasted lime over the chicken and serve with the rice & peas, and some hot sauce if you like it really spicy. 16. Assuming 4 servings',
    'https://www.themealdb.com/images/media/meals/tytyxu1515363282.jpg',
    'https://www.themealdb.com/images/media/meals/tytyxu1515363282.jpg',
    'test'
);

INSERT INTO Food_Ingredient (FoodID, Ingredient)
VALUES ('f101_0153', N'12 Chicken Thighs');

INSERT INTO Food_Ingredient (FoodID, Ingredient)
VALUES ('f101_0153', N'1/2 Lime');

INSERT INTO Food_Ingredient (FoodID, Ingredient)
VALUES ('f101_0153', N'1  bunch Spring Onions');

INSERT INTO Food_Ingredient (FoodID, Ingredient)
VALUES ('f101_0153', N'1 tbs chopped Ginger');

INSERT INTO Food_Ingredient (FoodID, Ingredient)
VALUES ('f101_0153', N'3 cloves Garlic');

INSERT INTO Food_Ingredient (FoodID, Ingredient)
VALUES ('f101_0153', N'1/2 Onion');

INSERT INTO Food_Ingredient (FoodID, Ingredient)
VALUES ('f101_0153', N'3 chopped Red Chilli');

INSERT INTO Food_Ingredient (FoodID, Ingredient)
VALUES ('f101_0153', N'1/2 teaspoon Thyme');

INSERT INTO Food_Ingredient (FoodID, Ingredient)
VALUES ('f101_0153', N'Juice of 1 Lime');

INSERT INTO Food_Ingredient (FoodID, Ingredient)
VALUES ('f101_0153', N'2 tbs Soy Sauce');

INSERT INTO Food_Ingredient (FoodID, Ingredient)
VALUES ('f101_0153', N'2 tbs Vegetable Oil');

INSERT INTO Food_Ingredient (FoodID, Ingredient)
VALUES ('f101_0153', N'3 tbs Brown Sugar');

INSERT INTO Food_Ingredient (FoodID, Ingredient)
VALUES ('f101_0153', N'1 tbs Allspice');

INSERT INTO Food_Ingredient (FoodID, Ingredient)
VALUES ('f101_0153', N'200g Basmati Rice');

INSERT INTO Food_Ingredient (FoodID, Ingredient)
VALUES ('f101_0153', N'400g Coconut Milk');

INSERT INTO Food_Ingredient (FoodID, Ingredient)
VALUES ('f101_0153', N'1  bunch Spring Onions');

INSERT INTO Food_Ingredient (FoodID, Ingredient)
VALUES ('f101_0153', N'2 sprigs Thyme');

INSERT INTO Food_Ingredient (FoodID, Ingredient)
VALUES ('f101_0153', N'2 cloves chopped Garlic');

INSERT INTO Food_Ingredient (FoodID, Ingredient)
VALUES ('f101_0153', N'1 tbs Allspice');

INSERT INTO Food_Ingredient (FoodID, Ingredient)
VALUES ('f101_0153', N'800g Kidney Beans');

INSERT INTO Food (FoodID, Title, Description, Calories, Instructions, ImageURL, SourceURL, Partition)
VALUES (
    'f101_0155',
    N'Leblebi Soup',
    N'A Tunisian chickpea soup with a fragrant cumin-garlic-harissa base, simmered in vegetable stock for a warm, spicy, and comforting bowl.',
    203,
    N'1. Heat the oil in a large pot 2. Add the onion and cook until translucent.
Drain the soaked chickpeas and add them to the pot together with the vegetable stock 3. Bring to the boil, then reduce the heat and cover 4. Simmer for 30 minutes.
In the meantime toast the cumin in a small ungreased frying pan, then grind them in a mortar 5. Add the garlic and salt and pound to a fine paste.
Add the paste and the harissa to the soup and simmer until the chickpeas are tender, about 30 minutes.
Season to taste with salt, pepper and lemon juice and serve hot. 6. Assuming 3 servings',
    'https://www.themealdb.com/images/media/meals/x2fw9e1560460636.jpg',
    'https://www.themealdb.com/images/media/meals/x2fw9e1560460636.jpg',
    'test'
);

INSERT INTO Food_Ingredient (FoodID, Ingredient)
VALUES ('f101_0155', N'2 tbs Olive Oil');

INSERT INTO Food_Ingredient (FoodID, Ingredient)
VALUES ('f101_0155', N'1 medium finely diced Onion');

INSERT INTO Food_Ingredient (FoodID, Ingredient)
VALUES ('f101_0155', N'250g Chickpeas');

INSERT INTO Food_Ingredient (FoodID, Ingredient)
VALUES ('f101_0155', N'1.5L Vegetable Stock');

INSERT INTO Food_Ingredient (FoodID, Ingredient)
VALUES ('f101_0155', N'1 tsp Cumin');

INSERT INTO Food_Ingredient (FoodID, Ingredient)
VALUES ('f101_0155', N'5 cloves Garlic');

INSERT INTO Food_Ingredient (FoodID, Ingredient)
VALUES ('f101_0155', N'1/2 tsp Salt');

INSERT INTO Food_Ingredient (FoodID, Ingredient)
VALUES ('f101_0155', N'1 tsp Harissa Spice');

INSERT INTO Food_Ingredient (FoodID, Ingredient)
VALUES ('f101_0155', N'Pinch Pepper');

INSERT INTO Food_Ingredient (FoodID, Ingredient)
VALUES ('f101_0155', N'1/2 Lime');

INSERT INTO Food (FoodID, Title, Description, Calories, Instructions, ImageURL, SourceURL, Partition)
VALUES (
    'f101_0156',
    N'Red Peas Soup',
    N'A rich Caribbean soup with kidney beans, beef, and dumplings in a coconut milk broth, flavored with allspice, thyme, and garlic.',
    470,
    N'1. Wash and rinse the dried kidney beans. 2. then cover with water in a deep bowl 3. Remember as they soak they will expand to at least triple the size they were originally so add a lot of water to the bowl 4. Soak them overnight or for at least 2 hrs to make the cooking step go quicker 5. I tossed out the water they were soaked in after it did the job.

Have your butcher cut the salted pigtail into 2 inch pieces as it will be very difficult to cut with an ordinary kitchen knife 6. Wash, then place a deep pot with water and bring to a boil 7. Cook for 20 minutes, then drain + rinse and repeat (boil again in water) 8. The goal is to make the pieces of pig tails tender and to remove most of the salt it was cured in.

Time to start the soup 9. Place everything in the pot (except the flour and potato), then cover with water and place on a high flame to bring to a boil 10. As it comes to a boil, skim off any scum/froth at the top and discard 11. Reduce the heat to a gentle boil and allow it to cook for 1 hr and 15 mins. 12. basically until the beans are tender and start falling apart.

It’s now time to add the potato (and Yams etc if you’re adding it) as well as the coconut milk and continue cooking for 15 minutes.

Now is a good time to start making the basic dough for the spinner dumplings 13. Mix the flour and water (add a pinch of salt if you want) until you have a soft/smooth dough 14. allow it to rest for 5 minutes, then pinch of a tablespoon at a time and roll between your hands to form a cigarette shape.

Add them to the pot, stir well and continue cooking for another 15 minutes on a rolling boil.

You’ll notice that I didn’t add any salt to the pot as the remaining salt from the salted pigtails will be enough to properly season this dish 15. However you can taste and adjust accordingly 16. Lets recap the timing part of things so you’re not confused 17. Cook the base of the soup for 1 hr and 15 minute or until tender, then add the potatoes and cook for 15 minutes, then add the dumplings and cook for a further 15 minutes 18. Keep in mind that this soup will thicken quite a bit as it cools.

While this is not a traditional recipe to any one specific island, versions of this soup (sometimes called stewed peas) can be found throughout the Caribbean, Latin America and Africa 19. A hearty bowl of this soup will surely give you the sleepies (some may call it ethnic fatigue) 20. You can certainly freeze the leftovers and heat it up another day. 21. Assuming 4 servings',
    'https://www.themealdb.com/images/media/meals/sqpqtp1515365614.jpg',
    'https://www.themealdb.com/images/media/meals/sqpqtp1515365614.jpg',
    'test'
);

INSERT INTO Food_Ingredient (FoodID, Ingredient)
VALUES ('f101_0156', N'2 cups Kidney Beans');

INSERT INTO Food_Ingredient (FoodID, Ingredient)
VALUES ('f101_0156', N'1 large Carrots');

INSERT INTO Food_Ingredient (FoodID, Ingredient)
VALUES ('f101_0156', N'2 chopped Spring Onions');

INSERT INTO Food_Ingredient (FoodID, Ingredient)
VALUES ('f101_0156', N'4 sprigs Thyme');

INSERT INTO Food_Ingredient (FoodID, Ingredient)
VALUES ('f101_0156', N'1 Diced Onion');

INSERT INTO Food_Ingredient (FoodID, Ingredient)
VALUES ('f101_0156', N'1/2 tsp Black Pepper');

INSERT INTO Food_Ingredient (FoodID, Ingredient)
VALUES ('f101_0156', N'2 chopped Red Pepper');

INSERT INTO Food_Ingredient (FoodID, Ingredient)
VALUES ('f101_0156', N'4 Mashed Garlic Clove');

INSERT INTO Food_Ingredient (FoodID, Ingredient)
VALUES ('f101_0156', N'1 tbs Allspice');

INSERT INTO Food_Ingredient (FoodID, Ingredient)
VALUES ('f101_0156', N'2 Lbs Beef');

INSERT INTO Food_Ingredient (FoodID, Ingredient)
VALUES ('f101_0156', N'2L Water');

INSERT INTO Food_Ingredient (FoodID, Ingredient)
VALUES ('f101_0156', N'4 Potatoes');

INSERT INTO Food_Ingredient (FoodID, Ingredient)
VALUES ('f101_0156', N'1 cup Plain Flour');

INSERT INTO Food_Ingredient (FoodID, Ingredient)
VALUES ('f101_0156', N'1/4 cup Water');

INSERT INTO Food_Ingredient (FoodID, Ingredient)
VALUES ('f101_0156', N'1 cup Coconut Milk');

INSERT INTO Food (FoodID, Title, Description, Calories, Instructions, ImageURL, SourceURL, Partition)
VALUES (
    'f101_0157',
    N'Egg Drop Soup',
    N'A light and comforting Chinese soup with delicate ribbons of egg in a savory chicken broth, accented with subtle ginger and green onion flavors.',
    120,
    N'1. In a wok add chicken broth and wait for it to boil.
Next add salt, sugar, white pepper, sesame seed oil.
When the chicken broth is boiling add the vegetables to the wok.
To thicken the sauce, whisk together 1 Tablespoon of cornstarch and 2 Tablespoon of water in a bowl and slowly add to your soup until it''s the right thickness.
Next add 1 egg slightly beaten with a knife or fork and add it to the soup slowly and stir for 8 seconds
Serve the soup in a bowl and add the green onions on top. 2. Assuming 2 servings',
    'https://www.themealdb.com/images/media/meals/1529446137.jpg',
    'https://www.themealdb.com/images/media/meals/1529446137.jpg',
    'test'
);

INSERT INTO Food_Ingredient (FoodID, Ingredient)
VALUES ('f101_0157', N'3 cups Chicken Stock');

INSERT INTO Food_Ingredient (FoodID, Ingredient)
VALUES ('f101_0157', N'1/4 tsp Salt');

INSERT INTO Food_Ingredient (FoodID, Ingredient)
VALUES ('f101_0157', N'1/4 tsp Sugar');

INSERT INTO Food_Ingredient (FoodID, Ingredient)
VALUES ('f101_0157', N'pinch Pepper');

INSERT INTO Food_Ingredient (FoodID, Ingredient)
VALUES ('f101_0157', N'1 tsp Sesame Seed Oil');

INSERT INTO Food_Ingredient (FoodID, Ingredient)
VALUES ('f101_0157', N'1/3 cup Peas');

INSERT INTO Food_Ingredient (FoodID, Ingredient)
VALUES ('f101_0157', N'1/3 cup Mushrooms');

INSERT INTO Food_Ingredient (FoodID, Ingredient)
VALUES ('f101_0157', N'1 tbs Cornstarch');

INSERT INTO Food_Ingredient (FoodID, Ingredient)
VALUES ('f101_0157', N'2 tbs Water');

INSERT INTO Food_Ingredient (FoodID, Ingredient)
VALUES ('f101_0157', N'1/4 cup Spring Onions');

INSERT INTO Food (FoodID, Title, Description, Calories, Instructions, ImageURL, SourceURL, Partition)
VALUES (
    'f101_0158',
    N'Split Pea Soup',
    N'A creamy, savory soup with shredded ham and split peas, blended smooth with carrots, onions, and celery, served with crusty bread.',
    420,
    N'1. Put the gammon in a very large pan with 2 litres water and bring to the boil 2. Remove from the heat and drain off the water – this helps to get rid of some of the saltiness 3. Recover with 2 litres cold water and bring to the boil again 4. Put everything but the frozen peas into the pan and bring to the boil 5. Reduce to a simmer and cook for 1½-2½ hrs, topping up the water as and when you need to, to a similar level it started at 6. As the ham cooks and softens, you can halve it if you want, so it is all submerged under the liquid 7. When the ham is tender enough to pull into shreds, it is ready.
Lift out the ham, peel off and discard the skin 8. While it is still hot (wear a clean pair of rubber gloves), shred the meat 9. Remove bay from the soup and stir in the frozen peas 10. Simmer for 1 min, then blend until smooth 11. Add a splash of water if too thick, and return to the pan to heat through if it has cooled, or if you are making ahead.
When you are ready to serve, mix the hot soup with most of the ham – gently reheat if made ahead 12. Serve in bowls with the remaining ham scattered on top, and eat with crusty bread and butter. 13. Assuming 4 servings',
    'https://www.themealdb.com/images/media/meals/xxtsvx1511814083.jpg',
    'https://www.themealdb.com/images/media/meals/xxtsvx1511814083.jpg',
    'test'
);

INSERT INTO Food_Ingredient (FoodID, Ingredient)
VALUES ('f101_0158', N'1kg Ham');

INSERT INTO Food_Ingredient (FoodID, Ingredient)
VALUES ('f101_0158', N'200g (soaked overnight) Peas');

INSERT INTO Food_Ingredient (FoodID, Ingredient)
VALUES ('f101_0158', N'2 chopped Onions');

INSERT INTO Food_Ingredient (FoodID, Ingredient)
VALUES ('f101_0158', N'2 chopped Carrots');

INSERT INTO Food_Ingredient (FoodID, Ingredient)
VALUES ('f101_0158', N'2 Bay Leaves');

INSERT INTO Food_Ingredient (FoodID, Ingredient)
VALUES ('f101_0158', N'1 chopped Celery');

INSERT INTO Food_Ingredient (FoodID, Ingredient)
VALUES ('f101_0158', N'300g Frozen Peas');

INSERT INTO Food_Ingredient (FoodID, Ingredient)
VALUES ('f101_0158', N'to serve Bread');

INSERT INTO Food (FoodID, Title, Description, Calories, Instructions, ImageURL, SourceURL, Partition)
VALUES (
    'f101_0159',
    N'Fish Soup (Ukha)',
    N'A Russian fish soup with cod and salmon in a light, aromatic broth with potatoes, carrots, and bay leaves, garnished with fresh dill.',
    260,
    N'1. In a medium pot, heat the olive oil over medium-high heat 2. Add the onions and cook, stirring occasionally until the onions start to caramelize 3. Add the carrots and cook until the carrots start to soften, about 4 more minutes.
Add the stock, water, potatoes, bay leaves, and black peppercorns 4. Season with salt and bring to a boil 5. Reduce heat, cover and cook for 10 minutes 6. Add the millet and cook for 15 more minutes until millet and potatoes are cooked.
Gently add the fish cubes 7. Stir and bring the soup to a simmer 8. The fish will cook through very fast, so make sure to not overcook them 9. They are done when the flesh is opaque and flakes easily.
Garnish the soup with chopped fresh dill or parsley before serving. 10. Assuming 2 servings',
    'https://www.themealdb.com/images/media/meals/7n8su21699013057.jpg',
    'https://www.themealdb.com/images/media/meals/7n8su21699013057.jpg',
    'test'
);

INSERT INTO Food_Ingredient (FoodID, Ingredient)
VALUES ('f101_0159', N'2 tbs Olive Oil');

INSERT INTO Food_Ingredient (FoodID, Ingredient)
VALUES ('f101_0159', N'1 sliced Onion');

INSERT INTO Food_Ingredient (FoodID, Ingredient)
VALUES ('f101_0159', N'2 medium Carrots');

INSERT INTO Food_Ingredient (FoodID, Ingredient)
VALUES ('f101_0159', N'3 cups Fish Stock');

INSERT INTO Food_Ingredient (FoodID, Ingredient)
VALUES ('f101_0159', N'3 cups Water');

INSERT INTO Food_Ingredient (FoodID, Ingredient)
VALUES ('f101_0159', N'4 large Potatoes');

INSERT INTO Food_Ingredient (FoodID, Ingredient)
VALUES ('f101_0159', N'3 Bay Leaf');

INSERT INTO Food_Ingredient (FoodID, Ingredient)
VALUES ('f101_0159', N'1 Cod');

INSERT INTO Food_Ingredient (FoodID, Ingredient)
VALUES ('f101_0159', N'1 Salmon');

INSERT INTO Food (FoodID, Title, Description, Calories, Instructions, ImageURL, SourceURL, Partition)
VALUES (
    'f101_0160',
    N'French Onion Soup',
    N'A classic French soup with caramelized onions in a rich beef broth, topped with toasted bread and melted Gruyère for a comforting, cheesy finish.',
    450,
    N'1. Melt the butter with the oil in a large heavy-based pan 2. Add the onions and fry with the lid on for 10 mins until soft 3. Sprinkle in the sugar and cook for 20 mins more, stirring frequently, until caramelised 4. The onions should be really golden, full of flavour and soft when pinched between your fingers 5. Take care towards the end to ensure that they don’t burn.
Add the garlic for the final few mins of the onions’ cooking time, then sprinkle in the flour and stir well 6. Increase the heat and keep stirring as you gradually add the wine, followed by the hot stock 7. Cover and simmer for 15-20 mins.
To serve, turn on the grill, and toast the bread 8. Ladle the soup into heatproof bowls 9. Put a slice or two of toast on top of the bowls of soup, and pile on the cheese 10. Grill until melted 11. Alternatively, you can complete the toasts under the grill, then serve them on top. 12. Assuming 4 servings',
    'https://www.themealdb.com/images/media/meals/xvrrux1511783685.jpg',
    'https://www.themealdb.com/images/media/meals/xvrrux1511783685.jpg',
    'test'
);

INSERT INTO Food_Ingredient (FoodID, Ingredient)
VALUES ('f101_0160', N'50g Butter');

INSERT INTO Food_Ingredient (FoodID, Ingredient)
VALUES ('f101_0160', N'1 tbs Olive Oil');

INSERT INTO Food_Ingredient (FoodID, Ingredient)
VALUES ('f101_0160', N'1 kg Onion');

INSERT INTO Food_Ingredient (FoodID, Ingredient)
VALUES ('f101_0160', N'1 tsp Sugar');

INSERT INTO Food_Ingredient (FoodID, Ingredient)
VALUES ('f101_0160', N'4 sliced Garlic Clove');

INSERT INTO Food_Ingredient (FoodID, Ingredient)
VALUES ('f101_0160', N'2 tbs Plain Flour');

INSERT INTO Food_Ingredient (FoodID, Ingredient)
VALUES ('f101_0160', N'250ml Dry White Wine');

INSERT INTO Food_Ingredient (FoodID, Ingredient)
VALUES ('f101_0160', N'1L Beef Stock');

INSERT INTO Food_Ingredient (FoodID, Ingredient)
VALUES ('f101_0160', N'4 sliced Bread');

INSERT INTO Food_Ingredient (FoodID, Ingredient)
VALUES ('f101_0160', N'140g Gruyère');

INSERT INTO Food (FoodID, Title, Description, Calories, Instructions, ImageURL, SourceURL, Partition)
VALUES (
    'f101_0161',
    N'Hot and Sour Soup',
    N'A popular Chinese soup known for its bold contrast of spicy heat and tangy vinegar. It combines tofu, mushrooms, pork, and a rich broth thickened with cornstarch, creating a hearty and flavorful starter.',
    296,
    N'1. STEP 1 - MAKING THE SOUP
In a wok add chicken broth and wait for it to boil.
Next add salt, sugar, sesame seed oil, white pepper, hot pepper sauce, vinegar and soy sauce and stir for few seconds.
Add Tofu, mushrooms, black wood ear mushrooms to the wok.
To thicken the sauce, whisk together 1 Tablespoon of cornstarch and 2 Tablespoon of water in a bowl and slowly add to your soup until it''s the right thickness.
Next add 1 egg slightly beaten with a knife or fork and add it to the soup and stir for 8 seconds
Serve the soup in a bowl and add the bbq pork and sliced green onions on top. 2. Assuming 3 servings',
    'https://www.themealdb.com/images/media/meals/1529445893.jpg',
    'https://www.themealdb.com/images/media/meals/1529445893.jpg',
    'test'
);

INSERT INTO Food_Ingredient (FoodID, Ingredient)
VALUES ('f101_0161', N'1/3 cup Mushrooms');

INSERT INTO Food_Ingredient (FoodID, Ingredient)
VALUES ('f101_0161', N'1/3 cup Wood Ear Mushrooms');

INSERT INTO Food_Ingredient (FoodID, Ingredient)
VALUES ('f101_0161', N'2/3 Cup Tofu');

INSERT INTO Food_Ingredient (FoodID, Ingredient)
VALUES ('f101_0161', N'1/2 cup Pork');

INSERT INTO Food_Ingredient (FoodID, Ingredient)
VALUES ('f101_0161', N'2-1/2 cups Chicken Stock');

INSERT INTO Food_Ingredient (FoodID, Ingredient)
VALUES ('f101_0161', N'1/2 tsp Salt');

INSERT INTO Food_Ingredient (FoodID, Ingredient)
VALUES ('f101_0161', N'1/4 tsp Sugar');

INSERT INTO Food_Ingredient (FoodID, Ingredient)
VALUES ('f101_0161', N'1 tsp Sesame Seed Oil');

INSERT INTO Food_Ingredient (FoodID, Ingredient)
VALUES ('f101_0161', N'1/4 tsp Pepper');

INSERT INTO Food_Ingredient (FoodID, Ingredient)
VALUES ('f101_0161', N'1/2 tsp Hotsauce');

INSERT INTO Food_Ingredient (FoodID, Ingredient)
VALUES ('f101_0161', N'1-½ cups Vinegar');

INSERT INTO Food_Ingredient (FoodID, Ingredient)
VALUES ('f101_0161', N'1 tsp Soy Sauce');

INSERT INTO Food_Ingredient (FoodID, Ingredient)
VALUES ('f101_0161', N'1 tbs Cornstarch');

INSERT INTO Food_Ingredient (FoodID, Ingredient)
VALUES ('f101_0161', N'2 tbs Water');

INSERT INTO Food_Ingredient (FoodID, Ingredient)
VALUES ('f101_0161', N'1/4 cup Spring Onions');

INSERT INTO Food (FoodID, Title, Description, Calories, Instructions, ImageURL, SourceURL, Partition)
VALUES (
    'f101_0162',
    N'Creamy Tomato Soup',
    N'A comforting classic made from ripe tomatoes, vegetables, and a touch of milk. Blended smooth, this soup delivers a velvety texture with a slightly tangy and sweet tomato flavor.',
    390,
    N'1. Put the oil, onions, celery, carrots, potatoes and bay leaves in a big casserole dish, or two saucepans 2. Fry gently until the onions are softened – about 10-15 mins 3. Fill the kettle and boil it.
Stir in the tomato purée, sugar, vinegar, chopped tomatoes and passata, then crumble in the stock cubes 4. Add 1 litre boiling water and bring to a simmer 5. Cover and simmer for 15 mins until the potato is tender, then remove the bay leaves 6. Purée with a stick blender (or ladle into a blender in batches) until very smooth 7. Season to taste and add a pinch more sugar if it needs it 8. The soup can now be cooled and chilled for up to 2 days, or frozen for up to 3 months.
To serve, reheat the soup, stirring in the milk – try not to let it boil 9. Serve in small bowls with cheesy sausage rolls. 10. Assuming 4 servings',
    'https://www.themealdb.com/images/media/meals/stpuws1511191310.jpg',
    'https://www.themealdb.com/images/media/meals/stpuws1511191310.jpg',
    'test'
);

INSERT INTO Food_Ingredient (FoodID, Ingredient)
VALUES ('f101_0162', N'3 tbsp Olive Oil');

INSERT INTO Food_Ingredient (FoodID, Ingredient)
VALUES ('f101_0162', N'2 chopped Onions');

INSERT INTO Food_Ingredient (FoodID, Ingredient)
VALUES ('f101_0162', N'2 sticks Celery');

INSERT INTO Food_Ingredient (FoodID, Ingredient)
VALUES ('f101_0162', N'300g Carrots');

INSERT INTO Food_Ingredient (FoodID, Ingredient)
VALUES ('f101_0162', N'500g Potatoes');

INSERT INTO Food_Ingredient (FoodID, Ingredient)
VALUES ('f101_0162', N'4 Bay Leaf');

INSERT INTO Food_Ingredient (FoodID, Ingredient)
VALUES ('f101_0162', N'5 tblsp Tomato Puree');

INSERT INTO Food_Ingredient (FoodID, Ingredient)
VALUES ('f101_0162', N'2 tblsp Sugar');

INSERT INTO Food_Ingredient (FoodID, Ingredient)
VALUES ('f101_0162', N'2 tblsp White Vinegar');

INSERT INTO Food_Ingredient (FoodID, Ingredient)
VALUES ('f101_0162', N'1½ kg Chopped Tomatoes');

INSERT INTO Food_Ingredient (FoodID, Ingredient)
VALUES ('f101_0162', N'500g Passata');

INSERT INTO Food_Ingredient (FoodID, Ingredient)
VALUES ('f101_0162', N'3 Vegetable Stock Cube');

INSERT INTO Food_Ingredient (FoodID, Ingredient)
VALUES ('f101_0162', N'400ml Whole Milk');

INSERT INTO Food (FoodID, Title, Description, Calories, Instructions, ImageURL, SourceURL, Partition)
VALUES (
    'f101_0163',
    N'Tunisian Lamb Soup',
    N'A North African-inspired soup combining spiced lamb, chickpeas, spinach, and pasta. It’s rich in harissa flavor and hearty enough for a complete meal.',
    355,
    N'1. Add the lamb to a casserole and cook over high heat 2. When browned, remove from the heat and set aside.
Keep a tablespoon of fat in the casserole and discard the rest 3. Reduce to medium heat then add the garlic, onion and spinach and cook until the onion is translucent and the spinach wilted or about 5 minutes.
Return the lamb to the casserole with the onion-spinach mixture, add the tomato puree, cumin, harissa, chicken, chickpeas, lemon juice, salt and pepper in the pan 4. Simmer over low heat for about 20 minutes.
Add the pasta and cook for 15 minutes or until pasta is cooked. 5. Assuming 4 servings',
    'https://www.themealdb.com/images/media/meals/t8mn9g1560460231.jpg',
    'https://www.themealdb.com/images/media/meals/t8mn9g1560460231.jpg',
    'test'
);

INSERT INTO Food_Ingredient (FoodID, Ingredient)
VALUES ('f101_0163', N'500g Lamb Mince');

INSERT INTO Food_Ingredient (FoodID, Ingredient)
VALUES ('f101_0163', N'2 cloves minced Garlic');

INSERT INTO Food_Ingredient (FoodID, Ingredient)
VALUES ('f101_0163', N'1 Onion');

INSERT INTO Food_Ingredient (FoodID, Ingredient)
VALUES ('f101_0163', N'300g Spinach');

INSERT INTO Food_Ingredient (FoodID, Ingredient)
VALUES ('f101_0163', N'3 tbs Tomato Puree');

INSERT INTO Food_Ingredient (FoodID, Ingredient)
VALUES ('f101_0163', N'1 tbs Cumin');

INSERT INTO Food_Ingredient (FoodID, Ingredient)
VALUES ('f101_0163', N'1 Litre Chicken Stock');

INSERT INTO Food_Ingredient (FoodID, Ingredient)
VALUES ('f101_0163', N'3 tsp Harissa Spice');

INSERT INTO Food_Ingredient (FoodID, Ingredient)
VALUES ('f101_0163', N'400g Chickpeas');

INSERT INTO Food_Ingredient (FoodID, Ingredient)
VALUES ('f101_0163', N'1/2 Lemon Juice');

INSERT INTO Food_Ingredient (FoodID, Ingredient)
VALUES ('f101_0163', N'150g Macaroni');

INSERT INTO Food_Ingredient (FoodID, Ingredient)
VALUES ('f101_0163', N'Pinch Salt');

INSERT INTO Food_Ingredient (FoodID, Ingredient)
VALUES ('f101_0163', N'Pinch Pepper');

INSERT INTO Food (FoodID, Title, Description, Calories, Instructions, ImageURL, SourceURL, Partition)
VALUES (
    'f101_0164',
    N'Moroccan Carrot Soup',
    N'A warmly spiced soup featuring roasted carrots, garlic, and cumin, finished with garam masala and lemon juice. Smooth and aromatic, it''s both nourishing and vibrant in flavor.',
    255,
    N'1. Step 1
Preheat oven to 180° C.
Step 2
Combine carrots, onion, garlic, cumin seeds, coriander seeds, salt and olive oil in a bowl and mix well 2. Transfer on a baking tray.
Step 3
Put the baking tray in preheated oven and roast for 10-12 minutes or till carrots soften 3. Remove from heat and cool.
Step 4
Grind the baked carrot mixture along with some water to make a smooth paste and strain in a bowl.
Step 5
Heat the carrot mixture in a non-stick pan 4. Add two cups of water and bring to a boil 5. Add garam masala powder and mix 6. Add salt and mix well.
Step 6
Remove from heat, add lemon juice and mix well.
Step 7
Serve hot. 7. Assuming 2 servings',
    'https://www.themealdb.com/images/media/meals/jcr46d1614763831.jpg',
    'https://www.themealdb.com/images/media/meals/jcr46d1614763831.jpg',
    'test'
);

INSERT INTO Food_Ingredient (FoodID, Ingredient)
VALUES ('f101_0164', N'6 chopped Carrots');

INSERT INTO Food_Ingredient (FoodID, Ingredient)
VALUES ('f101_0164', N'1 sliced Onion');

INSERT INTO Food_Ingredient (FoodID, Ingredient)
VALUES ('f101_0164', N'4 Garlic Clove');

INSERT INTO Food_Ingredient (FoodID, Ingredient)
VALUES ('f101_0164', N'1 tsp Cumin');

INSERT INTO Food_Ingredient (FoodID, Ingredient)
VALUES ('f101_0164', N'1/2 tsp Coriander');

INSERT INTO Food_Ingredient (FoodID, Ingredient)
VALUES ('f101_0164', N'1 tbs Olive Oil');

INSERT INTO Food_Ingredient (FoodID, Ingredient)
VALUES ('f101_0164', N'1/4 tsp Garam Masala');

INSERT INTO Food_Ingredient (FoodID, Ingredient)
VALUES ('f101_0164', N'1 tsp Lemon Juice');

INSERT INTO Food (FoodID, Title, Description, Calories, Instructions, ImageURL, SourceURL, Partition)
VALUES (
    'f101_0165',
    N'Cabbage Soup (Shchi)',
    N'A traditional Russian soup made with cabbage, potatoes, carrots, and tomatoes in a savory broth. Often topped with sour cream and dill, it offers a wholesome and slightly tangy flavor.',
    400,
    N'1. Add the butter to a large Dutch oven or other heavy-duty pot over medium heat 2. When the butter has melted, add the onion and sauté until translucent.
Add the cabbage, carrot, and celery 3. Sauté until the vegetables begin to soften, stirring frequently, about 3 minutes.
Add the bay leaf and vegetable stock and bring to a boil over high heat 4. Reduce the heat to low and simmer, covered, until the vegetables are crisp-tender, about 15 minutes.
Add the potatoes and bring it back to a boil over high heat 5. Reduce the heat to low and simmer, covered, until the potatoes are tender, about 10 minutes.
Add the tomatoes (or undrained canned tomatoes) and bring the soup back to a boil over high heat 6. Reduce the heat to low and simmer, uncovered, for 5 minutes 7. Season to taste with salt and pepper.
emove and discard the bay leaf from the pot.
Serve topped with fresh sour cream and fresh dill. 8. Assuming 4 servings',
    'https://www.themealdb.com/images/media/meals/60oc3k1699009846.jpg',
    'https://www.themealdb.com/images/media/meals/60oc3k1699009846.jpg',
    'test'
);

INSERT INTO Food_Ingredient (FoodID, Ingredient)
VALUES ('f101_0165', N'3 tbs Unsalted Butter');

INSERT INTO Food_Ingredient (FoodID, Ingredient)
VALUES ('f101_0165', N'1 large Onion');

INSERT INTO Food_Ingredient (FoodID, Ingredient)
VALUES ('f101_0165', N'1 medium Cabbage');

INSERT INTO Food_Ingredient (FoodID, Ingredient)
VALUES ('f101_0165', N'1 Carrots');

INSERT INTO Food_Ingredient (FoodID, Ingredient)
VALUES ('f101_0165', N'1 Celery');

INSERT INTO Food_Ingredient (FoodID, Ingredient)
VALUES ('f101_0165', N'1 Bay Leaf');

INSERT INTO Food_Ingredient (FoodID, Ingredient)
VALUES ('f101_0165', N'8 cups Vegetable Stock');

INSERT INTO Food_Ingredient (FoodID, Ingredient)
VALUES ('f101_0165', N'2 large Potatoes');

INSERT INTO Food_Ingredient (FoodID, Ingredient)
VALUES ('f101_0165', N'2 large Tomatoes');

INSERT INTO Food_Ingredient (FoodID, Ingredient)
VALUES ('f101_0165', N'Garnish Sour Cream');

INSERT INTO Food_Ingredient (FoodID, Ingredient)
VALUES ('f101_0165', N'Garnish Dill');

INSERT INTO Food (FoodID, Title, Description, Calories, Instructions, ImageURL, SourceURL, Partition)
VALUES (
    'f101_0166',
    N'Broccoli & Stilton soup',
    N'A creamy British soup pairing broccoli with pungent Stilton cheese. It''s blended smooth and enriched with a touch of butter, perfect for cheese lovers.',
    320,
    N'1. Heat the rapeseed oil in a large saucepan and then add the onions 2. Cook on a medium heat until soft 3. Add a splash of water if the onions start to catch.

Add the celery, leek, potato and a knob of butter 4. Stir until melted, then cover with a lid 5. Allow to sweat for 5 minutes 6. Remove the lid.

Pour in the stock and add any chunky bits of broccoli stalk 7. Cook for 10 – 15 minutes until all the vegetables are soft.

Add the rest of the broccoli and cook for a further 5 minutes 8. Carefully transfer to a blender and blitz until smooth 9. Stir in the stilton, allowing a few lumps to remain 10. Season with black pepper and serve. 11. Assuming 4 servings',
    'https://www.themealdb.com/images/media/meals/tvvxpv1511191952.jpg',
    'https://www.themealdb.com/images/media/meals/tvvxpv1511191952.jpg',
    'test'
);

INSERT INTO Food_Ingredient (FoodID, Ingredient)
VALUES ('f101_0166', N'2 tblsp Rapeseed Oil');

INSERT INTO Food_Ingredient (FoodID, Ingredient)
VALUES ('f101_0166', N'1 finely chopped Onion');

INSERT INTO Food_Ingredient (FoodID, Ingredient)
VALUES ('f101_0166', N'1 Celery');

INSERT INTO Food_Ingredient (FoodID, Ingredient)
VALUES ('f101_0166', N'1 sliced Leek');

INSERT INTO Food_Ingredient (FoodID, Ingredient)
VALUES ('f101_0166', N'1 medium Potatoes');

INSERT INTO Food_Ingredient (FoodID, Ingredient)
VALUES ('f101_0166', N'1 knob Butter');

INSERT INTO Food_Ingredient (FoodID, Ingredient)
VALUES ('f101_0166', N'1 litre hot Vegetable Stock');

INSERT INTO Food_Ingredient (FoodID, Ingredient)
VALUES ('f101_0166', N'1 Head chopped Broccoli');

INSERT INTO Food_Ingredient (FoodID, Ingredient)
VALUES ('f101_0166', N'140g Stilton Cheese');

INSERT INTO Food (FoodID, Title, Description, Calories, Instructions, ImageURL, SourceURL, Partition)
VALUES (
    'f101_0167',
    N'Beetroot Soup (Borscht)',
    N'A classic Eastern European dish made from beets, potatoes, and beans. Served hot or cold, it boasts a vivid color and an earthy-sweet flavor, often garnished with dill.',
    234,
    N'1. Chop the beetroot, add water and stock cube and cook for 15mins 2. Add the other ingredients and boil until soft 3. Finally add the beans and cook for 5mins 4. Serve in the soup pot. 5. Assuming 3 servings',
    'https://www.themealdb.com/images/media/meals/zadvgb1699012544.jpg',
    'https://www.themealdb.com/images/media/meals/zadvgb1699012544.jpg',
    'test'
);

INSERT INTO Food_Ingredient (FoodID, Ingredient)
VALUES ('f101_0167', N'3 Beetroot');

INSERT INTO Food_Ingredient (FoodID, Ingredient)
VALUES ('f101_0167', N'4 tbs Olive Oil');

INSERT INTO Food_Ingredient (FoodID, Ingredient)
VALUES ('f101_0167', N'1 Chicken Stock Cube');

INSERT INTO Food_Ingredient (FoodID, Ingredient)
VALUES ('f101_0167', N'6 cups Water');

INSERT INTO Food_Ingredient (FoodID, Ingredient)
VALUES ('f101_0167', N'3 Potatoes');

INSERT INTO Food_Ingredient (FoodID, Ingredient)
VALUES ('f101_0167', N'1 can Cannellini Beans');

INSERT INTO Food_Ingredient (FoodID, Ingredient)
VALUES ('f101_0167', N'Garnish Dill');

INSERT INTO Food (FoodID, Title, Description, Calories, Instructions, ImageURL, SourceURL, Partition)
VALUES (
    'f101_0169',
    N'Snert (Dutch Split Pea Soup)',
    N'A thick, hearty Dutch winter soup made from split peas, pork, and vegetables. Traditionally served with smoked sausage, it''s known for its rich, creamy consistency.',
    287,
    N'1. Gather the ingredients.

In a large soup pot, bring water, split peas, pork belly or bacon, pork chop, and bouillon cube to a boil 2. Reduce the heat to a simmer, cover and let cook for 45 minutes, stirring occasionally and skimming off any foam that rises to the top 3. Remove the pork chop, debone, and thinly slice the meat 4. Set aside.

Add the celery, carrots, potato, onion, leek, and celeriac to the soup 5. Return to the boil, reduce the heat to a simmer and let cook, uncovered, for another 30 minutes, adding a little extra water if the ingredients start to stick to the bottom of the pot.

Add the smoked sausage for the last 15 minutes of cooking time 6. When the vegetables are tender, remove the bacon and smoked sausage, slice thinly and set aside.

If you prefer a smooth consistency, purée the soup with a stick blender 7. Season to taste with salt and pepper 8. Add the meat back to the soup, setting some slices of rookworst aside.

Serve in heated bowls or soup plates, garnished with slices of rookworst and chopped celery leaf. 9. Assuming 4 servings 10. 

Enjoy!',
    'https://www.themealdb.com/images/media/meals/9ptx0a1565090843.jpg',
    'https://www.themealdb.com/images/media/meals/9ptx0a1565090843.jpg',
    'test'
);

INSERT INTO Food_Ingredient (FoodID, Ingredient)
VALUES ('f101_0169', N'2L Water');

INSERT INTO Food_Ingredient (FoodID, Ingredient)
VALUES ('f101_0169', N'300g Peas');

INSERT INTO Food_Ingredient (FoodID, Ingredient)
VALUES ('f101_0169', N'100g Pork');

INSERT INTO Food_Ingredient (FoodID, Ingredient)
VALUES ('f101_0169', N'1 Vegetable Stock Cube');

INSERT INTO Food_Ingredient (FoodID, Ingredient)
VALUES ('f101_0169', N'2 Celery');

INSERT INTO Food_Ingredient (FoodID, Ingredient)
VALUES ('f101_0169', N'2 Carrots');

INSERT INTO Food_Ingredient (FoodID, Ingredient)
VALUES ('f101_0169', N'1 large Potatoes');

INSERT INTO Food_Ingredient (FoodID, Ingredient)
VALUES ('f101_0169', N'1 small Onion');

INSERT INTO Food_Ingredient (FoodID, Ingredient)
VALUES ('f101_0169', N'1 small Leek');

INSERT INTO Food_Ingredient (FoodID, Ingredient)
VALUES ('f101_0169', N'1 cup Celeriac');

INSERT INTO Food_Ingredient (FoodID, Ingredient)
VALUES ('f101_0169', N'1 pound Sausages');

INSERT INTO Food (FoodID, Title, Description, Calories, Instructions, ImageURL, SourceURL, Partition)
VALUES (
    'f101_0170',
    N'Mushroom soup with buckwheat',
    N'A rustic Eastern European-style soup combining mushrooms, buckwheat, and herbs in a light broth. It''s creamy, earthy, and deeply satisfying.',
    370,
    N'1. Chop the onion and garlic, slice the mushrooms and wash the buckwheat 2. Heat the oil and lightly sauté the onion 3. Add the mushrooms and the garlic and continue to sauté 4. Add the salt, vegetable seasoning, buckwheat and the bay leaf and cover with water 5. Simmer gently and just before it is completely cooked, add pepper, sour cream mixed with flour, the chopped parsley and vinegar to taste. 6. Assuming 4 servings',
    'https://www.themealdb.com/images/media/meals/1ngcbf1628770793.jpg',
    'https://www.themealdb.com/images/media/meals/1ngcbf1628770793.jpg',
    'test'
);

INSERT INTO Food_Ingredient (FoodID, Ingredient)
VALUES ('f101_0170', N'150g Mushrooms');

INSERT INTO Food_Ingredient (FoodID, Ingredient)
VALUES ('f101_0170', N'50g Buckwheat');

INSERT INTO Food_Ingredient (FoodID, Ingredient)
VALUES ('f101_0170', N'4 tbs Vegetable Oil');

INSERT INTO Food_Ingredient (FoodID, Ingredient)
VALUES ('f101_0170', N'40g Onion');

INSERT INTO Food_Ingredient (FoodID, Ingredient)
VALUES ('f101_0170', N'2 cloves Garlic');

INSERT INTO Food_Ingredient (FoodID, Ingredient)
VALUES ('f101_0170', N'1 Bay Leaf');

INSERT INTO Food_Ingredient (FoodID, Ingredient)
VALUES ('f101_0170', N'1tbsp Vegetable Stock Cube');

INSERT INTO Food_Ingredient (FoodID, Ingredient)
VALUES ('f101_0170', N'50 ml Sour Cream');

INSERT INTO Food_Ingredient (FoodID, Ingredient)
VALUES ('f101_0170', N'Dash White Wine Vinegar');

INSERT INTO Food_Ingredient (FoodID, Ingredient)
VALUES ('f101_0170', N'Top Parsley');

INSERT INTO Food (FoodID, Title, Description, Calories, Instructions, ImageURL, SourceURL, Partition)
VALUES (
    'f101_0171',
    N'Seafood fideuà',
    N'A Valencian dish similar to paella but made with vermicelli noodles instead of rice. Loaded with mussels, prawns, and squid, it’s richly flavored with saffron and garlic.',
    482,
    N'1. Boil the kettle 2. Empty the mussels into a colander and run under cold water 3. Throw away any with broken shells 4. Pick through the shells, tapping each one on the side of the sink – they should be closed or should slowly close when tapped – if they stay open, throw them away 5. If any of the shells still have barnacles or stringy beards attached, pull them off with a cutlery knife and rinse the shells well 6. Keep in the colander, covered with a cold, damp cloth, until you’re ready to cook 7. Peel the prawn shells on the body section only – leave the heads and tails intact 8. Score down the backs and pull out any gritty entrails 9. Chill until you’re ready to cook.
Put the saffron in a small cup, cover with 50ml kettle-hot water and set aside for 10 mins 10. If using vermicelli, put in a bowl and crush to little pieces (about 1cm long) with your hands.
Heat the oil in a large frying pan with at least a 3cm lip, or a 40cm paella pan 11. Add the onion and stir around the pan for 5 mins until soft 12. Add the garlic and cook for 1 min more, then tip in the vermicelli and cook for 5 mins, stirring from time to time, until the vermicelli is toasted brown 13. Stir in the paprika.
Keeping the heat moderate, stir through the monkfish, squid and saffron with its water, seasoning well 14. Spread the ingredients out in an even layer, then pour over the hot stock and scatter the tomatoes on top 15. Bring to a simmer, then cover the whole dish with a tight-fitting lid (or foil) 16. Turn the heat to medium and cook for 6 mins.
Uncover and stir to incorporate the dry top layer of pasta 17. Push the mussels into the pasta so the hinges are buried in the bottom of the dish, and they stand straight up 18. Arrange the prawns on top, cover tightly and cook for another 6 mins or until the mussels are open, the prawns are pink and the pasta is cooked through 19. Leave to simmer for another 2-3 mins to cook off most of the remaining liquid (leave a little in the pan to prevent the pasta from sticking together) 20. Allow to sit for 2-3 mins, then squeeze over the lemon juice and arrange the wedges on top 21. Scatter with parsley before serving. 22. Assuming 4 servings',
    'https://www.themealdb.com/images/media/meals/wqqvyq1511179730.jpg',
    'https://www.themealdb.com/images/media/meals/wqqvyq1511179730.jpg',
    'test'
);

INSERT INTO Food_Ingredient (FoodID, Ingredient)
VALUES ('f101_0171', N'400g Mussels');

INSERT INTO Food_Ingredient (FoodID, Ingredient)
VALUES ('f101_0171', N'8 Prawns');

INSERT INTO Food_Ingredient (FoodID, Ingredient)
VALUES ('f101_0171', N'2 pinches Saffron');

INSERT INTO Food_Ingredient (FoodID, Ingredient)
VALUES ('f101_0171', N'350g Vermicelli Pasta');

INSERT INTO Food_Ingredient (FoodID, Ingredient)
VALUES ('f101_0171', N'5 tblsp Olive Oil');

INSERT INTO Food_Ingredient (FoodID, Ingredient)
VALUES ('f101_0171', N'1 large Onions');

INSERT INTO Food_Ingredient (FoodID, Ingredient)
VALUES ('f101_0171', N'3 cloves Garlic');

INSERT INTO Food_Ingredient (FoodID, Ingredient)
VALUES ('f101_0171', N'2 tbs Paprika');

INSERT INTO Food_Ingredient (FoodID, Ingredient)
VALUES ('f101_0171', N'1 tail Monkfish');

INSERT INTO Food_Ingredient (FoodID, Ingredient)
VALUES ('f101_0171', N'4 Baby Squid');

INSERT INTO Food_Ingredient (FoodID, Ingredient)
VALUES ('f101_0171', N'650ml Fish Stock');

INSERT INTO Food_Ingredient (FoodID, Ingredient)
VALUES ('f101_0171', N'2 large Tomatoes');

INSERT INTO Food_Ingredient (FoodID, Ingredient)
VALUES ('f101_0171', N'Juice of 1 Lemon');

INSERT INTO Food_Ingredient (FoodID, Ingredient)
VALUES ('f101_0171', N'Topping Parsley');

INSERT INTO Food (FoodID, Title, Description, Calories, Instructions, ImageURL, SourceURL, Partition)
VALUES (
    'f101_0172',
    N'Vegan Lasagna',
    N'A hearty plant-based lasagna layered with lentils, vegetables, spinach, and creamy vegan white sauce, offering a satisfying meat-free twist on a classic Italian comfort food.',
    423,
    N'1. 1) Preheat oven to 180 degrees celcius 2. 2) Boil vegetables for 5-7 minutes, until soft 3. Add lentils and bring to a gentle simmer, adding a stock cube if desired 4. Continue cooking and stirring until the lentils are soft, which should take about 20 minutes 5. 3) Blanch spinach leaves for a few minutes in a pan, before removing and setting aside 6. 4) Top up the pan with water and cook the lasagne sheets 7. When cooked, drain and set aside.
5) To make the sauce, melt the butter and add the flour, then gradually add the soya milk along with the mustard and the vinegar 8. Cook and stir until smooth and then assemble the lasagne as desired in a baking dish 9. 6) Bake in the preheated oven for about 25 minutes. 10. Assuming 4 servings',
    'https://www.themealdb.com/images/media/meals/rvxxuy1468312893.jpg',
    'https://www.themealdb.com/images/media/meals/rvxxuy1468312893.jpg',
    'test'
);

INSERT INTO Food_Ingredient (FoodID, Ingredient)
VALUES ('f101_0172', N'1 cups green red lentils');

INSERT INTO Food_Ingredient (FoodID, Ingredient)
VALUES ('f101_0172', N'1 Carrots');

INSERT INTO Food_Ingredient (FoodID, Ingredient)
VALUES ('f101_0172', N'1 onion');

INSERT INTO Food_Ingredient (FoodID, Ingredient)
VALUES ('f101_0172', N'1 small zucchini');

INSERT INTO Food_Ingredient (FoodID, Ingredient)
VALUES ('f101_0172', N'sprinking coriander');

INSERT INTO Food_Ingredient (FoodID, Ingredient)
VALUES ('f101_0172', N'150g spinach');

INSERT INTO Food_Ingredient (FoodID, Ingredient)
VALUES ('f101_0172', N'10 lasagne sheets');

INSERT INTO Food_Ingredient (FoodID, Ingredient)
VALUES ('f101_0172', N'35g vegan butter');

INSERT INTO Food_Ingredient (FoodID, Ingredient)
VALUES ('f101_0172', N'4 tablespoons flour');

INSERT INTO Food_Ingredient (FoodID, Ingredient)
VALUES ('f101_0172', N'300ml soya milk');

INSERT INTO Food_Ingredient (FoodID, Ingredient)
VALUES ('f101_0172', N'1.5 teaspoons mustard');

INSERT INTO Food_Ingredient (FoodID, Ingredient)
VALUES ('f101_0172', N'1 teaspoon vinegar');

INSERT INTO Food (FoodID, Title, Description, Calories, Instructions, ImageURL, SourceURL, Partition)
VALUES (
    'f101_0173',
    N'Vegan Chocolate Cake',
    N'A rich and moist chocolate cake made without dairy or eggs, using raw cacao, almond milk, and flax eggs, perfect for chocolate lovers following a vegan diet.',
    444,
    N'1. Simply mix all dry ingredients with wet ingredients and blend altogether 2. Bake for 45 min on 180 degrees 3. Decorate with some melted vegan chocolate 4. Assuming 3 servings',
    'https://www.themealdb.com/images/media/meals/qxutws1486978099.jpg',
    'https://www.themealdb.com/images/media/meals/qxutws1486978099.jpg',
    'test'
);

INSERT INTO Food_Ingredient (FoodID, Ingredient)
VALUES ('f101_0173', N'1 1/4 cup Self-raising Flour');

INSERT INTO Food_Ingredient (FoodID, Ingredient)
VALUES ('f101_0173', N'1/2 cup coco sugar');

INSERT INTO Food_Ingredient (FoodID, Ingredient)
VALUES ('f101_0173', N'1/3 cup raw cacao');

INSERT INTO Food_Ingredient (FoodID, Ingredient)
VALUES ('f101_0173', N'1 tsp baking powder');

INSERT INTO Food_Ingredient (FoodID, Ingredient)
VALUES ('f101_0173', N'2 flax eggs');

INSERT INTO Food_Ingredient (FoodID, Ingredient)
VALUES ('f101_0173', N'1/2 cup almond milk');

INSERT INTO Food_Ingredient (FoodID, Ingredient)
VALUES ('f101_0173', N'1 tsp vanilla');

INSERT INTO Food_Ingredient (FoodID, Ingredient)
VALUES ('f101_0173', N'1/2 cup boiling water');

INSERT INTO Food (FoodID, Title, Description, Calories, Instructions, ImageURL, SourceURL, Partition)
VALUES (
    'f101_0174',
    N'Vegetarian Chilli',
    N'A warming vegetarian chili packed with roasted vegetables, kidney beans, and tomatoes, offering a flavorful and wholesome meat-free meal.',
    290,
    N'1. Heat oven to 200C/180C fan/ gas 6 2. Cook the vegetables in a casserole dish for 15 mins 3. Tip in the beans and tomatoes, season, and cook for another 10-15 mins until piping hot 4. Heat the pouch in the microwave on High for 1 min and serve with the chilli. 5. Assuming 2 servings',
    'https://www.themealdb.com/images/media/meals/wqurxy1511453156.jpg',
    'https://www.themealdb.com/images/media/meals/wqurxy1511453156.jpg',
    'test'
);

INSERT INTO Food_Ingredient (FoodID, Ingredient)
VALUES ('f101_0174', N'400g Roasted Vegetables');

INSERT INTO Food_Ingredient (FoodID, Ingredient)
VALUES ('f101_0174', N'1 can Kidney Beans');

INSERT INTO Food_Ingredient (FoodID, Ingredient)
VALUES ('f101_0174', N'1 can Chopped Tomatoes');

INSERT INTO Food_Ingredient (FoodID, Ingredient)
VALUES ('f101_0174', N'1 Packet Mixed Grain');

INSERT INTO Food (FoodID, Title, Description, Calories, Instructions, ImageURL, SourceURL, Partition)
VALUES (
    'f101_0175',
    N'Vegetarian Casserole',
    N'A rustic vegetable casserole simmered with lentils, courgettes, and aromatic spices, delivering a hearty and nourishing vegetarian dish.',
    284,
    N'1. Heat the oil in a large, heavy-based pan 2. Add the onions and cook gently for 5 – 10 mins until softened.
Add the garlic, spices, dried thyme, carrots, celery and peppers and cook for 5 minutes.
Add the tomatoes, stock, courgettes and fresh thyme and cook for 20 - 25 minutes.
Take out the thyme sprigs 3. Stir in the lentils and bring back to a simmer 4. Serve with wild and white basmati rice, mash or quinoa. 5. Assuming 2 servings',
    'https://www.themealdb.com/images/media/meals/vptwyt1511450962.jpg',
    'https://www.themealdb.com/images/media/meals/vptwyt1511450962.jpg',
    'test'
);

INSERT INTO Food_Ingredient (FoodID, Ingredient)
VALUES ('f101_0175', N'1 Rapeseed Oil');

INSERT INTO Food_Ingredient (FoodID, Ingredient)
VALUES ('f101_0175', N'1 Onion');

INSERT INTO Food_Ingredient (FoodID, Ingredient)
VALUES ('f101_0175', N'3 cloves Garlic');

INSERT INTO Food_Ingredient (FoodID, Ingredient)
VALUES ('f101_0175', N'1 tsp Paprika');

INSERT INTO Food_Ingredient (FoodID, Ingredient)
VALUES ('f101_0175', N'½ tsp Cumin');

INSERT INTO Food_Ingredient (FoodID, Ingredient)
VALUES ('f101_0175', N'1 tblsp Thyme');

INSERT INTO Food_Ingredient (FoodID, Ingredient)
VALUES ('f101_0175', N'3 Medium Carrots');

INSERT INTO Food_Ingredient (FoodID, Ingredient)
VALUES ('f101_0175', N'2 small stalks Celery');

INSERT INTO Food_Ingredient (FoodID, Ingredient)
VALUES ('f101_0175', N'1 Red Pepper');

INSERT INTO Food_Ingredient (FoodID, Ingredient)
VALUES ('f101_0175', N'1 Yellow Pepper');

INSERT INTO Food_Ingredient (FoodID, Ingredient)
VALUES ('f101_0175', N'2 x 400g tins Tomato');

INSERT INTO Food_Ingredient (FoodID, Ingredient)
VALUES ('f101_0175', N'250ml Vegetable Stock Cube');

INSERT INTO Food_Ingredient (FoodID, Ingredient)
VALUES ('f101_0175', N'2 sliced Courgettes');

INSERT INTO Food_Ingredient (FoodID, Ingredient)
VALUES ('f101_0175', N'2 sprigs Thyme');

INSERT INTO Food_Ingredient (FoodID, Ingredient)
VALUES ('f101_0175', N'250g Lentils');

INSERT INTO Food (FoodID, Title, Description, Calories, Instructions, ImageURL, SourceURL, Partition)
VALUES (
    'f101_0176',
    N'Thai Green Curry',
    N'A fragrant and creamy Thai green curry made with tender chicken, coconut milk, and fresh vegetables, infused with kaffir lime and basil.',
    405,
    N'1. Put the potatoes in a pan of boiling water and cook for 5 minutes 2. Throw in the beans and cook for a further 3 minutes, by which time both should be just tender but not too soft 3. Drain and put to one side.
In a wok or large frying pan, heat the oil until very hot, then drop in the garlic and cook until golden, this should take only a few seconds 4. Don’t let it go very dark or it will spoil the taste 5. Spoon in the curry paste and stir it around for a few seconds to begin to cook the spices and release all the flavours 6. Next, pour in the coconut milk and let it come to a bubble.
Stir in the fish sauce and sugar, then the pieces of chicken 7. Turn the heat down to a simmer and cook, covered, for about 8 minutes until the chicken is cooked.
Tip in the potatoes and beans and let them warm through in the hot coconut milk, then add a lovely citrussy flavour by stirring in the shredded lime leaves (or lime zest) 8. The basil leaves go in next, but only leave them briefly on the heat or they will quickly lose their brightness 9. Scatter with the lime garnish and serve immediately with boiled rice. 10. Assuming 4 servings',
    'https://www.themealdb.com/images/media/meals/sstssx1487349585.jpg',
    'https://www.themealdb.com/images/media/meals/sstssx1487349585.jpg',
    'test'
);

INSERT INTO Food_Ingredient (FoodID, Ingredient)
VALUES ('f101_0176', N'225g new Potatoes');

INSERT INTO Food_Ingredient (FoodID, Ingredient)
VALUES ('f101_0176', N'100g green beans');

INSERT INTO Food_Ingredient (FoodID, Ingredient)
VALUES ('f101_0176', N'1 tbsp sunflower oil');

INSERT INTO Food_Ingredient (FoodID, Ingredient)
VALUES ('f101_0176', N'1 clove garlic');

INSERT INTO Food_Ingredient (FoodID, Ingredient)
VALUES ('f101_0176', N'4 tsp Thai green curry paste');

INSERT INTO Food_Ingredient (FoodID, Ingredient)
VALUES ('f101_0176', N'400ml coconut milk');

INSERT INTO Food_Ingredient (FoodID, Ingredient)
VALUES ('f101_0176', N'2 tsp Thai fish sauce');

INSERT INTO Food_Ingredient (FoodID, Ingredient)
VALUES ('f101_0176', N'1 tsp Sugar');

INSERT INTO Food_Ingredient (FoodID, Ingredient)
VALUES ('f101_0176', N'450g boneless Chicken');

INSERT INTO Food_Ingredient (FoodID, Ingredient)
VALUES ('f101_0176', N'2 fresh kaffir leaves lime');

INSERT INTO Food_Ingredient (FoodID, Ingredient)
VALUES ('f101_0176', N'handfull basil');

INSERT INTO Food_Ingredient (FoodID, Ingredient)
VALUES ('f101_0176', N'Boiled Rice');

INSERT INTO Food (FoodID, Title, Description, Calories, Instructions, ImageURL, SourceURL, Partition)
VALUES (
    'f101_0177',
    N'Kidney Bean Curry',
    N'A simple yet flavorful curry of kidney beans cooked with tomatoes, onions, and warm spices, served with fragrant basmati rice.',
    328,
    N'1. Heat the oil in a large frying pan over a low-medium heat 2. Add the onion and a pinch of salt and cook slowly, stirring occasionally, until softened and just starting to colour 3. Add the garlic, ginger and coriander stalks and cook for a further 2 mins, until fragrant.

Add the spices to the pan and cook for another 1 min, by which point everything should smell aromatic 4. Tip in the chopped tomatoes and kidney beans in their water, then bring to the boil.

Turn down the heat and simmer for 15 mins until the curry is nice and thick 5. Season to taste, then serve with the basmati rice and the coriander leaves. 6. Assuming 3 servings',
    'https://www.themealdb.com/images/media/meals/sywrsu1511463066.jpg',
    'https://www.themealdb.com/images/media/meals/sywrsu1511463066.jpg',
    'test'
);

INSERT INTO Food_Ingredient (FoodID, Ingredient)
VALUES ('f101_0177', N'1 tbls Vegetable Oil');

INSERT INTO Food_Ingredient (FoodID, Ingredient)
VALUES ('f101_0177', N'1 finely chopped Onion');

INSERT INTO Food_Ingredient (FoodID, Ingredient)
VALUES ('f101_0177', N'2 cloves chopped Garlic');

INSERT INTO Food_Ingredient (FoodID, Ingredient)
VALUES ('f101_0177', N'1 part Ginger');

INSERT INTO Food_Ingredient (FoodID, Ingredient)
VALUES ('f101_0177', N'1 Packet Coriander');

INSERT INTO Food_Ingredient (FoodID, Ingredient)
VALUES ('f101_0177', N'1 tsp Cumin');

INSERT INTO Food_Ingredient (FoodID, Ingredient)
VALUES ('f101_0177', N'1 tsp Paprika');

INSERT INTO Food_Ingredient (FoodID, Ingredient)
VALUES ('f101_0177', N'2 tsp Garam Masala');

INSERT INTO Food_Ingredient (FoodID, Ingredient)
VALUES ('f101_0177', N'400g Chopped Tomatoes');

INSERT INTO Food_Ingredient (FoodID, Ingredient)
VALUES ('f101_0177', N'400g Kidney Beans');

INSERT INTO Food_Ingredient (FoodID, Ingredient)
VALUES ('f101_0177', N'to serve Basmati Rice');

INSERT INTO Food (FoodID, Title, Description, Calories, Instructions, ImageURL, SourceURL, Partition)
VALUES (
    'f101_0182',
    N'Lasagna Sandwiches',
    N'A creative twist on lasagna featuring layers of sour cream, bacon, tomato, and mozzarella grilled between slices of bread for a cheesy, savory delight.',
    405,
    N'1. In a small bowl, combine the first four ingredients; spread on four slices of bread 2. Layer with bacon, tomato and cheese; top with remaining bread.

2 3. In a large skillet or griddle, melt 2 tablespoons butter 4. Toast sandwiches until lightly browned on both sides and cheese is melted, adding butter if necessary.

Nutrition Facts
1 sandwich: 445 calories, 24g fat (12g saturated fat), 66mg cholesterol, 1094mg sodium, 35g carbohydrate (3g sugars, 2g fiber), 21g protein. 5. Assuming 4 servings',
    'https://www.themealdb.com/images/media/meals/xr0n4r1576788363.jpg',
    'https://www.themealdb.com/images/media/meals/xr0n4r1576788363.jpg',
    'test'
);

INSERT INTO Food_Ingredient (FoodID, Ingredient)
VALUES ('f101_0182', N'1/4 cup Sour Cream');

INSERT INTO Food_Ingredient (FoodID, Ingredient)
VALUES ('f101_0182', N'2 tbs Chopped Onion');

INSERT INTO Food_Ingredient (FoodID, Ingredient)
VALUES ('f101_0182', N'1/2 tbs Dried Oregano');

INSERT INTO Food_Ingredient (FoodID, Ingredient)
VALUES ('f101_0182', N'1/4 tsp Salt');

INSERT INTO Food_Ingredient (FoodID, Ingredient)
VALUES ('f101_0182', N'8 slices Bread');

INSERT INTO Food_Ingredient (FoodID, Ingredient)
VALUES ('f101_0182', N'8 slices Bacon');

INSERT INTO Food_Ingredient (FoodID, Ingredient)
VALUES ('f101_0182', N'8 slices Tomato');

INSERT INTO Food_Ingredient (FoodID, Ingredient)
VALUES ('f101_0182', N'4 slices Mozzarella');

INSERT INTO Food_Ingredient (FoodID, Ingredient)
VALUES ('f101_0182', N'2 1/2 Tbs Butter');

INSERT INTO Food (FoodID, Title, Description, Calories, Instructions, ImageURL, SourceURL, Partition)
VALUES (
    'f101_0183',
    N'Bread omelette',
    N'A quick and filling breakfast dish where slices of bread are dipped in seasoned egg and fried to golden perfection, creating a soft omelette-bread fusion.',
    320,
    N'1. Crack the eggs into a bowl, add salt, and beat until well mixed. 2. Heat a non-stick pan over medium heat and add oil or butter. 3. Dip or place the bread slices in the egg mixture to coat both sides. 4. Pour the remaining egg mixture into the pan, place bread on top (or pour everything together). 5. Cook for 1–2 minutes on each side until the eggs are cooked and the bread is golden brown. 6. Serve hot. 7. Assuming 1 servings 8. Make and enjoy',
    'https://www.themealdb.com/images/media/meals/hqaejl1695738653.jpg',
    'https://www.themealdb.com/images/media/meals/hqaejl1695738653.jpg',
    'test'
);

INSERT INTO Food_Ingredient (FoodID, Ingredient)
VALUES ('f101_0183', N'2 slices white bread (approx. 60g total)');

INSERT INTO Food_Ingredient (FoodID, Ingredient)
VALUES ('f101_0183', N'2 large eggs (approx. 100g total)');

INSERT INTO Food_Ingredient (FoodID, Ingredient)
VALUES ('f101_0183', N'1/2 teaspoon salt (approx. 3g)');

INSERT INTO Food_Ingredient (FoodID, Ingredient)
VALUES ('f101_0183', N'1 teaspoon cooking oil or butter (optional, approx. 5g)');

INSERT INTO Food (FoodID, Title, Description, Calories, Instructions, ImageURL, SourceURL, Partition)
VALUES (
    'f101_0184',
    N'French Omelette',
    N'A classic French dish featuring a silky, soft omelette filled with fresh herbs and nutty Gruyère cheese, cooked to golden perfection with a glossy butter finish.',
    284,
    N'1. Get everything ready 2. Warm a 20cm (measured across the top) non-stick frying pan on a medium heat 3. Crack the eggs into a bowl and beat them with a fork so they break up and mix, but not as completely as you would for scrambled egg 4. With the heat on medium-hot, drop one knob of butter into the pan 5. It should bubble and sizzle, but not brown 6. Season the eggs with the Parmesan and a little salt and pepper, and pour into the pan.
Let the eggs bubble slightly for a couple of seconds, then take a wooden fork or spatula and gently draw the mixture in from the sides of the pan a few times, so it gathers in folds in the centre 7. Leave for a few seconds, then stir again to lightly combine uncooked egg with cooked 8. Leave briefly again, and when partly cooked, stir a bit faster, stopping while there’s some barely cooked egg left 9. With the pan flat on the heat, shake it back and forth a few times to settle the mixture 10. It should slide easily in the pan and look soft and moist on top 11. A quick burst of heat will brown the underside.
Grip the handle underneath 12. Tilt the pan down away from you and let the omelette fall to the edge 13. Fold the side nearest to you over by a third with your fork, and keep it rolling over, so the omelette tips onto a plate – or fold it in half, if that’s easier 14. For a neat finish, cover the omelette with a piece of kitchen paper and plump it up a bit with your fingers 15. Rub the other knob of butter over to glaze 16. Assuming 2 servings 17. Serve immediately.',
    'https://www.themealdb.com/images/media/meals/yvpuuy1511797244.jpg',
    'https://www.themealdb.com/images/media/meals/yvpuuy1511797244.jpg',
    'test'
);

INSERT INTO Food_Ingredient (FoodID, Ingredient)
VALUES ('f101_0184', N'3 Eggs');

INSERT INTO Food_Ingredient (FoodID, Ingredient)
VALUES ('f101_0184', N'2 knobs Butter');

INSERT INTO Food_Ingredient (FoodID, Ingredient)
VALUES ('f101_0184', N'1 tsp Parmesan');

INSERT INTO Food_Ingredient (FoodID, Ingredient)
VALUES ('f101_0184', N'3 chopped Tarragon Leaves');

INSERT INTO Food_Ingredient (FoodID, Ingredient)
VALUES ('f101_0184', N'1 tbs chopped Parsley');

INSERT INTO Food_Ingredient (FoodID, Ingredient)
VALUES ('f101_0184', N'1 tbs chopped Chives');

INSERT INTO Food_Ingredient (FoodID, Ingredient)
VALUES ('f101_0184', N'4 tbs Gruyère');

INSERT INTO Food (FoodID, Title, Description, Calories, Instructions, ImageURL, SourceURL, Partition)
VALUES (
    'f101_0185',
    N'Provençal Omelette Cake',
    N'A vibrant French-inspired dish with layers of omelettes filled with courgettes, roasted peppers, and creamy herb-infused cheese, served chilled with rocket and Parmesan.',
    259,
    N'1. Break the eggs into two bowls, five in each 2. Whisk lightly and season with salt and pepper 3. Heat the oil in a pan, add the courgettes and spring onions, then fry gently for about 10 mins until softened 4. Cool, then stir into one bowl of eggs with a little salt and pepper 5. Add the roasted peppers to the other bowl of eggs with the garlic, chilli, salt and pepper.
Heat a little oil in a 20-23cm frying pan, preferably non-stick 6. Pour the eggs with courgette into a measuring jug, then pourabout one-third of the mixture into the pan, swirling it to cover the base of the pan 7. Cook until the egg is set and lightly browned underneath, then cover the pan with a plate and invert the omelette onto it 8. Slide it back into the pan to cook the other side 9. Repeat with the remaining mix to make two more omelettes, adding a little oil to the pan each time 10. Stack the omelettes onto a plate 11. Make three omelettes in the same way with the red pepper mixture, then stack them on a separate plate.
Now make the filling 12. Beat the cheese to soften it, then beat in the milk to make a spreadable consistency 13. Stir in the herbs, salt and pepper 14. Line a deep, 20-23cm round cake tin with cling film (use a tin the same size as the frying pan) 15. Select the best red pepper omelette and place in the tin, prettiest side down 16. Spread with a thin layer of cheese filling, then cover with a courgette omelette 17. Repeat, alternating the layers, until all the omelettes and filling are in the tin, finishing with an omelette 18. Flip the cling film over the omelette, then chill for up to 24 hrs.
To serve, invert the omelette cake onto a serving plate and peel off the cling film 19. Pile rocket on the top and scatter over the cheese, a drizzle of olive oil and a little freshly ground black pepper 20. Serve cut into wedges. 21. Assuming 6 servings',
    'https://www.themealdb.com/images/media/meals/qwtrtp1511799242.jpg',
    'https://www.themealdb.com/images/media/meals/qwtrtp1511799242.jpg',
    'test'
);

INSERT INTO Food_Ingredient (FoodID, Ingredient)
VALUES ('f101_0185', N'10 Eggs');

INSERT INTO Food_Ingredient (FoodID, Ingredient)
VALUES ('f101_0185', N'1 tbs Olive Oil');

INSERT INTO Food_Ingredient (FoodID, Ingredient)
VALUES ('f101_0185', N'2 finely chopped Courgettes');

INSERT INTO Food_Ingredient (FoodID, Ingredient)
VALUES ('f101_0185', N'3 finely chopped Spring Onions');

INSERT INTO Food_Ingredient (FoodID, Ingredient)
VALUES ('f101_0185', N'4 Red Pepper');

INSERT INTO Food_Ingredient (FoodID, Ingredient)
VALUES ('f101_0185', N'1 clove peeled crushed Garlic Clove');

INSERT INTO Food_Ingredient (FoodID, Ingredient)
VALUES ('f101_0185', N'1 Red Chilli');

INSERT INTO Food_Ingredient (FoodID, Ingredient)
VALUES ('f101_0185', N'300g Cream Cheese');

INSERT INTO Food_Ingredient (FoodID, Ingredient)
VALUES ('f101_0185', N'6 tblsp Milk');

INSERT INTO Food_Ingredient (FoodID, Ingredient)
VALUES ('f101_0185', N'4 tbs Chives');

INSERT INTO Food_Ingredient (FoodID, Ingredient)
VALUES ('f101_0185', N'2 tbs Basil');

INSERT INTO Food_Ingredient (FoodID, Ingredient)
VALUES ('f101_0185', N'to serve Rocket');

INSERT INTO Food_Ingredient (FoodID, Ingredient)
VALUES ('f101_0185', N'to serve Parmesan');

INSERT INTO Food (FoodID, Title, Description, Calories, Instructions, ImageURL, SourceURL, Partition)
VALUES (
    'f101_0186',
    N'Lamb Tzatziki Burgers',
    N'Juicy lamb burgers infused with Middle Eastern spices, served in buns with refreshing cucumber tzatziki, tomatoes, and mint for a flavorful, summery meal.',
    599,
    N'1. Tip the bulghar into a pan, cover with water and boil for 10 mins 2. Drain really well in a sieve, pressing out any excess water.

To make the tzatziki, squeeze and discard the juice from the cucumber, then mix into the yogurt with the chopped mint and a little salt.

Work the bulghar into the lamb with the spices, garlic (if using) and seasoning, then shape into 4 burgers 3. Brush with a little oil and fry or barbecue for about 5 mins each side until cooked all the way through 4. Serve in the buns (toasted if you like) with the tzatziki, tomatoes, onion and a few mint leaves. 5. Assuming 4 servings',
    'https://www.themealdb.com/images/media/meals/k420tj1585565244.jpg',
    'https://www.themealdb.com/images/media/meals/k420tj1585565244.jpg',
    'test'
);

INSERT INTO Food_Ingredient (FoodID, Ingredient)
VALUES ('f101_0186', N'25g Bulgur Wheat');

INSERT INTO Food_Ingredient (FoodID, Ingredient)
VALUES ('f101_0186', N'500g Lamb Mince');

INSERT INTO Food_Ingredient (FoodID, Ingredient)
VALUES ('f101_0186', N'1 tsp Cumin');

INSERT INTO Food_Ingredient (FoodID, Ingredient)
VALUES ('f101_0186', N'1 tsp Coriander');

INSERT INTO Food_Ingredient (FoodID, Ingredient)
VALUES ('f101_0186', N'1 tsp Paprika');

INSERT INTO Food_Ingredient (FoodID, Ingredient)
VALUES ('f101_0186', N'1 clove finely chopped Garlic');

INSERT INTO Food_Ingredient (FoodID, Ingredient)
VALUES ('f101_0186', N'For frying Olive Oil');

INSERT INTO Food_Ingredient (FoodID, Ingredient)
VALUES ('f101_0186', N'4 Bun');

INSERT INTO Food_Ingredient (FoodID, Ingredient)
VALUES ('f101_0186', N'Grated Cucumber');

INSERT INTO Food_Ingredient (FoodID, Ingredient)
VALUES ('f101_0186', N'200g Greek Yogurt');

INSERT INTO Food_Ingredient (FoodID, Ingredient)
VALUES ('f101_0186', N'2 tbs Mint');

INSERT INTO Food (FoodID, Title, Description, Calories, Instructions, ImageURL, SourceURL, Partition)
VALUES (
    'f101_0187',
    N'15-minute chicken & halloumi burgers',
    N'Quick and flavorful burgers with tender chicken breasts, golden halloumi, and a spicy chili sauce, served in toasted buns with creamy cabbage and crisp lettuce.',
    1027,
    N'1. STEP 1

Put the chicken breasts between two pieces of baking parchment and use a rolling pin to gently bash them until they are approximately 1cm thick 2. Cut each chicken breast into two even pieces.

STEP 2

If you''re using a frying pan, heat two frying pans over medium-high heat, with one of them containing oil 3. Fry the chicken in the oiled pan for 3-4 mins on each side until they are cooked through 4. Season the chicken, reduce the heat, drizzle in the chilli sauce and half of the lemon juice, and cook for an additional 1-2 mins until the sauce is reduced 5. Remove the chicken from the heat.

STEP 3

If you''re using an air-fryer, preheat it to 180C for 4 mins 6. Add the chicken to the air-fryer and cook for 12 mins 7. Drizzle over the chilli sauce and half the lemon juice and cook for an additional 1-2 mins until the chicken is cooked through and the sauce is reduced 8. Remove the chicken and keep it warm.
STEP 4

While the chicken is cooking, toast the buns in the dry frying pan for 30 seconds 9. Transfer them to a plate 10. If you''re using an air fryer, put the buns in the air fryer for 1-2 mins until they are warm 11. Increase the air fryer temperature to 200C 12. Add the halloumi to the air fryer basket and cook for 10 mins, turning halfway through, until it''s golden 13. Toss the cabbage with the mayo and the remaining lemon juice.

STEP 5

Spoon the hummus (or dip of your choice) into the toasted buns, then top with the rocket, chilli chicken, halloumi, and peppers 14. Drizzle with a little more chilli sauce, spoon over the cabbage, season with black pepper, and top with the bun lids 15. Serve with any extra cabbage on the side or a green salad. 16. Assuming 2 servings',
    'https://www.themealdb.com/images/media/meals/vdwloy1713225718.jpg',
    'https://www.themealdb.com/images/media/meals/vdwloy1713225718.jpg',
    'test'
);

INSERT INTO Food_Ingredient (FoodID, Ingredient)
VALUES ('f101_0187', N'2 Chicken Breasts');

INSERT INTO Food_Ingredient (FoodID, Ingredient)
VALUES ('f101_0187', N'1 tbsp Oil');

INSERT INTO Food_Ingredient (FoodID, Ingredient)
VALUES ('f101_0187', N'4 tbsp Hotsauce');

INSERT INTO Food_Ingredient (FoodID, Ingredient)
VALUES ('f101_0187', N'½ Lemon Juice');

INSERT INTO Food_Ingredient (FoodID, Ingredient)
VALUES ('f101_0187', N'2 Buns');

INSERT INTO Food_Ingredient (FoodID, Ingredient)
VALUES ('f101_0187', N'250g Cheese');

INSERT INTO Food_Ingredient (FoodID, Ingredient)
VALUES ('f101_0187', N'¼ Cabbage');

INSERT INTO Food_Ingredient (FoodID, Ingredient)
VALUES ('f101_0187', N'2 tbsp Mayonnaise');

INSERT INTO Food_Ingredient (FoodID, Ingredient)
VALUES ('f101_0187', N'4 tbsp Sour Cream');

INSERT INTO Food_Ingredient (FoodID, Ingredient)
VALUES ('f101_0187', N'4 leaves Lettuce');

INSERT INTO Food_Ingredient (FoodID, Ingredient)
VALUES ('f101_0187', N'2 Red Pepper');

INSERT INTO Food (FoodID, Title, Description, Calories, Instructions, ImageURL, SourceURL, Partition)
VALUES (
    'f101_0188',
    N'Bitterballen (Dutch meatballs)',
    N'Crispy Dutch snacks featuring a creamy, savory beef filling coated in breadcrumbs and deep-fried to golden perfection, served with mustard for dipping.',
    253,
    N'1. Melt the butter in a skillet or pan 2. When melted, add the flour little by little and stir into a thick paste 3. Slowly stir in the stock, making sure the roux absorbs the liquid 4. Simmer for a couple of minutes on a low heat while you stir in the onion, parsley and the shredded meat 5. The mixture should thicken and turn into a heavy, thick sauce.

Pour the mixture into a shallow container, cover and refrigerate for several hours, or until the sauce has solidified.

Take a heaping tablespoon of the cold, thick sauce and quickly roll it into a small ball 6. Roll lightly through the flour, then the egg and finally the breadcrumbs 7. Make sure that the egg covers the whole surface of the bitterbal 8. When done, refrigerate the snacks while the oil in your fryer heats up to 190C (375F) 9. Fry four bitterballen at a time, until golden.

Serve on a plate with a nice grainy or spicy mustard 10. Assuming 10 servings',
    'https://www.themealdb.com/images/media/meals/lhqev81565090111.jpg',
    'https://www.themealdb.com/images/media/meals/lhqev81565090111.jpg',
    'test'
);

INSERT INTO Food_Ingredient (FoodID, Ingredient)
VALUES ('f101_0188', N'100g Butter');

INSERT INTO Food_Ingredient (FoodID, Ingredient)
VALUES ('f101_0188', N'150g Flour');

INSERT INTO Food_Ingredient (FoodID, Ingredient)
VALUES ('f101_0188', N'700ml Beef Stock');

INSERT INTO Food_Ingredient (FoodID, Ingredient)
VALUES ('f101_0188', N'30g Onion');

INSERT INTO Food_Ingredient (FoodID, Ingredient)
VALUES ('f101_0188', N'1 tbs Parsley');

INSERT INTO Food_Ingredient (FoodID, Ingredient)
VALUES ('f101_0188', N'400g Beef');

INSERT INTO Food_Ingredient (FoodID, Ingredient)
VALUES ('f101_0188', N'Pinch Salt');

INSERT INTO Food_Ingredient (FoodID, Ingredient)
VALUES ('f101_0188', N'Pinch Pepper');

INSERT INTO Food_Ingredient (FoodID, Ingredient)
VALUES ('f101_0188', N'Pinch Nutmeg');

INSERT INTO Food_Ingredient (FoodID, Ingredient)
VALUES ('f101_0188', N'50g Flour');

INSERT INTO Food_Ingredient (FoodID, Ingredient)
VALUES ('f101_0188', N'2 Beaten Eggs');

INSERT INTO Food_Ingredient (FoodID, Ingredient)
VALUES ('f101_0188', N'50g Breadcrumbs');

INSERT INTO Food (FoodID, Title, Description, Calories, Instructions, ImageURL, SourceURL, Partition)
VALUES (
    'f101_0189',
    N'Pancakes',
    N'Classic fluffy pancakes made with a simple batter, cooked to golden perfection, and served with sweet toppings like sugar, raspberries, or blueberries for a delightful breakfast.',
    210,
    N'1. Put the flour, eggs, milk, 1 tbsp oil and a pinch of salt into a bowl or large jug, then whisk to a smooth batter 2. Set aside for 30 mins to rest if you have time, or start cooking straight away.
Set a medium frying pan or crêpe pan over a medium heat and carefully wipe it with some oiled kitchen paper 3. When hot, cook your pancakes for 1 min on each side until golden, keeping them warm in a low oven as you go.
Serve with lemon wedges and sugar, or your favourite filling 4. Once cold, you can layer the pancakes between baking parchment, then wrap in cling film and freeze for up to 2 months. 5. Assuming 4 servings',
    'https://www.themealdb.com/images/media/meals/rwuyqx1511383174.jpg',
    'https://www.themealdb.com/images/media/meals/rwuyqx1511383174.jpg',
    'test'
);

INSERT INTO Food_Ingredient (FoodID, Ingredient)
VALUES ('f101_0189', N'100g Flour');

INSERT INTO Food_Ingredient (FoodID, Ingredient)
VALUES ('f101_0189', N'2 large Eggs');

INSERT INTO Food_Ingredient (FoodID, Ingredient)
VALUES ('f101_0189', N'300ml Milk');

INSERT INTO Food_Ingredient (FoodID, Ingredient)
VALUES ('f101_0189', N'1 tbls Sunflower Oil');

INSERT INTO Food_Ingredient (FoodID, Ingredient)
VALUES ('f101_0189', N'to serve Sugar');

INSERT INTO Food_Ingredient (FoodID, Ingredient)
VALUES ('f101_0189', N'to serve Raspberries');

INSERT INTO Food_Ingredient (FoodID, Ingredient)
VALUES ('f101_0189', N'to serve Blueberries');

INSERT INTO Food (FoodID, Title, Description, Calories, Instructions, ImageURL, SourceURL, Partition)
VALUES (
    'f101_0190',
    N'Blini Pancakes',
    N'Delicate Russian pancakes made with buckwheat flour, served warm with a light, fluffy texture, perfect for pairing with savory or sweet toppings.',
    224,
    N'1. In a large bowl, whisk together 1/2 cup buckwheat flour, 2/3 cup all-purpose flour, 1/2 teaspoon salt, and 1 teaspoon yeast.

Make a well in the center and pour in 1 cup warm milk, whisking until the batter is smooth.

Cover the bowl and let the batter rise until doubled, about 1 hour.

Enrich and Rest the Batter
Stir 2 tablespoons melted butter and 1 egg yolk into the batter.

In a separate bowl, whisk 1 egg white until stiff, but not dry.

Fold the whisked egg white into the batter.

Cover the bowl and let the batter stand 20 minutes.

Pan-Fry the Blini
Heat butter in a large nonstick skillet over medium heat.

Drop quarter-sized dollops of batter into the pan, being careful not to overcrowd the pan 2. Cook for about 1 minute or until bubbles form.

Turn and cook for about 30 additional seconds.

Remove the finished blini onto a plate and cover them with a clean kitchen towel to keep warm 3. Add more butter to the pan and repeat the frying process with the remaining batter. 4. Assuming 4 servings',
    'https://www.themealdb.com/images/media/meals/0206h11699013358.jpg',
    'https://www.themealdb.com/images/media/meals/0206h11699013358.jpg',
    'test'
);

INSERT INTO Food_Ingredient (FoodID, Ingredient)
VALUES ('f101_0190', N'1/2 cup Buckwheat');

INSERT INTO Food_Ingredient (FoodID, Ingredient)
VALUES ('f101_0190', N'2/3 Cup Flour');

INSERT INTO Food_Ingredient (FoodID, Ingredient)
VALUES ('f101_0190', N'1/2 tsp Salt');

INSERT INTO Food_Ingredient (FoodID, Ingredient)
VALUES ('f101_0190', N'1 tsp Yeast');

INSERT INTO Food_Ingredient (FoodID, Ingredient)
VALUES ('f101_0190', N'1 cup Milk');

INSERT INTO Food_Ingredient (FoodID, Ingredient)
VALUES ('f101_0190', N'2 tbs Butter');

INSERT INTO Food_Ingredient (FoodID, Ingredient)
VALUES ('f101_0190', N'1 Seperated Egg');

INSERT INTO Food (FoodID, Title, Description, Calories, Instructions, ImageURL, SourceURL, Partition)
VALUES (
    'f101_0191',
    N'Banana Pancakes',
    N'',
    268,
    N'1. In a bowl, mash the banana with a fork until it resembles a thick purée 2. Stir in the eggs, baking powder and vanilla.
Heat a large non-stick frying pan or pancake pan over a medium heat and brush with half the oil 3. Using half the batter, spoon two pancakes into the pan, cook for 1-2 mins each side, then tip onto a plate 4. Repeat the process with the remaining oil and batter 5. Top the pancakes with the pecans and raspberries. 6. Assuming 2 servings',
    'https://www.themealdb.com/images/media/meals/sywswr1511383814.jpg',
    'https://www.themealdb.com/images/media/meals/sywswr1511383814.jpg',
    'test'
);

INSERT INTO Food_Ingredient (FoodID, Ingredient)
VALUES ('f101_0191', N'1 large Banana');

INSERT INTO Food_Ingredient (FoodID, Ingredient)
VALUES ('f101_0191', N'2 medium Eggs');

INSERT INTO Food_Ingredient (FoodID, Ingredient)
VALUES ('f101_0191', N'pinch Baking Powder');

INSERT INTO Food_Ingredient (FoodID, Ingredient)
VALUES ('f101_0191', N'spinkling Vanilla Extract');

INSERT INTO Food_Ingredient (FoodID, Ingredient)
VALUES ('f101_0191', N'1 tsp Oil');

INSERT INTO Food_Ingredient (FoodID, Ingredient)
VALUES ('f101_0191', N'25g Pecan Nuts');

INSERT INTO Food_Ingredient (FoodID, Ingredient)
VALUES ('f101_0191', N'125g Raspberries');

INSERT INTO Food (FoodID, Title, Description, Calories, Instructions, ImageURL, SourceURL, Partition)
VALUES (
    'f101_0192',
    N'Polskie Nalesniki (Polish Pancakes)',
    N'Thin, crepe-like Polish pancakes made with a smooth batter and fried until golden, ready to be filled with sweet or savory ingredients of your choice.',
    254,
    N'1. Add flour, eggs, milk, water, and salt in a large bowl then mix with a hand mixer until you have a smooth, lump-free batter.
At this point, mix in the butter or the vegetable oil 2. Alternatively, you can use them to grease the pan before frying each pancake.
Heat a non-stick pan over medium heat, then pour in the batter, swirling the pan to help it spread.
When the pancake starts pulling away a bit from the sides, and the top is no longer wet, flip it and cook shortly on the other side as well.
Transfer to a plate 3. Cook the remaining batter until all used up.
Serve warm, with the filling of your choice. 4. Assuming 2 servings',
    'https://www.themealdb.com/images/media/meals/58bkyo1593350017.jpg',
    'https://www.themealdb.com/images/media/meals/58bkyo1593350017.jpg',
    'test'
);

INSERT INTO Food_Ingredient (FoodID, Ingredient)
VALUES ('f101_0192', N'1 cup Flour');

INSERT INTO Food_Ingredient (FoodID, Ingredient)
VALUES ('f101_0192', N'2 Eggs');

INSERT INTO Food_Ingredient (FoodID, Ingredient)
VALUES ('f101_0192', N'1 cup Milk');

INSERT INTO Food_Ingredient (FoodID, Ingredient)
VALUES ('f101_0192', N'3/4 cup Water');

INSERT INTO Food_Ingredient (FoodID, Ingredient)
VALUES ('f101_0192', N'Pinch Salt');

INSERT INTO Food_Ingredient (FoodID, Ingredient)
VALUES ('f101_0192', N'1 tsp Sugar');

INSERT INTO Food_Ingredient (FoodID, Ingredient)
VALUES ('f101_0192', N'3 tbs Butter');

INSERT INTO Food (FoodID, Title, Description, Calories, Instructions, ImageURL, SourceURL, Partition)
VALUES (
    'f101_0194',
    N'Chick-Fil-A Sandwich',
    N'A copycat version of the iconic Chick-Fil-A sandwich featuring juicy chicken breast marinated in pickle juice, seasoned, and fried to crispy perfection, served in a sesame bun.',
    703,
    N'1. Wrap the chicken loosely between plastic wrap and pound gently with the flat side of a meat tenderizer until about 1/2 inch thick all around.
Cut into two pieces, as even as possible.
Marinate in the pickle juice for 30 minutes to one hour (add a teaspoon of Tabasco sauce now for a spicy sandwich).
Beat the egg with the milk in a bowl.
Combine the flour, sugar, and spices in another bowl.
Dip the chicken pieces each into the egg on both sides, then coat in flour on both sides.
Heat the oil in a skillet (1/2 inch deep) to about 345-350.
Fry each cutlet for 2 minutes on each side, or until golden and cooked through.
Blot on paper and serve on toasted buns with pickle slices. 2. Assuming 2 servings',
    'https://www.themealdb.com/images/media/meals/sbx7n71587673021.jpg',
    'https://www.themealdb.com/images/media/meals/sbx7n71587673021.jpg',
    'test'
);

INSERT INTO Food_Ingredient (FoodID, Ingredient)
VALUES ('f101_0194', N'1 Chicken Breast');

INSERT INTO Food_Ingredient (FoodID, Ingredient)
VALUES ('f101_0194', N'1/4 cup Pickle Juice');

INSERT INTO Food_Ingredient (FoodID, Ingredient)
VALUES ('f101_0194', N'1 Egg');

INSERT INTO Food_Ingredient (FoodID, Ingredient)
VALUES ('f101_0194', N'1/4 cup Milk');

INSERT INTO Food_Ingredient (FoodID, Ingredient)
VALUES ('f101_0194', N'1/2 cup Flour');

INSERT INTO Food_Ingredient (FoodID, Ingredient)
VALUES ('f101_0194', N'1 tbs Icing Sugar');

INSERT INTO Food_Ingredient (FoodID, Ingredient)
VALUES ('f101_0194', N'1/2 tsp Paprika');

INSERT INTO Food_Ingredient (FoodID, Ingredient)
VALUES ('f101_0194', N'1/2 tsp Salt');

INSERT INTO Food_Ingredient (FoodID, Ingredient)
VALUES ('f101_0194', N'1/4 tsp Black Pepper');

INSERT INTO Food_Ingredient (FoodID, Ingredient)
VALUES ('f101_0194', N'1/4 tsp Garlic Powder');

INSERT INTO Food_Ingredient (FoodID, Ingredient)
VALUES ('f101_0194', N'1/4 tsp Celery Salt');

INSERT INTO Food_Ingredient (FoodID, Ingredient)
VALUES ('f101_0194', N'1/2 tsp Cayenne Pepper');

INSERT INTO Food_Ingredient (FoodID, Ingredient)
VALUES ('f101_0194', N'1 cup Olive Oil');

INSERT INTO Food_Ingredient (FoodID, Ingredient)
VALUES ('f101_0194', N'1 Sesame Seed Burger Buns');

INSERT INTO Food (FoodID, Title, Description, Calories, Instructions, ImageURL, SourceURL, Partition)
VALUES (
    'f101_0195',
    N'Grilled Mac and Cheese Sandwich',
    N'An indulgent comfort food mashup of creamy mac and cheese layered between slices of buttery, golden-grilled bread with melted Cheddar and Jack cheeses.',
    244,
    N'1. Make the mac and cheese

1 2. Bring a medium saucepan of generously salted water (you want it to taste like seawater) to a boil 3. Add the pasta and cook, stirring occasionally, until al dente, 8 to 10 minutes, or according to the package directions 4. The pasta should be tender but still chewy.
2 5. While the pasta is cooking, in a small bowl, whisk together the flour, mustard powder, garlic powder, salt, black pepper, and cayenne pepper.
3 6. Drain the pasta in a colander 7. Place the empty pasta pan (no need to wash it) over low heat and add the butter 8. When the butter has melted, whisk in the flour mixture and continue to cook, whisking frequently, until the mixture is beginning to brown and has a pleasant, nutty aroma, about 1 minute 9. Watch carefully so it does not scorch on the bottom of the pan.
4 10. Slowly whisk the milk and cream into the flour mixture until everything is really well combined 11. Cook, whisking constantly, until the sauce is heated through and just begins to thicken, about 2 minutes 12. Remove from the heat 13. Gradually add the cheese while stirring constantly with a wooden spoon or silicone spatula and keep stirring until the cheese has melted into the sauce 14. Then stir in the drained cooked pasta.
5 15. Line a 9-by-13-inch (23-by-33-centimeter) rimmed baking sheet with parchment paper or aluminum foil 16. Coat the paper or foil with nonstick cooking spray or slick it with butter 17. Pour the warm mac and cheese onto the prepared baking sheet and spread it evenly with a spatula 18. Coat another piece of parchment paper with cooking spray or butter and place it, oiled or buttered side down, directly on the surface of the mac and cheese 19. Refrigerate until cool and firm, about 1 hour.

Make the grilled cheese
6 20. Heat a large cast-iron or nonstick skillet over medium-low heat.
7 21. In a small bowl, stir together the 4 tablespoons (55 grams) butter and garlic powder until well blended.
8 22. Remove the mac and cheese from the refrigerator and peel off the top layer of parchment paper 23. Carefully cut into 8 equal pieces 24. Each piece will make 1 grilled mac and cheese sandwich 25. (You can stash each individual portion in a double layer of resealable plastic bags and refrigerate for up to 3 days or freeze it for up to 1 month.)
9 26. Spread 3/4 teaspoon garlic butter on one side of each bread slice 27. Place half of the slices, buttered-side down, on a clean cutting board 28. Top each with one slice of Cheddar, then 1 piece of the mac and cheese 29. (Transfer from the baking sheet by scooting your hand or a spatula under each piece of mac and cheese and then flipping it over onto a sandwich.) Place 1 slice of Jack on top of each 30. Finish with the remaining bread slices, buttered-side up.
10 31. Using a wide spatula, place as many sandwiches in the pan as will fit without crowding it 32. Cover and cook until the bottoms are nicely browned, about 4 minutes 33. Turn and cook until the second sides are browned, the cheese is melted, and the mac and cheese is heated through, about 4 minutes more.
11 34. Repeat with the remaining ingredients 35. Cut the sandwiches in half, if desired, and serve. 36. Assuming 4 servings',
    'https://www.themealdb.com/images/media/meals/xutquv1505330523.jpg',
    'https://www.themealdb.com/images/media/meals/xutquv1505330523.jpg',
    'test'
);

INSERT INTO Food_Ingredient (FoodID, Ingredient)
VALUES ('f101_0195', N'8 ounces (230 grams) Macaroni');

INSERT INTO Food_Ingredient (FoodID, Ingredient)
VALUES ('f101_0195', N'1/3 cup Plain Flour');

INSERT INTO Food_Ingredient (FoodID, Ingredient)
VALUES ('f101_0195', N'3/4 teaspoon Mustard Powder');

INSERT INTO Food_Ingredient (FoodID, Ingredient)
VALUES ('f101_0195', N'1/2 teaspoon Garlic powder');

INSERT INTO Food_Ingredient (FoodID, Ingredient)
VALUES ('f101_0195', N'1/2 teaspoon Kosher salt');

INSERT INTO Food_Ingredient (FoodID, Ingredient)
VALUES ('f101_0195', N'1/2 teaspoon Black pepper');

INSERT INTO Food_Ingredient (FoodID, Ingredient)
VALUES ('f101_0195', N'1/8 teaspoon Cayenne pepper');

INSERT INTO Food_Ingredient (FoodID, Ingredient)
VALUES ('f101_0195', N'6 tablespoons (85 grams) Butter');

INSERT INTO Food_Ingredient (FoodID, Ingredient)
VALUES ('f101_0195', N'1 1/2 cups (360 milliliters) Whole Milk');

INSERT INTO Food_Ingredient (FoodID, Ingredient)
VALUES ('f101_0195', N'1 cup (240 milliliters) Heavy Cream');

INSERT INTO Food_Ingredient (FoodID, Ingredient)
VALUES ('f101_0195', N'1 pound (455 grams) Monterey Jack Cheese');

INSERT INTO Food_Ingredient (FoodID, Ingredient)
VALUES ('f101_0195', N'4 tablespoons (55 grams) Butter');

INSERT INTO Food_Ingredient (FoodID, Ingredient)
VALUES ('f101_0195', N'1 teaspoon garlic powder');

INSERT INTO Food_Ingredient (FoodID, Ingredient)
VALUES ('f101_0195', N'16 slices square Bread');

INSERT INTO Food_Ingredient (FoodID, Ingredient)
VALUES ('f101_0195', N'8 slices mild Cheddar Cheese');

INSERT INTO Food_Ingredient (FoodID, Ingredient)
VALUES ('f101_0195', N'8 slices Colby Jack Cheese');

INSERT INTO Food_Ingredient (FoodID, Ingredient)
VALUES ('f101_0195', N'4 tablespoons (55 grams) Butter');

INSERT INTO Food (FoodID, Title, Description, Calories, Instructions, ImageURL, SourceURL, Partition)
VALUES (
    'f101_0196',
    N'Shrimp Chow Fun',
    N'A Cantonese stir-fry dish made with rice noodles, succulent shrimp, crisp vegetables, and a savory sauce, delivering a balance of texture and umami flavor in every bite.',
    441,
    N'1. STEP 1 - SOAK THE RICE NOODLES
Soak the rice noodles overnight untill they are soft
STEP 2 - BOIL THE RICE NOODLES
Boil the noodles for 10-15 minutes and then rinse with cold water to stop the cooking process of the noodles.
STEP 3 -MARINATING THE SHRIMP
In a bowl add the shrimp, egg, 1 pinch of white pepper, 1 Teaspoon of sesame seed oil, 1 Tablespoon corn starch and 1 tablespoon of oil
Mix together well
STEP 4 - STIR FRY
In a wok add 2 Tablespoons of oil, shrimp and stir fry them until it is golden brown
Set the shrimp aside
Add 1 Tablespoon of oil to the work and then add minced garlic, ginger and all of the vegetables.
Add the noodles to the wok
Next add sherry cooking wine, oyster sauce, sugar, vinegar, sesame seed oil, 1 pinch white pepper, and soy sauce
Add back in the shrimp
To thicken the sauce, whisk together 1 Tablespoon of corn starch and 2 Tablespoon of water in a bowl and slowly add to your stir-fry until it''s the right thickness. 2. Assuming 4 servings',
    'https://www.themealdb.com/images/media/meals/1529445434.jpg',
    'https://www.themealdb.com/images/media/meals/1529445434.jpg',
    'test'
);

INSERT INTO Food_Ingredient (FoodID, Ingredient)
VALUES ('f101_0196', N'1/2 bag Rice Stick Noodles');

INSERT INTO Food_Ingredient (FoodID, Ingredient)
VALUES ('f101_0196', N'8 oz Prawns');

INSERT INTO Food_Ingredient (FoodID, Ingredient)
VALUES ('f101_0196', N'1/2 Egg');

INSERT INTO Food_Ingredient (FoodID, Ingredient)
VALUES ('f101_0196', N'pinch Pepper');

INSERT INTO Food_Ingredient (FoodID, Ingredient)
VALUES ('f101_0196', N'2 tsp Sesame Seed Oil');

INSERT INTO Food_Ingredient (FoodID, Ingredient)
VALUES ('f101_0196', N'2 tbs Cornstarch');

INSERT INTO Food_Ingredient (FoodID, Ingredient)
VALUES ('f101_0196', N'4 tbs Oil');

INSERT INTO Food_Ingredient (FoodID, Ingredient)
VALUES ('f101_0196', N'1 tsp Minced Garlic');

INSERT INTO Food_Ingredient (FoodID, Ingredient)
VALUES ('f101_0196', N'1 tsp Ginger');

INSERT INTO Food_Ingredient (FoodID, Ingredient)
VALUES ('f101_0196', N'1/2 cup Onion');

INSERT INTO Food_Ingredient (FoodID, Ingredient)
VALUES ('f101_0196', N'1 cup Bean Sprouts');

INSERT INTO Food_Ingredient (FoodID, Ingredient)
VALUES ('f101_0196', N'1/2 cup Spring Onions');

INSERT INTO Food_Ingredient (FoodID, Ingredient)
VALUES ('f101_0196', N'1 tbs Cooking wine');

INSERT INTO Food_Ingredient (FoodID, Ingredient)
VALUES ('f101_0196', N'1 tbs Oyster Sauce');

INSERT INTO Food_Ingredient (FoodID, Ingredient)
VALUES ('f101_0196', N'1/2 tbs Sugar');

INSERT INTO Food_Ingredient (FoodID, Ingredient)
VALUES ('f101_0196', N'1/2 tbs Vinegar');

INSERT INTO Food_Ingredient (FoodID, Ingredient)
VALUES ('f101_0196', N'1 tbs Soy Sauce');

INSERT INTO Food (FoodID, Title, Description, Calories, Instructions, ImageURL, SourceURL, Partition)
VALUES (
    'f101_0197',
    N'Tuna Nicoise',
    N'A classic French salad featuring flaky tuna, crisp roasted potatoes, eggs, fresh greens, and a tangy vinaigrette for a light yet satisfying meal.',
    543,
    N'1. Heat oven to 200C/fan 180C/gas 6 2. Toss the potatoes with 2 tsp oil and some seasoning 3. Tip onto a large baking tray, then roast for 20 mins, stirring halfway, until crisp, golden and cooked through.
Meanwhile, put eggs in a small pan of water, bring to the boil, then simmer for 8-10 mins, depending on how you like them cooked 4. Plunge into a bowl of cold water to cool for a few mins 5. Peel away the shells, then cut into halves.
In a large salad bowl, whisk together the remaining oil, red wine vinegar, capers and chopped tomatoes 6. Season, tip in the onion, spinach, tuna and potatoes, then gently toss together 7. Top with the eggs, then serve straight away. 8. Assuming 2 servings',
    'https://www.themealdb.com/images/media/meals/yypwwq1511304979.jpg',
    'https://www.themealdb.com/images/media/meals/yypwwq1511304979.jpg',
    'test'
);

INSERT INTO Food_Ingredient (FoodID, Ingredient)
VALUES ('f101_0197', N'450g Potatoes');

INSERT INTO Food_Ingredient (FoodID, Ingredient)
VALUES ('f101_0197', N'2 tblsp Olive Oil');

INSERT INTO Food_Ingredient (FoodID, Ingredient)
VALUES ('f101_0197', N'4 Eggs');

INSERT INTO Food_Ingredient (FoodID, Ingredient)
VALUES ('f101_0197', N'1 tbls Red Wine Vinegar');

INSERT INTO Food_Ingredient (FoodID, Ingredient)
VALUES ('f101_0197', N'2 tblsp Capers');

INSERT INTO Food_Ingredient (FoodID, Ingredient)
VALUES ('f101_0197', N'50g Sunflower Oil');

INSERT INTO Food_Ingredient (FoodID, Ingredient)
VALUES ('f101_0197', N'½ Red Onions');

INSERT INTO Food_Ingredient (FoodID, Ingredient)
VALUES ('f101_0197', N'100g Spinach');

INSERT INTO Food_Ingredient (FoodID, Ingredient)
VALUES ('f101_0197', N'400g Tuna');

INSERT INTO Food (FoodID, Title, Description, Calories, Instructions, ImageURL, SourceURL, Partition)
VALUES (
    'f101_0198',
    N'Tuna and Egg Briks',
    N'A North African-inspired savory pastry filled with tuna, spinach, and egg mixture, wrapped in flaky filo pastry and baked to golden perfection.',
    185,
    N'1. Heat 2 tsp of the oil in a large saucepan and cook the spring onions over a low heat for 3 minutes or until beginning to soften 2. Add the spinach, cover with a tight-fitting lid and cook for a further 2–3 minutes or until tender and wilted, stirring once or twice 3. Tip the mixture into a sieve or colander and leave to drain and cool.
Using a saucer as a guide, cut out 24 rounds about 12.5 cm (5 in) in diameter from the filo pastry, cutting 6 rounds from each sheet 4. Stack the filo rounds in a pile, then cover with cling film to prevent them from drying out.
When the spinach mixture is cool, squeeze out as much excess liquid as possible, then transfer to a bowl 5. Add the tuna, eggs, hot pepper sauce, and salt and pepper to taste 6. Mix well.
Preheat the oven to 200°C (400°F, gas mark 6) 7. Take one filo round and very lightly brush with some of the remaining oil 8. Top with a second round and brush with a little oil, then place a third round on top and brush with oil.
Place a heaped tbsp of the filling in the middle of the round, then fold the pastry over to make a half-moon shape 9. Fold in the edges, twisting them to seal, and place on a non-stick baking sheet 10. Repeat with the remaining pastry and filling to make 8 briks in all.
Lightly brush the briks with the remaining oil 11. Bake for 12–15 minutes or until the pastry is crisp and golden brown.
Meanwhile, combine the tomatoes and cucumber in a bowl and sprinkle with the lemon juice and seasoning to taste 12. Serve the briks hot with this salad and the chutney. 13. Assuming 3 servings',
    'https://www.themealdb.com/images/media/meals/2dsltq1560461468.jpg',
    'https://www.themealdb.com/images/media/meals/2dsltq1560461468.jpg',
    'test'
);

INSERT INTO Food_Ingredient (FoodID, Ingredient)
VALUES ('f101_0198', N'2 tbs Olive Oil');

INSERT INTO Food_Ingredient (FoodID, Ingredient)
VALUES ('f101_0198', N'8 Spring Onions');

INSERT INTO Food_Ingredient (FoodID, Ingredient)
VALUES ('f101_0198', N'200g Spinach');

INSERT INTO Food_Ingredient (FoodID, Ingredient)
VALUES ('f101_0198', N'4 Filo Pastry');

INSERT INTO Food_Ingredient (FoodID, Ingredient)
VALUES ('f101_0198', N'1 can Tuna');

INSERT INTO Food_Ingredient (FoodID, Ingredient)
VALUES ('f101_0198', N'2 Eggs');

INSERT INTO Food_Ingredient (FoodID, Ingredient)
VALUES ('f101_0198', N'Dash Hotsauce');

INSERT INTO Food_Ingredient (FoodID, Ingredient)
VALUES ('f101_0198', N'4 Chopped Tomatoes');

INSERT INTO Food_Ingredient (FoodID, Ingredient)
VALUES ('f101_0198', N'1/4 Cucumber');

INSERT INTO Food_Ingredient (FoodID, Ingredient)
VALUES ('f101_0198', N'1 tbs Lemon Juice');

INSERT INTO Food_Ingredient (FoodID, Ingredient)
VALUES ('f101_0198', N'4 tbs Apricot Jam');

INSERT INTO Food (FoodID, Title, Description, Calories, Instructions, ImageURL, SourceURL, Partition)
VALUES (
    'f101_0199',
    N'Lamb Tagine',
    N'A Moroccan-style stew combining tender lamb, sweet apricots, warming spices, and vegetables, slow-cooked to create a rich, aromatic dish served with couscous.',
    394,
    N'1. Heat the olive oil in a heavy-based pan and add the onion and carrot 2. Cook for 3- 4 mins until softened.

Add the diced lamb and brown all over 3. Stir in the garlic and all the spices and cook for a few mins more or until the aromas are released.

Add the honey and apricots, crumble in the stock cube and pour over roughly 500ml boiling water or enough to cover the meat 4. Give it a good stir and bring to the boil 5. Turn down to a simmer, put the lid on and cook for 1 hour.

Remove the lid and cook for a further 30 mins, then stir in the squash 6. Cook for 20 – 30 mins more until the squash is soft and the lamb is tender 7. Serve alongside rice or couscous and sprinkle with parsley and pine nuts, if using. 8. Assuming 6 servings',
    'https://www.themealdb.com/images/media/meals/yuwtuu1511295751.jpg',
    'https://www.themealdb.com/images/media/meals/yuwtuu1511295751.jpg',
    'test'
);

INSERT INTO Food_Ingredient (FoodID, Ingredient)
VALUES ('f101_0199', N'2 tblsp Olive Oil');

INSERT INTO Food_Ingredient (FoodID, Ingredient)
VALUES ('f101_0199', N'1 finely sliced Onion');

INSERT INTO Food_Ingredient (FoodID, Ingredient)
VALUES ('f101_0199', N'2 chopped Carrots');

INSERT INTO Food_Ingredient (FoodID, Ingredient)
VALUES ('f101_0199', N'500g Lamb Leg');

INSERT INTO Food_Ingredient (FoodID, Ingredient)
VALUES ('f101_0199', N'2 cloves minced Garlic');

INSERT INTO Food_Ingredient (FoodID, Ingredient)
VALUES ('f101_0199', N'½ tsp Cumin');

INSERT INTO Food_Ingredient (FoodID, Ingredient)
VALUES ('f101_0199', N'½ tsp Ginger');

INSERT INTO Food_Ingredient (FoodID, Ingredient)
VALUES ('f101_0199', N'¼ tsp Saffron');

INSERT INTO Food_Ingredient (FoodID, Ingredient)
VALUES ('f101_0199', N'1 tsp Cinnamon');

INSERT INTO Food_Ingredient (FoodID, Ingredient)
VALUES ('f101_0199', N'1 tblsp Honey');

INSERT INTO Food_Ingredient (FoodID, Ingredient)
VALUES ('f101_0199', N'100g Apricot');

INSERT INTO Food_Ingredient (FoodID, Ingredient)
VALUES ('f101_0199', N'1 Vegetable Stock Cube');

INSERT INTO Food_Ingredient (FoodID, Ingredient)
VALUES ('f101_0199', N'1 medium chopped Butternut Squash');

INSERT INTO Food_Ingredient (FoodID, Ingredient)
VALUES ('f101_0199', N'Steamed Couscous');

INSERT INTO Food_Ingredient (FoodID, Ingredient)
VALUES ('f101_0199', N'Chopped Parsley');

INSERT INTO Food (FoodID, Title, Description, Calories, Instructions, ImageURL, SourceURL, Partition)
VALUES (
    'f101_0200',
    N'Lamb Biryani',
    N'A fragrant Indian rice dish made with layers of spiced lamb, basmati rice, saffron, and herbs, cooked to perfection for a flavorful feast.',
    382,
    N'1. Grind the cashew, poppy seeds and cumin seeds into a smooth paste, using as little water as possible 2. Set aside 3. Deep fry the sliced onions when it is hot 4. Don’t overcrowd the oil 5. When the onions turn light brown, remove from oil and drain on paper towel 6. The fried onion will crisp up as it drains 7. Also fry the cashewnuts till golden brown 8. Set aside.

Wash the rice and soak in water for twenty minutes.
Meanwhile, take a big wide pan, add oil in medium heat, add the sliced onions, add the blended paste, to it add the green chillies, ginger garlic paste and garlic and fry for a minute.
Then add the tomatoes and sauté them well till they are cooked and not mushy.

Then to it add the red chilli powder, biryani powder, mint, coriander leaves and sauté them well.
Add the yogurt and mix well 9. I always move the skillet away from the heat when adding yogurt which prevents it from curdling.

Now after returning the skillet back to the stove, add the washed lamb and salt and ½ cup water and mix well 10. Cook for 1 hour and cook it covered in medium low heat or put it in a pressure cooker for 6 whistles 11. If the water is not drained totally, heat it by keeping it open.

Take another big pan, add thrice the cup of rice you use, and boil it 12. When it is boiling high, add the rice, salt and jeera and mix well 13. After 7 minutes exact or when the rice is 80% done 14. Switch off and drain the rice.

Now, the layering starts 15. To the lamb, pat and level it 16. Add the drained hot rice on the top of it 17. Garnish with fried onions, ghee, mint, coriander leaves and saffron dissolved in milk.

Cover the dish and bake in a 350f oven for 15 minutes or till the cooked but not mushy 18. Or cook in the stove medium heat for 12 minutes and lowest heat for 5 minutes 19. And switch off 20. Mix and serve hot!
Notes
1 21. If you are cooking in oven, do make sure to cook in a big oven safe pan and cover it tight and then keep in oven for the final step.
2 22. You can skip biryani masala if you don’t have and add just garam masala (1 tsp and red chilli powder – 3 tsp instead of 1 tsp)
3 23. If it is spicy in the end, squeeze some lemon, it will reduce the heat and enhance the flavors also. 24. Assuming 6 servings',
    'https://www.themealdb.com/images/media/meals/xrttsx1487339558.jpg',
    'https://www.themealdb.com/images/media/meals/xrttsx1487339558.jpg',
    'test'
);

INSERT INTO Food_Ingredient (FoodID, Ingredient)
VALUES ('f101_0200', N'12 Cashew nuts');

INSERT INTO Food_Ingredient (FoodID, Ingredient)
VALUES ('f101_0200', N'½ tbsp Khus khus');

INSERT INTO Food_Ingredient (FoodID, Ingredient)
VALUES ('f101_0200', N'½ tbsp Cumin seeds');

INSERT INTO Food_Ingredient (FoodID, Ingredient)
VALUES ('f101_0200', N'3 sliced thinly Onions');

INSERT INTO Food_Ingredient (FoodID, Ingredient)
VALUES ('f101_0200', N'2 tsp Ginger garlic paste');

INSERT INTO Food_Ingredient (FoodID, Ingredient)
VALUES ('f101_0200', N'4 whole Garlic');

INSERT INTO Food_Ingredient (FoodID, Ingredient)
VALUES ('f101_0200', N'Leaves Mint');

INSERT INTO Food_Ingredient (FoodID, Ingredient)
VALUES ('f101_0200', N'Leaves Cilantro');

INSERT INTO Food_Ingredient (FoodID, Ingredient)
VALUES ('f101_0200', N'½ tsp dissolved in ½ cup warm milk Saffron');

INSERT INTO Food_Ingredient (FoodID, Ingredient)
VALUES ('f101_0200', N'2 tbsp Ghee');

INSERT INTO Food_Ingredient (FoodID, Ingredient)
VALUES ('f101_0200', N'2 Cups Basmati rice');

INSERT INTO Food_Ingredient (FoodID, Ingredient)
VALUES ('f101_0200', N'½ cup Full fat yogurt');

INSERT INTO Food_Ingredient (FoodID, Ingredient)
VALUES ('f101_0200', N'1 tbsp Cumin Seeds');

INSERT INTO Food_Ingredient (FoodID, Ingredient)
VALUES ('f101_0200', N'½ Bay leaf');

INSERT INTO Food_Ingredient (FoodID, Ingredient)
VALUES ('f101_0200', N'1 thin piece Cinnamon');

INSERT INTO Food_Ingredient (FoodID, Ingredient)
VALUES ('f101_0200', N'3 Cloves');

INSERT INTO Food_Ingredient (FoodID, Ingredient)
VALUES ('f101_0200', N'2 Cardamom');

INSERT INTO Food_Ingredient (FoodID, Ingredient)
VALUES ('f101_0200', N'1 lb Lamb');

INSERT INTO Food_Ingredient (FoodID, Ingredient)
VALUES ('f101_0200', N'1 tsp Red Chilli powder');

INSERT INTO Food_Ingredient (FoodID, Ingredient)
VALUES ('f101_0200', N'1 tbsp Biryani masala');

INSERT INTO Food (FoodID, Title, Description, Calories, Instructions, ImageURL, SourceURL, Partition)
VALUES (
    'f101_0201',
    N'Lamb Rogan josh',
    N'A classic Kashmiri curry featuring succulent lamb simmered in a richly spiced tomato and yogurt-based sauce, traditionally served with basmati rice.',
    402,
    N'1. Put the onions in a food processor and whizz until very finely chopped 2. Heat the oil in a large heavy-based pan, then fry the onion with the lid on, stirring every now and then, until it is really golden and soft 3. Add the garlic and ginger, then fry for 5 mins more.
Tip the curry paste, all the spices and the bay leaves into the pan, with the tomato purée 4. Stir well over the heat for about 30 secs, then add the meat and 300ml water 5. Stir to mix, turn down the heat, then add the yogurt.
Cover the pan, then gently simmer for 40-60 mins until the meat is tender and the sauce nice and thick 6. Serve scattered with coriander, with plain basmati or pilau rice. 7. Assuming 9 servings',
    'https://www.themealdb.com/images/media/meals/vvstvq1487342592.jpg',
    'https://www.themealdb.com/images/media/meals/vvstvq1487342592.jpg',
    'test'
);

INSERT INTO Food_Ingredient (FoodID, Ingredient)
VALUES ('f101_0201', N'2 quartered Onion');

INSERT INTO Food_Ingredient (FoodID, Ingredient)
VALUES ('f101_0201', N'4 tbsp Sunflower Oil');

INSERT INTO Food_Ingredient (FoodID, Ingredient)
VALUES ('f101_0201', N'4 cloves Garlic');

INSERT INTO Food_Ingredient (FoodID, Ingredient)
VALUES ('f101_0201', N'Thumb sized peeled and very finely grated Ginger');

INSERT INTO Food_Ingredient (FoodID, Ingredient)
VALUES ('f101_0201', N'2 tbsp Madras Paste');

INSERT INTO Food_Ingredient (FoodID, Ingredient)
VALUES ('f101_0201', N'2 tsp Paprika');

INSERT INTO Food_Ingredient (FoodID, Ingredient)
VALUES ('f101_0201', N'1 cinnamon stick');

INSERT INTO Food_Ingredient (FoodID, Ingredient)
VALUES ('f101_0201', N'6 bashed to break shells Cardamom');

INSERT INTO Food_Ingredient (FoodID, Ingredient)
VALUES ('f101_0201', N'4 Cloves');

INSERT INTO Food_Ingredient (FoodID, Ingredient)
VALUES ('f101_0201', N'2 Bay Leaf');

INSERT INTO Food_Ingredient (FoodID, Ingredient)
VALUES ('f101_0201', N'1 tbsp Tomato Purée');

INSERT INTO Food_Ingredient (FoodID, Ingredient)
VALUES ('f101_0201', N'1kg cubed Lamb');

INSERT INTO Food_Ingredient (FoodID, Ingredient)
VALUES ('f101_0201', N'150ml Greek yogurt');

INSERT INTO Food_Ingredient (FoodID, Ingredient)
VALUES ('f101_0201', N'Garnish chopped Coriander');

INSERT INTO Food (FoodID, Title, Description, Calories, Instructions, ImageURL, SourceURL, Partition)
VALUES (
    'f101_0202',
    N'Lamb Pilaf (Plov)',
    N'A hearty Uzbek rice dish combining tender lamb, prunes, and saffron-scented rice, simmered in rich stock for a sweet and savory main course.',
    399,
    N'1. Place the raisins and prunes into a small bowl and pour over enough water to cover 2. Add lemon juice and let soak for at least 1 hour 3. Drain 4. Roughly chop the prunes.

Meanwhile, heat the butter in a large pan, add the onion, and cook for 5 minutes 5. Add cubed lamb, ground lamb, and crushed garlic cloves 6. Fry for 5 minutes, stirring constantly until browned.

Pour 2/3 cup (150 milliliters) of stock into the pan 7. Bring to a boil, then lower the heat, cover, and simmer for 1 hour, or until the lamb is tender.

Add the remaining stock and bring to a boil 8. Add rinsed long-grain white rice and a large pinch of saffron 9. Stir, then cover, and simmer for 15 minutes, or until the rice is tender.

Add the drained raisins, drained chopped prunes, and salt and pepper to taste 10. Heat through for a few minutes, then turn out onto a warmed serving dish and garnish with sprigs of flat-leaf parsley. 11. Assuming 6 servings',
    'https://www.themealdb.com/images/media/meals/kos9av1699014767.jpg',
    'https://www.themealdb.com/images/media/meals/kos9av1699014767.jpg',
    'test'
);

INSERT INTO Food_Ingredient (FoodID, Ingredient)
VALUES ('f101_0202', N'50g Lamb');

INSERT INTO Food_Ingredient (FoodID, Ingredient)
VALUES ('f101_0202', N'120g Prunes');

INSERT INTO Food_Ingredient (FoodID, Ingredient)
VALUES ('f101_0202', N'1 tbs Lemon Juice');

INSERT INTO Food_Ingredient (FoodID, Ingredient)
VALUES ('f101_0202', N'2 tbs Butter');

INSERT INTO Food_Ingredient (FoodID, Ingredient)
VALUES ('f101_0202', N'1 chopped Onion');

INSERT INTO Food_Ingredient (FoodID, Ingredient)
VALUES ('f101_0202', N'450g Lamb');

INSERT INTO Food_Ingredient (FoodID, Ingredient)
VALUES ('f101_0202', N'2 cloves Garlic');

INSERT INTO Food_Ingredient (FoodID, Ingredient)
VALUES ('f101_0202', N'600ml Vegetable Stock');

INSERT INTO Food_Ingredient (FoodID, Ingredient)
VALUES ('f101_0202', N'2 cups Rice');

INSERT INTO Food_Ingredient (FoodID, Ingredient)
VALUES ('f101_0202', N'Pinch Saffron');

INSERT INTO Food_Ingredient (FoodID, Ingredient)
VALUES ('f101_0202', N'Garnish Parsley');

INSERT INTO Food (FoodID, Title, Description, Calories, Instructions, ImageURL, SourceURL, Partition)
VALUES (
    'f101_0204',
    N'Croatian lamb peka',
    N'A traditional Croatian dish of lamb and mixed vegetables slow-cooked with white wine and herbs in a covered clay or cast-iron pot, delivering tender meat and rich Mediterranean flavors.',
    329,
    N'1. Preheat oven to 200°C fan / 220°C / 425°F / Gas mark 7
If you have not bought diced lamb, cut your lamb shoulder or leg into large chunks and place to one side.
Chunks of chopped lamb of a red chopping board
Make oil marinade -
Mix 80ml of olive oil in a bowl with garlic puree, sundried tomato puree ,black pepper and salt.
olive oil, gia sundried tomato puree and gia garlic puree and black pepper mixed together in a silver bowl to make Croatian peka
Add potatoes and vegetables into a large lidded casserole dish.
Chopped up vegetables which consist of chopped up red onion, courgette, potatoes red peppers in a cast iron pan
Place diced lamb on top of the vegetables, pour the marinade and wine over the top.
Chunks of lamb covered in in a sundried tomato oil sauce which is on top of chopped red onion, aubergine, courgette and potatoes in a cast iron pan
Add the rosemary, thyme and sage, trying to keep the herbs on top.
So you can easily remove the herb stalks once cooked.
Chunks of lamb coated in a sundried tomato oil sauce and covered with thyme, rosemary and sage which is on top of chopped red onion, aubergine, courgette and potatoes in a cast iron pan
Place lid on the casserole dish and cook for 1hr 30 minute
If you do not have a lid cover very well with kitchen foil
Cast iron dish with lid on in the oven
Take the lid off, remove any thick herb stems 2. Stir in 2 tbsp of olive oil.
Cook for a further 20-30 mins.
Cooked Croatian Lamb Peka in a cast iron pan in the oven
Serve with fresh homemade bread to dip into the juices. 3. Assuming 3 servings',
    'https://www.themealdb.com/images/media/meals/pn59o51628769837.jpg',
    'https://www.themealdb.com/images/media/meals/pn59o51628769837.jpg',
    'test'
);

INSERT INTO Food_Ingredient (FoodID, Ingredient)
VALUES ('f101_0204', N'600g Potatoes');

INSERT INTO Food_Ingredient (FoodID, Ingredient)
VALUES ('f101_0204', N'1 chopped Courgettes');

INSERT INTO Food_Ingredient (FoodID, Ingredient)
VALUES ('f101_0204', N'1 chopped Carrots');

INSERT INTO Food_Ingredient (FoodID, Ingredient)
VALUES ('f101_0204', N'1 chopped Green Pepper');

INSERT INTO Food_Ingredient (FoodID, Ingredient)
VALUES ('f101_0204', N'1 small Aubergine');

INSERT INTO Food_Ingredient (FoodID, Ingredient)
VALUES ('f101_0204', N'1 Large Chopped Onion');

INSERT INTO Food_Ingredient (FoodID, Ingredient)
VALUES ('f101_0204', N'800g Lamb Shoulder');

INSERT INTO Food_Ingredient (FoodID, Ingredient)
VALUES ('f101_0204', N'1 tbs Garlic Sauce');

INSERT INTO Food_Ingredient (FoodID, Ingredient)
VALUES ('f101_0204', N'1 tbs Tomato Puree');

INSERT INTO Food_Ingredient (FoodID, Ingredient)
VALUES ('f101_0204', N'80 ml Olive Oil');

INSERT INTO Food_Ingredient (FoodID, Ingredient)
VALUES ('f101_0204', N'Sprinking Thyme');

INSERT INTO Food_Ingredient (FoodID, Ingredient)
VALUES ('f101_0204', N'250ml White Wine');

INSERT INTO Food_Ingredient (FoodID, Ingredient)
VALUES ('f101_0204', N'Pinch Pepper');

INSERT INTO Food (FoodID, Title, Description, Calories, Instructions, ImageURL, SourceURL, Partition)
VALUES (
    'f101_0205',
    N'Lamb and Potato pie',
    N'A hearty British-style meat pie filled with tender lamb, carrots, and potatoes, all enclosed in golden shortcrust pastry for a comforting savory meal.',
    533,
    N'1. Dust the meat with flour to lightly coat.
Heat enough vegetable oil in a large saucepan to fill the base, and fry the onion and meat until lightly browned 2. Season with salt and pepper.
Add the carrots, stock and more seasoning to taste.
Bring to the boil, cover and reduce the heat to a simmer 3. Simmer for at least an hour or until the meat is tender 4. Take your time cooking the meat, the longer you leave it to cook, the better the flavour will be.
Preheat the oven to 180C/350F/Gas 4.
Add the drained potato cubes to the lamb.
Turn the mixture into a pie dish or casserole and cover with the shortcrust pastry 5. Make three slits in the top of the pastry to release any steam while cooking.
Brush with beaten egg and bake for about 40 minutes, until the pastry is golden brown.
Serve. 6. Assuming 2 servings',
    'https://www.themealdb.com/images/media/meals/sxrpws1511555907.jpg',
    'https://www.themealdb.com/images/media/meals/sxrpws1511555907.jpg',
    'test'
);

INSERT INTO Food_Ingredient (FoodID, Ingredient)
VALUES ('f101_0205', N'500g Lamb Shoulder');

INSERT INTO Food_Ingredient (FoodID, Ingredient)
VALUES ('f101_0205', N'1 tbls Flour');

INSERT INTO Food_Ingredient (FoodID, Ingredient)
VALUES ('f101_0205', N'Dash Vegetable Oil');

INSERT INTO Food_Ingredient (FoodID, Ingredient)
VALUES ('f101_0205', N'1 sliced Onion');

INSERT INTO Food_Ingredient (FoodID, Ingredient)
VALUES ('f101_0205', N'2 sliced Carrots');

INSERT INTO Food_Ingredient (FoodID, Ingredient)
VALUES ('f101_0205', N'350ml/12fl Vegetable Stock');

INSERT INTO Food_Ingredient (FoodID, Ingredient)
VALUES ('f101_0205', N'500g Potatoes');

INSERT INTO Food_Ingredient (FoodID, Ingredient)
VALUES ('f101_0205', N'450g Shortcrust Pastry');

INSERT INTO Food_Ingredient (FoodID, Ingredient)
VALUES ('f101_0205', N'To Glaze Eggs');

INSERT INTO Food (FoodID, Title, Description, Calories, Instructions, ImageURL, SourceURL, Partition)
VALUES (
    'f101_0206',
    N'Stuffed Lamb Tomatoes',
    N'Juicy tomatoes hollowed and stuffed with a spiced lamb and rice mixture, baked until tender and infused with Mediterranean herbs for a fresh and flavorful dish.',
    391,
    N'1. Heat oven to 180C/160C fan/gas 4 2. Slice the tops off the tomatoes and reserve 3. Scoop out most of the pulp with a teaspoon, being careful not to break the skin 4. Finely chop the pulp, and keep any juices 5. Sprinkle the insides of the tomatoes with a little sugar to take away the acidity, then place them on a baking tray.

Heat 2 tbsp olive oil in a large frying pan, add the onion and garlic, then gently cook for about 10 mins until soft but not coloured 6. Add the lamb, cinnamon and tomato purée, turn up the heat, then fry until the meat is browned 7. Add the tomato pulp and juice, the rice and the stock 8. Season generously 9. Bring to the boil, then simmer for 15 mins or until the rice is tender and the liquid has been absorbed 10. Set aside to cool a little, then stir in the herbs.

Stuff the tomatoes up to the brim, top tomatoes with their lids, drizzle with 2 tbsp more olive oil, sprinkle 3 tbsp water into the tray, then bake for 35 mins 11. Serve with salad and crusty bread, hot or cold. 12. Assuming 2 servings',
    'https://www.themealdb.com/images/media/meals/u55lbp1585564013.jpg',
    'https://www.themealdb.com/images/media/meals/u55lbp1585564013.jpg',
    'test'
);

INSERT INTO Food_Ingredient (FoodID, Ingredient)
VALUES ('f101_0206', N'4 large Tomatoes');

INSERT INTO Food_Ingredient (FoodID, Ingredient)
VALUES ('f101_0206', N'Pinch Sugar');

INSERT INTO Food_Ingredient (FoodID, Ingredient)
VALUES ('f101_0206', N'4 tbs Olive Oil');

INSERT INTO Food_Ingredient (FoodID, Ingredient)
VALUES ('f101_0206', N'1 chopped Onion');

INSERT INTO Food_Ingredient (FoodID, Ingredient)
VALUES ('f101_0206', N'2 finely chopped Garlic Clove');

INSERT INTO Food_Ingredient (FoodID, Ingredient)
VALUES ('f101_0206', N'200g Lamb');

INSERT INTO Food_Ingredient (FoodID, Ingredient)
VALUES ('f101_0206', N'1 tbs Cinnamon');

INSERT INTO Food_Ingredient (FoodID, Ingredient)
VALUES ('f101_0206', N'2 tbs chopped Tomato Puree');

INSERT INTO Food_Ingredient (FoodID, Ingredient)
VALUES ('f101_0206', N'50g Rice');

INSERT INTO Food_Ingredient (FoodID, Ingredient)
VALUES ('f101_0206', N'100ml Chicken Stock');

INSERT INTO Food_Ingredient (FoodID, Ingredient)
VALUES ('f101_0206', N'4 tbs Dill');

INSERT INTO Food_Ingredient (FoodID, Ingredient)
VALUES ('f101_0206', N'2 tbs Chopped Parsley');

INSERT INTO Food_Ingredient (FoodID, Ingredient)
VALUES ('f101_0206', N'1 tbs Mint');

INSERT INTO Food (FoodID, Title, Description, Calories, Instructions, ImageURL, SourceURL, Partition)
VALUES (
    'f101_0208',
    N'Lamb and Lemon Souvlaki',
    N'A Greek-inspired grilled skewer of marinated lamb chunks infused with lemon, garlic, and herbs, served in warm pita with fresh salad and optional tzatziki.',
    412,
    N'1. Pound the garlic with sea salt in a pestle and mortar (or use a small food processor), until the garlic forms a paste 2. Whisk together the oil, lemon juice, zest, dill and garlic 3. Mix in the lamb and combine well 4. Cover and marinate for at least 2 hrs or overnight in the fridge 5. If you’re going to use bamboo skewers, soak them in cold water.

If you’ve prepared the lamb the previous day, take it out of the fridge 30 mins before cooking 6. Thread the meat onto the soaked or metal skewers 7. Heat the grill to high or have a hot griddle pan or barbecue ready 8. Cook the skewers for 2-3 mins on each side, basting with the remaining marinade 9. Heat the pitta or flatbreads briefly, then stuff with the souvlaki 10. Add Greek salad (see ''Goes well with'', right) and Tzatziki (below), if you like. 11. Assuming 2 servings',
    'https://www.themealdb.com/images/media/meals/rjhf741585564676.jpg',
    'https://www.themealdb.com/images/media/meals/rjhf741585564676.jpg',
    'test'
);

INSERT INTO Food_Ingredient (FoodID, Ingredient)
VALUES ('f101_0208', N'2 cloves Garlic');

INSERT INTO Food_Ingredient (FoodID, Ingredient)
VALUES ('f101_0208', N'2 tsp Sea Salt');

INSERT INTO Food_Ingredient (FoodID, Ingredient)
VALUES ('f101_0208', N'4 tbs Olive Oil');

INSERT INTO Food_Ingredient (FoodID, Ingredient)
VALUES ('f101_0208', N'Zest and juice of 1 Lemon');

INSERT INTO Food_Ingredient (FoodID, Ingredient)
VALUES ('f101_0208', N'1 tbs Dill');

INSERT INTO Food_Ingredient (FoodID, Ingredient)
VALUES ('f101_0208', N'750g Lamb Leg');

INSERT INTO Food_Ingredient (FoodID, Ingredient)
VALUES ('f101_0208', N'To serve Pita Bread');

INSERT INTO Food (FoodID, Title, Description, Calories, Instructions, ImageURL, SourceURL, Partition)
VALUES (
    'f101_0209',
    N'Lamb tomato and sweet spices',
    N'A Middle Eastern-style dish of lamb-stuffed vine leaves simmered in a fragrant tomato sauce with sweet spices, fennel, and lemon, offering a balanced harmony of savory and aromatic notes.',
    587,
    N'1. Use pickled vine leaves here, preserved in brine 2. Small delicate leaves are better than the large bristly ones but, if only large leaves are to hand, then trim them to roughly 12 by 12 cms so that you don''t get too many layers of leaves around the filling 3. And remove any stalks 4. Drain the preserved leaves, immerse them in boiling water for 10 minutes and then leave to dry on a tea towel before use 5. Basmati rice with butter and pine nuts is an ideal accompaniment 6. Couscous is great, too 7. Serves four.
First make the filling 8. Put all the ingredients, apart from the tomatoes, in a bowl 9. Cut the tomatoes in half, coarsely grate into the bowl and discard the skins 10. Add half a teaspoon of salt and some black pepper, and stir 11. Leave on the side, or in the fridge, for up to a day 12. Before using, gently squeeze with your hands and drain away any juices that come out.
To make the sauce, heat the oil in a medium pan 13. Add the ginger and garlic, cook for a minute or two, taking care not to burn them, then add the tomato, lemon juice and sugar 14. Season, and simmer for 20 minutes.
While the sauce is bubbling away, prepare the vine leaves 15. Use any torn or broken leaves to line the base of a wide, heavy saucepan 16. Trim any leaves from the fennel, cut it vertically into 0.5cm-thick slices and spread over the base of the pan to cover completely.
Lay a prepared vine leaf (see intro) on a work surface, veiny side up 17. Put two teaspoons of filling at the base of the leaf in a 2cm-long by 1cm-wide strip 18. Fold the sides of the leaf over the filling, then roll it tightly from bottom to top, in a cigar shape 19. Place in the pan, seam down, and repeat with the remaining leaves, placing them tightly next to each other in lines or circles (in two layers if necessary).
Pour the sauce over the leaves (and, if needed, add water just to cover) 20. Place a plate on top, to weigh the leaves down, then cover with a lid 21. Bring to a boil, reduce the heat and cook on a bare simmer for 70 minutes 22. Most of the liquid should evaporate 23. Remove from the heat, and leave to cool a little - they are best served warm 24. When serving, bring to the table in the pan - it looks great 25. Serve a few vine leaves and fennel slices with warm rice 26. Spoon the braising juices on top and garnish with coriander. 27. Assuming 4 servings',
    'https://www.themealdb.com/images/media/meals/qtwtss1468572261.jpg',
    'https://www.themealdb.com/images/media/meals/qtwtss1468572261.jpg',
    'test'
);

INSERT INTO Food_Ingredient (FoodID, Ingredient)
VALUES ('f101_0209', N'2 tbsp olive oil');

INSERT INTO Food_Ingredient (FoodID, Ingredient)
VALUES ('f101_0209', N'4cm piece finely chopped ginger');

INSERT INTO Food_Ingredient (FoodID, Ingredient)
VALUES ('f101_0209', N'2 cloves peeled and chopped garlic');

INSERT INTO Food_Ingredient (FoodID, Ingredient)
VALUES ('f101_0209', N'800g peeled and chopped tomatoes');

INSERT INTO Food_Ingredient (FoodID, Ingredient)
VALUES ('f101_0209', N'2 tbsp lemon juice');

INSERT INTO Food_Ingredient (FoodID, Ingredient)
VALUES ('f101_0209', N'1 tsp caster sugar');

INSERT INTO Food_Ingredient (FoodID, Ingredient)
VALUES ('f101_0209', N'50 vine leaves');

INSERT INTO Food_Ingredient (FoodID, Ingredient)
VALUES ('f101_0209', N'1 large fennel bulb');

INSERT INTO Food_Ingredient (FoodID, Ingredient)
VALUES ('f101_0209', N'400g lamb mince');

INSERT INTO Food_Ingredient (FoodID, Ingredient)
VALUES ('f101_0209', N'1 medium onion');

INSERT INTO Food_Ingredient (FoodID, Ingredient)
VALUES ('f101_0209', N'1 small peeled and coarsely grated potatoes');

INSERT INTO Food_Ingredient (FoodID, Ingredient)
VALUES ('f101_0209', N'2 tbsp basmati rice');

INSERT INTO Food_Ingredient (FoodID, Ingredient)
VALUES ('f101_0209', N'2 tbsp chopped parsley');

INSERT INTO Food_Ingredient (FoodID, Ingredient)
VALUES ('f101_0209', N'2 tbsp chopped coriander');

INSERT INTO Food_Ingredient (FoodID, Ingredient)
VALUES ('f101_0209', N'1 tbsp lemon juice');

INSERT INTO Food_Ingredient (FoodID, Ingredient)
VALUES ('f101_0209', N'2 cloves garlic');

INSERT INTO Food (FoodID, Title, Description, Calories, Instructions, ImageURL, SourceURL, Partition)
VALUES (
    'f101_0210',
    N'Alysia''s Basic Meat Lasagna',
    N'A classic comfort food layered with rich meat sauce, creamy ricotta, mozzarella, and provolone cheeses, all baked to golden perfection between no-boil lasagna noodles.',
    673,
    N'1. Preheat the oven to 375 degrees F (190 degrees C). 2. Make the sauce: Heat oil in a large saucepan over medium-high heat. Add onion and garlic; cook and stir until translucent, about 5 minutes. Add ground beef and garlic powder; cook and stir until browned and crumbly, 5 to 7 minutes. Drain and discard grease. Add spaghetti sauce, tomato sauce, and oregano; cover and simmer for 15 to 20 minutes. 3. Make the lasagna: Mix mozzarella and provolone together in a medium bowl. Mix ricotta, milk, eggs, and oregano together in another bowl. 4. Ladle sauce (just enough to cover) into the bottom of a 9x13-inch baking dish. Layer sauce with three lasagna noodles, more sauce, ricotta mixture, and mozzarella mixture; repeat once more using all of remaining cheese mixtures. Layer with remaining three lasagna noodles and remaining sauce, then sprinkle Parmesan over top. 5. Cover and bake in the preheated oven for 30 minutes. Uncover and continue to bake until cheese is melted and top is golden, about 15 minutes longer.',
    'https://www.allrecipes.com/thmb/h6JyYS3LgCnQCoXnccjGULy3KOs=/1500x0/filters:no_upscale():max_bytes(150000):strip_icc()/748630-8a38ff27e31d44ecba18e2db2d843a76.jpg',
    'https://www.allrecipes.com/recipe/24074/alysias-basic-meat-lasagna/',
    'test'
);

INSERT INTO Food_Ingredient (FoodID, Ingredient)
VALUES ('f101_0210', N'1 tablespoon olive oil');

INSERT INTO Food_Ingredient (FoodID, Ingredient)
VALUES ('f101_0210', N'1 small onion, diced');

INSERT INTO Food_Ingredient (FoodID, Ingredient)
VALUES ('f101_0210', N'4 cloves garlic, minced');

INSERT INTO Food_Ingredient (FoodID, Ingredient)
VALUES ('f101_0210', N'1.5 pounds ground beef');

INSERT INTO Food_Ingredient (FoodID, Ingredient)
VALUES ('f101_0210', N'1 teaspoon garlic powder');

INSERT INTO Food_Ingredient (FoodID, Ingredient)
VALUES ('f101_0210', N'1 (28 ounce) jar sausage flavored spaghetti sauce');

INSERT INTO Food_Ingredient (FoodID, Ingredient)
VALUES ('f101_0210', N'1 (8 ounce) can tomato sauce');

INSERT INTO Food_Ingredient (FoodID, Ingredient)
VALUES ('f101_0210', N'1 teaspoon dried oregano');

INSERT INTO Food_Ingredient (FoodID, Ingredient)
VALUES ('f101_0210', N'1 (8 ounce) package shredded mozzarella cheese');

INSERT INTO Food_Ingredient (FoodID, Ingredient)
VALUES ('f101_0210', N'1 (8 ounce) package shredded provolone cheese');

INSERT INTO Food_Ingredient (FoodID, Ingredient)
VALUES ('f101_0210', N'1 (15 ounce) container ricotta cheese');

INSERT INTO Food_Ingredient (FoodID, Ingredient)
VALUES ('f101_0210', N'0.25 cup milk');

INSERT INTO Food_Ingredient (FoodID, Ingredient)
VALUES ('f101_0210', N'2 large eggs');

INSERT INTO Food_Ingredient (FoodID, Ingredient)
VALUES ('f101_0210', N'0.5 teaspoon dried oregano');

INSERT INTO Food_Ingredient (FoodID, Ingredient)
VALUES ('f101_0210', N'9 no-boil lasagna noodles');

INSERT INTO Food_Ingredient (FoodID, Ingredient)
VALUES ('f101_0210', N'0.25 cup grated Parmesan cheese');

INSERT INTO Food (FoodID, Title, Description, Calories, Instructions, ImageURL, SourceURL, Partition)
VALUES (
    'f101_0211',
    N'Curry Stand Chicken Tikka Masala Sauce',
    N'A flavorful Indian-inspired dish featuring tender chicken simmered in a creamy, spiced tomato sauce infused with cumin, ginger, and paprika.',
    569,
    N'1. Gather all ingredients. 2. Heat ghee in a large skillet over medium heat. Add onion; cook and stir until translucent, about 5 minutes. 3. Stir in garlic; cook and stir just until fragrant, about 1 minute. Stir cumin, 1 teaspoon salt, ginger, cayenne pepper, cinnamon, and turmeric into onion mixture; fry until fragrant, about 2 minutes. 4. Stir tomato sauce into onion and spice mixture; bring to a boil and reduce heat to low. 5. Simmer sauce for 10 minutes, then mix in cream, 1 tablespoon sugar, and paprika. Bring sauce back to a simmer and cook, stirring often, until sauce is thickened, 10 to 15 minutes. 6. Heat vegetable oil in a separate skillet over medium heat. Stir chicken into hot oil; add curry powder. Sear chicken until lightly browned but still pink inside, about 3 minutes; stir often. 7. Transfer chicken and any pan juices into sauce. Simmer chicken in sauce until no longer pink, about 30 minutes; adjust sugar and salt to taste.',
    'https://www.allrecipes.com/thmb/9LqKb422Wu6svwa8jt-lnLnERKY=/1500x0/filters:no_upscale():max_bytes(150000):strip_icc()/AR-228293-curry-stand-chicken-tikka-masala-sauce-DDMFS-4x3-4917c70633354b8784b14bae8c3a22a5.jpg',
    'https://www.allrecipes.com/recipe/228293/curry-stand-chicken-tikka-masala-sauce/',
    'test'
);

INSERT INTO Food_Ingredient (FoodID, Ingredient)
VALUES ('f101_0211', N'2 tablespoons ghee (clarified butter)');

INSERT INTO Food_Ingredient (FoodID, Ingredient)
VALUES ('f101_0211', N'1 onion, finely chopped');

INSERT INTO Food_Ingredient (FoodID, Ingredient)
VALUES ('f101_0211', N'4 cloves garlic, minced');

INSERT INTO Food_Ingredient (FoodID, Ingredient)
VALUES ('f101_0211', N'1 tablespoon ground cumin');

INSERT INTO Food_Ingredient (FoodID, Ingredient)
VALUES ('f101_0211', N'1 teaspoon salt, or more to taste');

INSERT INTO Food_Ingredient (FoodID, Ingredient)
VALUES ('f101_0211', N'1 teaspoon ground ginger');

INSERT INTO Food_Ingredient (FoodID, Ingredient)
VALUES ('f101_0211', N'1 teaspoon cayenne pepper');

INSERT INTO Food_Ingredient (FoodID, Ingredient)
VALUES ('f101_0211', N'0.5 teaspoon ground cinnamon');

INSERT INTO Food_Ingredient (FoodID, Ingredient)
VALUES ('f101_0211', N'0.25 teaspoon ground turmeric');

INSERT INTO Food_Ingredient (FoodID, Ingredient)
VALUES ('f101_0211', N'1 (14 ounce) can tomato sauce');

INSERT INTO Food_Ingredient (FoodID, Ingredient)
VALUES ('f101_0211', N'1 cup heavy whipping cream');

INSERT INTO Food_Ingredient (FoodID, Ingredient)
VALUES ('f101_0211', N'1 tablespoon white sugar, or more to taste');

INSERT INTO Food_Ingredient (FoodID, Ingredient)
VALUES ('f101_0211', N'2 teaspoons paprika');

INSERT INTO Food_Ingredient (FoodID, Ingredient)
VALUES ('f101_0211', N'1 tablespoon vegetable oil');

INSERT INTO Food_Ingredient (FoodID, Ingredient)
VALUES ('f101_0211', N'4 skinless, boneless chicken breast halves, cut into bite-size pieces');

INSERT INTO Food_Ingredient (FoodID, Ingredient)
VALUES ('f101_0211', N'0.5 teaspoon curry powder');

INSERT INTO Food (FoodID, Title, Description, Calories, Instructions, ImageURL, SourceURL, Partition)
VALUES (
    'f101_0212',
    N'Quick Asian Lettuce Wraps',
    N'A light and savory dish with seasoned ground pork, tofu, and vegetables wrapped in crisp iceberg lettuce, served with rice and hoisin sauce.',
    836,
    N'1. In a saucepan combine the water and rice. Bring to a boil, cover, and reduce heat to a simmer. Simmer for 20 minutes, until water is absorbed. Set aside and keep warm. 2. Heat oil in a wok over medium-high heat. Cook the pork, green onions, and garlic for 5 to 7 minutes, or until lightly brown. Add the tofu, carrot, Hoisin, and soy sauce, stirring frequently until heated through. Remove from heat, and stir in the sesame oil and chile paste. 3. To serve: spoon a small amount of rice into each lettuce leaf, top with the stir-fry mixture, and drizzle with additional soy sauce or hoisin, if desired. Wrap the lettuce leaf to enclose the filling.',
    'https://www.allrecipes.com/thmb/DlXB73JFdShnZBi14bNoVl56BZ0=/1500x0/filters:no_upscale():max_bytes(150000):strip_icc()/34721-quickasianlettucewraps-ar-feb-mar-2000-40d5307884e741f29516de83869ecaf0.jpg',
    'https://www.allrecipes.com/recipe/34721/quick-asian-lettuce-wraps/',
    'test'
);

INSERT INTO Food_Ingredient (FoodID, Ingredient)
VALUES ('f101_0212', N'4 cups water');

INSERT INTO Food_Ingredient (FoodID, Ingredient)
VALUES ('f101_0212', N'2 cups uncooked white rice');

INSERT INTO Food_Ingredient (FoodID, Ingredient)
VALUES ('f101_0212', N'1 tablespoon vegetable oil');

INSERT INTO Food_Ingredient (FoodID, Ingredient)
VALUES ('f101_0212', N'1 pound ground pork');

INSERT INTO Food_Ingredient (FoodID, Ingredient)
VALUES ('f101_0212', N'1 bunch green onions, thinly sliced');

INSERT INTO Food_Ingredient (FoodID, Ingredient)
VALUES ('f101_0212', N'0.5 teaspoon minced garlic');

INSERT INTO Food_Ingredient (FoodID, Ingredient)
VALUES ('f101_0212', N'1 (14 ounce) package firm tofu, drained and cubed');

INSERT INTO Food_Ingredient (FoodID, Ingredient)
VALUES ('f101_0212', N'2 carrots, shredded');

INSERT INTO Food_Ingredient (FoodID, Ingredient)
VALUES ('f101_0212', N'3 tablespoons hoisin sauce');

INSERT INTO Food_Ingredient (FoodID, Ingredient)
VALUES ('f101_0212', N'2 tablespoons soy sauce');

INSERT INTO Food_Ingredient (FoodID, Ingredient)
VALUES ('f101_0212', N'1 teaspoon sesame oil');

INSERT INTO Food_Ingredient (FoodID, Ingredient)
VALUES ('f101_0212', N'0.25 teaspoon hot chile paste');

INSERT INTO Food_Ingredient (FoodID, Ingredient)
VALUES ('f101_0212', N'1 head iceberg lettuce leaves, separated');

INSERT INTO Food (FoodID, Title, Description, Calories, Instructions, ImageURL, SourceURL, Partition)
VALUES (
    'f101_0213',
    N'Bouillabaisse',
    N'A traditional Provençal seafood stew made with assorted fish, shellfish, and aromatic herbs, simmered in a saffron-infused broth.',
    745,
    N'1. Gather the ingredients. 2. Heat olive oil in a large saucepan; add onions, leeks, chopped tomatoes, and garlic. Cook and stir over low heat until vegetables have softened, about 3 to 5 minutes. 3. Stir in fennel, thyme, bay leaf, and orange zest. Add shellfish and boiling water; stir to combine. Season to taste with salt and black pepper. Increase the heat to high, and boil for about 3 minutes to allow the oil and water to combine. 4. Add fish, and reduce the heat to medium. Continue cooking until fish is opaque and tender, but still firm, about 12 to 15 minutes. Fish should not be falling apart. 5. Taste the bouillabaisse and adjust the seasoning. Stir in saffron, and then pour soup into a warmed tureen or soup dishes. Serve immediately.',
    'https://www.allrecipes.com/thmb/axW0eZVL5FdB01DQD3nxvy_9-Is=/1500x0/filters:no_upscale():max_bytes(150000):strip_icc()/12832-bouillabaisse-DDMFS-4x3_36425-95195b100c5c4193b8ec58e629dfa209.jpg',
    'https://www.allrecipes.com/recipe/12832/bouillabaisse/',
    'test'
);

INSERT INTO Food_Ingredient (FoodID, Ingredient)
VALUES ('f101_0213', N'0.75 cup olive oil');

INSERT INTO Food_Ingredient (FoodID, Ingredient)
VALUES ('f101_0213', N'2 onions, thinly sliced');

INSERT INTO Food_Ingredient (FoodID, Ingredient)
VALUES ('f101_0213', N'2 leeks, sliced');

INSERT INTO Food_Ingredient (FoodID, Ingredient)
VALUES ('f101_0213', N'3 tomatoes - peeled, seeded and chopped');

INSERT INTO Food_Ingredient (FoodID, Ingredient)
VALUES ('f101_0213', N'4 cloves garlic, minced');

INSERT INTO Food_Ingredient (FoodID, Ingredient)
VALUES ('f101_0213', N'1 sprig fennel leaf');

INSERT INTO Food_Ingredient (FoodID, Ingredient)
VALUES ('f101_0213', N'1 sprig fresh thyme');

INSERT INTO Food_Ingredient (FoodID, Ingredient)
VALUES ('f101_0213', N'1 bay leaf');

INSERT INTO Food_Ingredient (FoodID, Ingredient)
VALUES ('f101_0213', N'1 teaspoon orange zest');

INSERT INTO Food_Ingredient (FoodID, Ingredient)
VALUES ('f101_0213', N'0.75 pound mussels, cleaned and debearded');

INSERT INTO Food_Ingredient (FoodID, Ingredient)
VALUES ('f101_0213', N'9 cups boiling water');

INSERT INTO Food_Ingredient (FoodID, Ingredient)
VALUES ('f101_0213', N'salt and pepper to taste');

INSERT INTO Food_Ingredient (FoodID, Ingredient)
VALUES ('f101_0213', N'5 pounds sea bass');

INSERT INTO Food_Ingredient (FoodID, Ingredient)
VALUES ('f101_0213', N'1 pinch saffron threads');

INSERT INTO Food_Ingredient (FoodID, Ingredient)
VALUES ('f101_0213', N'0.75 pound fresh shrimp, peeled and deveined');

INSERT INTO Food (FoodID, Title, Description, Calories, Instructions, ImageURL, SourceURL, Partition)
VALUES (
    'f101_0214',
    N'Cannoli',
    N'A beloved Italian pastry consisting of crispy fried shells filled with sweetened ricotta, chocolate, and citrus zest.',
    402,
    N'1. Gather the ingredients. 2. Make shells: Mix flour, sugar, and cinnamon together in a medium bowl. Cut in shortening until crumbly. 3. Make a well in the center and add Marsala wine, water, vinegar, egg, and egg yolk. 4. Mix with a fork until the dough becomes stiff, then finish kneading it by hand on a clean surface, adding a bit more water if needed for about 10 minutes. Cover with plastic wrap and refrigerate for 1 to 2 hours. 5. Divide cannoli dough into three balls; flatten each one just enough to get through the pasta machine. Roll a ball of dough through successively thinner settings until you have reached the thinnest setting. Dust lightly with flour if necessary. 6. Place the sheet of dough on a lightly floured surface. Using a cutter or large glass, cut out 4 to 5-inch circles. 7. Dust the circles with a light coating of flour. This will help you later in removing the shells from the tubes. Roll dough around cannoli tubes, sealing the edge with a bit of egg white. Repeat with remaining dough balls. 8. Heat oil in a deep fryer or deep skillet to 375 degrees F (190 degrees C). Fry shells on the tubes in hot oil, a few at a time, until golden, about 2 to 3 minutes. Use tongs to turn as needed. Remove shells carefully using tongs, and place them on a cooling rack set over paper towels. 9. Cool just long enough that you can handle the tubes, then carefully twist the tube to remove the shell. Using a tea towel may help you get a better grip. Wash or wipe off the tubes, and use them for more shells. Cooled shells can be placed in an airtight container and kept for up to 2 months. You should only fill them immediately or up to 1 hour before serving. 10. Make filling: Mix ricotta cheese and confectioners'' sugar together in a large bowl until well combined. Fold in chocolate and lemon zest. 11. Transfer mixture into a pastry bag and pipe into shells, filling from the center to one end, then doing the same from the other side. Dust with additional confectioners'' sugar to serve, if you like. 12. Enjoy!',
    'https://www.allrecipes.com/thmb/mF2U10mqpcxfPS6iG0oIOXhsZio=/1500x0/filters:no_upscale():max_bytes(150000):strip_icc()/88849-cannoli-DDMFS-111-4x3-03d470d2c9da43f4bf679695221a15b0.jpg',
    'https://www.allrecipes.com/recipe/88849/cannoli/',
    'test'
);

INSERT INTO Food_Ingredient (FoodID, Ingredient)
VALUES ('f101_0214', N'3 cups all-purpose flour');

INSERT INTO Food_Ingredient (FoodID, Ingredient)
VALUES ('f101_0214', N'0.25 cup white sugar');

INSERT INTO Food_Ingredient (FoodID, Ingredient)
VALUES ('f101_0214', N'0.25 teaspoon ground cinnamon');

INSERT INTO Food_Ingredient (FoodID, Ingredient)
VALUES ('f101_0214', N'3 tablespoons shortening');

INSERT INTO Food_Ingredient (FoodID, Ingredient)
VALUES ('f101_0214', N'0.5 cup sweet Marsala wine');

INSERT INTO Food_Ingredient (FoodID, Ingredient)
VALUES ('f101_0214', N'2 tablespoons water');

INSERT INTO Food_Ingredient (FoodID, Ingredient)
VALUES ('f101_0214', N'1 tablespoon distilled white vinegar');

INSERT INTO Food_Ingredient (FoodID, Ingredient)
VALUES ('f101_0214', N'1 egg');

INSERT INTO Food_Ingredient (FoodID, Ingredient)
VALUES ('f101_0214', N'1 egg yolk');

INSERT INTO Food_Ingredient (FoodID, Ingredient)
VALUES ('f101_0214', N'1 egg white');

INSERT INTO Food_Ingredient (FoodID, Ingredient)
VALUES ('f101_0214', N'1 quart oil for frying, or as needed');

INSERT INTO Food_Ingredient (FoodID, Ingredient)
VALUES ('f101_0214', N'1 (32 ounce) container ricotta cheese');

INSERT INTO Food_Ingredient (FoodID, Ingredient)
VALUES ('f101_0214', N'0.5 cup confectioners'' sugar');

INSERT INTO Food_Ingredient (FoodID, Ingredient)
VALUES ('f101_0214', N'4 ounces semisweet chocolate, chopped');

INSERT INTO Food_Ingredient (FoodID, Ingredient)
VALUES ('f101_0214', N'1 teaspoon lemon zest, or to taste');

INSERT INTO Food (FoodID, Title, Description, Calories, Instructions, ImageURL, SourceURL, Partition)
VALUES (
    'f101_0215',
    N'Souvlaki',
    N'A Greek favorite of marinated pork skewers grilled to perfection and typically served with vegetables or wrapped in pita bread.',
    189,
    N'1. Gather all ingredients. 2. Mix oil, soy sauce, lemon juice, garlic, and oregano together in a large glass bowl. 3. Add pork, onions, and bell peppers, and stir until coated. Cover and refrigerate for 2 to 3 hours. 4. Preheat an outdoor grill for medium-high heat and lightly oil the grate. 5. Remove pork and vegetables from marinade and shake off excess; thread onto skewers. Discard remaining marinade. 6. Cook on the preheated grill, turning frequently, until pork is no longer pink in the middle, 10 to 15 minutes. An instant-read thermometer inserted into the center should read at least 145 degrees F (63 degrees C).',
    'https://www.allrecipes.com/thmb/t9I4JgEI8-TnPcnAHV-RvQFcEFQ=/1500x0/filters:no_upscale():max_bytes(150000):strip_icc()/14713-souvlaki-ddmfs-Beauty-3x4-06471d380b394255a7716405c4ec0a22.jpg',
    'https://www.allrecipes.com/recipe/14713/souvlaki/',
    'test'
);

INSERT INTO Food_Ingredient (FoodID, Ingredient)
VALUES ('f101_0215', N'0.25 cup olive oil');

INSERT INTO Food_Ingredient (FoodID, Ingredient)
VALUES ('f101_0215', N'0.25 cup soy sauce');

INSERT INTO Food_Ingredient (FoodID, Ingredient)
VALUES ('f101_0215', N'1 medium lemon, juiced');

INSERT INTO Food_Ingredient (FoodID, Ingredient)
VALUES ('f101_0215', N'3 cloves garlic, crushed');

INSERT INTO Food_Ingredient (FoodID, Ingredient)
VALUES ('f101_0215', N'1 teaspoon dried oregano');

INSERT INTO Food_Ingredient (FoodID, Ingredient)
VALUES ('f101_0215', N'3 pounds pork tenderloin, cut into 1 inch cubes');

INSERT INTO Food_Ingredient (FoodID, Ingredient)
VALUES ('f101_0215', N'2 medium yellow onions, cut into 1 inch pieces');

INSERT INTO Food_Ingredient (FoodID, Ingredient)
VALUES ('f101_0215', N'2 medium green bell peppers, cut into 1 inch pieces');

INSERT INTO Food_Ingredient (FoodID, Ingredient)
VALUES ('f101_0215', N'skewers');

INSERT INTO Food (FoodID, Title, Description, Calories, Instructions, ImageURL, SourceURL, Partition)
VALUES (
    'f101_0216',
    N'Beignets',
    N'Fluffy, deep-fried dough squares coated with powdered sugar, a staple of New Orleans cuisine often enjoyed for breakfast or dessert.',
    500,
    N'1. Gather all ingredients. 2. Dissolve yeast in warm water. Pour into a large bowl and stir in evaporated milk, white sugar, eggs, and salt. Add 4 cups flour and beat until smooth. 3. Mix in shortening. Mix in remaining 3 cups flour. Cover and refrigerate for at least 2 hours, or up to 24 hours. 4. Roll dough out on floured surface to 1/8-inch thick. Cut into 2 1/2-inch squares. 5. Heat oil in a deep pot to 360 degrees F (180 degrees C). 6. Fry beignets in batches until browned and puffed. (If beignets sink and do not pop up, oil is not hot enough.) Remove from oil with a slotted spoon and drain on paper towels. 7. Shake confectioners'' sugar over hot beignets. Serve immediately. Enjoy!',
    'https://www.allrecipes.com/thmb/aGZsHJTzaGELoXwJNZJRf1ppchM=/1500x0/filters:no_upscale():max_bytes(150000):strip_icc()/7179-beignets-ddmfs-0556-3x4-hero-66ad2c0c816e45ebbc92c6bd79cb704f.jpg',
    'https://www.allrecipes.com/recipe/7179/beignets/',
    'test'
);

INSERT INTO Food_Ingredient (FoodID, Ingredient)
VALUES ('f101_0216', N'1 (.25 ounce) package active dry yeast');

INSERT INTO Food_Ingredient (FoodID, Ingredient)
VALUES ('f101_0216', N'1.5 cups warm water (110 degrees F/45 degrees C)');

INSERT INTO Food_Ingredient (FoodID, Ingredient)
VALUES ('f101_0216', N'1 cup evaporated milk');

INSERT INTO Food_Ingredient (FoodID, Ingredient)
VALUES ('f101_0216', N'0.5 cup white sugar');

INSERT INTO Food_Ingredient (FoodID, Ingredient)
VALUES ('f101_0216', N'2 eggs');

INSERT INTO Food_Ingredient (FoodID, Ingredient)
VALUES ('f101_0216', N'1 teaspoon salt');

INSERT INTO Food_Ingredient (FoodID, Ingredient)
VALUES ('f101_0216', N'7 cups all-purpose flour, divided');

INSERT INTO Food_Ingredient (FoodID, Ingredient)
VALUES ('f101_0216', N'0.25 cup shortening');

INSERT INTO Food_Ingredient (FoodID, Ingredient)
VALUES ('f101_0216', N'1 quart vegetable oil for frying');

INSERT INTO Food_Ingredient (FoodID, Ingredient)
VALUES ('f101_0216', N'0.25 cup confectioners'' sugar');

INSERT INTO Food (FoodID, Title, Description, Calories, Instructions, ImageURL, SourceURL, Partition)
VALUES (
    'f101_0217',
    N'Biscotti',
    N'Crunchy, twice-baked Italian cookies flavored with anise, perfect for dipping into coffee or dessert wine.',
    100,
    N'1. Gather all ingredients. 2. Preheat the oven to 375 degrees F (190 degrees C). Grease two cookie sheets or line with parchment paper. 3. Beat sugar, oil, eggs, and anise extract together in a medium bowl until well-blended. Combine flour and baking powder in a separate bowl; stir into egg mixture to form a heavy dough. 4. Divide dough into two equal pieces. Form each piece into a log the length of a cookie sheet. Place one log on each of the prepared sheets; and press dough down to 1/2-inch thickness. 5. Bake in the preheated oven until golden brown, 25 to 30 minutes. Transfer logs to wire racks; let sit until cool enough to handle, about 15 minutes. 6. Slice each log crosswise into about eighteen 1/2-inch-thick slices. Place slices cut-sides up back on the cookie sheets. 7. Bake until lightly toasted and golden brown, 6 to 10 minutes per side. 8. Serve and enjoy!',
    'https://www.allrecipes.com/thmb/d17quiW8DYRrf9ZYjClEunWtSSM=/1500x0/filters:no_upscale():max_bytes(150000):strip_icc()/17241-biscotti-3x4-022-2c173471f6964db49debe9baa05f2ea0.jpg',
    'https://www.allrecipes.com/recipe/17241/biscotti/',
    'test'
);

INSERT INTO Food_Ingredient (FoodID, Ingredient)
VALUES ('f101_0217', N'1 cup white sugar');

INSERT INTO Food_Ingredient (FoodID, Ingredient)
VALUES ('f101_0217', N'0.5 cup vegetable oil');

INSERT INTO Food_Ingredient (FoodID, Ingredient)
VALUES ('f101_0217', N'3 eggs');

INSERT INTO Food_Ingredient (FoodID, Ingredient)
VALUES ('f101_0217', N'1 tablespoon anise extract, or 3 drops anise oil');

INSERT INTO Food_Ingredient (FoodID, Ingredient)
VALUES ('f101_0217', N'3.25 cups all-purpose flour');

INSERT INTO Food_Ingredient (FoodID, Ingredient)
VALUES ('f101_0217', N'1 tablespoon baking powder');

INSERT INTO Food (FoodID, Title, Description, Calories, Instructions, ImageURL, SourceURL, Partition)
VALUES (
    'f101_0218',
    N'Homemade Dumplings',
    N'Simple, fluffy dumplings made from flour, baking powder, and milk, ideal for adding to stews or soups as a hearty topping.',
    120,
    N'1. Gather the ingredients. 2. Stir together flour, baking powder, sugar, and salt in a bowl. 3. Cut in butter until mixture is crumbly. Stir in milk and mix until a batter forms that is thick enough to be scooped with a spoon. Allow batter to rest for 3 to 5 minutes. 4. Drop batter by spoonfuls into boiling stew or soup. Cover and simmer without lifting the lid for 15 minutes. Serve. 5. Serve hot and enjoy!',
    'https://www.allrecipes.com/thmb/HwCw_Ks1MxQD2t_OumiWNzsiSoU=/1500x0/filters:no_upscale():max_bytes(150000):strip_icc()/6900-dumplings-DDMFS-4x3-c03fe714205d4f24bd74b99768142864.jpg',
    'https://www.allrecipes.com/recipe/6900/dumplings/',
    'test'
);

INSERT INTO Food_Ingredient (FoodID, Ingredient)
VALUES ('f101_0218', N'1 cup all-purpose flour');

INSERT INTO Food_Ingredient (FoodID, Ingredient)
VALUES ('f101_0218', N'2 teaspoons baking powder');

INSERT INTO Food_Ingredient (FoodID, Ingredient)
VALUES ('f101_0218', N'1 teaspoon white sugar');

INSERT INTO Food_Ingredient (FoodID, Ingredient)
VALUES ('f101_0218', N'0.5 teaspoon salt');

INSERT INTO Food_Ingredient (FoodID, Ingredient)
VALUES ('f101_0218', N'1 tablespoon margarine');

INSERT INTO Food_Ingredient (FoodID, Ingredient)
VALUES ('f101_0218', N'0.5 cup milk');

INSERT INTO Food (FoodID, Title, Description, Calories, Instructions, ImageURL, SourceURL, Partition)
VALUES (
    'f101_0219',
    N'Bannock',
    N'A simple flatbread rooted in Indigenous and Scottish traditions, bannock is pan-fried until golden, with a tender, biscuit-like texture.',
    320,
    N'1. Gather all ingredients. 2. Stir together flour, baking powder, and salt in a large bowl. 3. Pour water and melted butter over flour mixture. 4. Stir with a fork to make a ball. 5. Turn dough out onto a lightly floured surface; knead gently about 10 times. 6. Pat into a flat circle, 3/4- to 1-inch thick. Warm a greased frying pan over medium heat. 7. Place dough in the hot pan and cook until browned, about 15 minutes per side. Use two lifters for easy turning. 8. Slice, serve, and enjoy!',
    'https://www.allrecipes.com/thmb/LAEozz0CsH1ouhXQDVqIHwVUnqA=/1500x0/filters:no_upscale():max_bytes(150000):strip_icc()/AR-6919-bannock-DDMFS-4x3-beauty-fc822f2d8bb54b71be5c89dad8365c25.jpg',
    'https://www.allrecipes.com/recipe/6919/bannock/',
    'test'
);

INSERT INTO Food_Ingredient (FoodID, Ingredient)
VALUES ('f101_0219', N'3 cups all-purpose flour');

INSERT INTO Food_Ingredient (FoodID, Ingredient)
VALUES ('f101_0219', N'2 tablespoons baking powder');

INSERT INTO Food_Ingredient (FoodID, Ingredient)
VALUES ('f101_0219', N'1 teaspoon salt');

INSERT INTO Food_Ingredient (FoodID, Ingredient)
VALUES ('f101_0219', N'1.5 cups water');

INSERT INTO Food_Ingredient (FoodID, Ingredient)
VALUES ('f101_0219', N'0.25 cup butter, melted');

INSERT INTO Food (FoodID, Title, Description, Calories, Instructions, ImageURL, SourceURL, Partition)
VALUES (
    'f101_0220',
    N'Cosmopolitan',
    N'A stylish cocktail made with vodka, cranberry juice, orange liqueur, and lime juice, typically served chilled with a lime twist.',
    190,
    N'1. Fill a cocktail shaker with ice; add vodka, cranberry juice, Cointreau, and lime juice. Cover and shake until the outside of the shaker has frosted. Strain into a chilled glass and garnish with lime twist.',
    'https://www.allrecipes.com/thmb/Zp2x9Qm_7LicAI7bq_0iCKMuaE8=/1500x0/filters:no_upscale():max_bytes(150000):strip_icc()/25845cosmopolitanFranceC4x3-d8c08b86481e4c66a42d0800f9cd7b38.jpg',
    'https://www.allrecipes.com/recipe/25845/cosmopolitan/',
    'test'
);

INSERT INTO Food_Ingredient (FoodID, Ingredient)
VALUES ('f101_0220', N'1 cup ice, or as needed');

INSERT INTO Food_Ingredient (FoodID, Ingredient)
VALUES ('f101_0220', N'1 (1.5 fluid ounce) jigger vodka');

INSERT INTO Food_Ingredient (FoodID, Ingredient)
VALUES ('f101_0220', N'1.5 fluid ounces cranberry juice');

INSERT INTO Food_Ingredient (FoodID, Ingredient)
VALUES ('f101_0220', N'0.5 fluid ounce orange-flavored liqueur (such as Cointreau®)');

INSERT INTO Food_Ingredient (FoodID, Ingredient)
VALUES ('f101_0220', N'1 teaspoon fresh lime juice');

INSERT INTO Food_Ingredient (FoodID, Ingredient)
VALUES ('f101_0220', N'1 twist lime zest, garnish');

INSERT INTO Food (FoodID, Title, Description, Calories, Instructions, ImageURL, SourceURL, Partition)
VALUES (
    'f101_0221',
    N'Pupusas',
    N'A traditional Salvadoran dish of thick corn tortillas stuffed with savory fillings like cheese, meat, or beans, served with tangy cabbage slaw and salsa.',
    300,
    N'1. Combine tomato sauce, water, cilantro, green bell pepper, onion, crushed garlic, bouillon cube, and salt in a saucepan over medium-low heat. Cook and stir until vegetables are soft, about 20 minutes. Let salsa roja cool for 10 minutes. 2. Fill a blender halfway with the salsa roja. Cover and hold lid down with a potholder; pulse a few times before leaving on to blend. Pour into a bowl. Repeat with remaining salsa roja. Return to saucepan and simmer for 10 minutes more stirring occasionally. Allow to cool completely, about 1 hour, and refrigerate. 3. Place cabbage and carrots in a large bowl. Add 4 cups boiling water and let stand for 5 minutes. Drain well. Mix in vinegar, scallions, oregano, and red pepper flakes. Chill curtido until serving. 4. Place bacon in a large skillet and cook over medium-high heat, turning occasionally, until almost fully cooked and not yet crispy, 5 to 7 minutes. Transfer bacon and grease (if desired) to a food processor. Add tomatoes, quartered green bell pepper, Monterey Jack cheese, and minced garlic. Puree and season the chicharron with salt. 5. Mix masa harina and 1/2 cup water together in a bowl by hand. Add the remaining water slowly, about 2 tablespoons at a time, mixing well after each addition, until dough is moist but still firm. Cover with a wet towel. 6. Heat 1/2 cup oil a large skillet over medium-high heat. 7. Take a golf ball-sized piece of dough and roll into a ball in your hands. Make a hole in the dough ball with your thumb; put a small amount of chicharron inside the hole, close it up, and flatten the ball with your hands into a thick tortilla shape. Place pupusa in the skillet and fry until golden brown, about 2 minutes per side. Repeat with the remaining dough and chicharron. 8. Serve each pupusa topped with 2 tablespoons of curtido and 1 tablespoon of salsa roja.',
    'https://www.allrecipes.com/thmb/yb529FVtahJeEwPcHGWGM9EAmsg=/1500x0/filters:no_upscale():max_bytes(150000):strip_icc()/5061638-93061a303c0047b68e1d2ef3ed113952.jpg',
    'https://www.allrecipes.com/recipe/143644/pupusas/',
    'test'
);

INSERT INTO Food_Ingredient (FoodID, Ingredient)
VALUES ('f101_0221', N'4 cups plain tomato sauce');

INSERT INTO Food_Ingredient (FoodID, Ingredient)
VALUES ('f101_0221', N'1 cup water');

INSERT INTO Food_Ingredient (FoodID, Ingredient)
VALUES ('f101_0221', N'4 bunches fresh cilantro, chopped');

INSERT INTO Food_Ingredient (FoodID, Ingredient)
VALUES ('f101_0221', N'1 green bell pepper, seeded and chopped');

INSERT INTO Food_Ingredient (FoodID, Ingredient)
VALUES ('f101_0221', N'1 onion, chopped');

INSERT INTO Food_Ingredient (FoodID, Ingredient)
VALUES ('f101_0221', N'2 cloves garlic, crushed');

INSERT INTO Food_Ingredient (FoodID, Ingredient)
VALUES ('f101_0221', N'1 cube chicken bouillon');

INSERT INTO Food_Ingredient (FoodID, Ingredient)
VALUES ('f101_0221', N'salt to taste');

INSERT INTO Food_Ingredient (FoodID, Ingredient)
VALUES ('f101_0221', N'0.5 head cabbage, shredded');

INSERT INTO Food_Ingredient (FoodID, Ingredient)
VALUES ('f101_0221', N'1 large carrot, peeled and grated');

INSERT INTO Food_Ingredient (FoodID, Ingredient)
VALUES ('f101_0221', N'0.5 cup white vinegar');

INSERT INTO Food_Ingredient (FoodID, Ingredient)
VALUES ('f101_0221', N'3 scallions, minced');

INSERT INTO Food_Ingredient (FoodID, Ingredient)
VALUES ('f101_0221', N'2 tablespoons dried oregano');

INSERT INTO Food_Ingredient (FoodID, Ingredient)
VALUES ('f101_0221', N'1 pinch crushed red pepper flakes');

INSERT INTO Food_Ingredient (FoodID, Ingredient)
VALUES ('f101_0221', N'1 (12 ounce) package bacon, or to taste');

INSERT INTO Food_Ingredient (FoodID, Ingredient)
VALUES ('f101_0221', N'4 tomatoes, halved, or more to taste');

INSERT INTO Food_Ingredient (FoodID, Ingredient)
VALUES ('f101_0221', N'1 green bell pepper, seeded and quartered');

INSERT INTO Food_Ingredient (FoodID, Ingredient)
VALUES ('f101_0221', N'1 cup grated Monterey Jack cheese');

INSERT INTO Food_Ingredient (FoodID, Ingredient)
VALUES ('f101_0221', N'2 cloves garlic, minced');

INSERT INTO Food_Ingredient (FoodID, Ingredient)
VALUES ('f101_0221', N'salt to taste');

INSERT INTO Food_Ingredient (FoodID, Ingredient)
VALUES ('f101_0221', N'4 cups masa harina, or more to taste');

INSERT INTO Food_Ingredient (FoodID, Ingredient)
VALUES ('f101_0221', N'2 cups water, or as needed');

INSERT INTO Food_Ingredient (FoodID, Ingredient)
VALUES ('f101_0221', N'0.5 cup vegetable oil for frying');

INSERT INTO Food (FoodID, Title, Description, Calories, Instructions, ImageURL, SourceURL, Partition)
VALUES (
    'f101_0222',
    N'Arancini',
    N'Italian rice balls filled with cheese, ham, and peas, coated in breadcrumbs and deep-fried until crispy and golden.',
    280,
    N'1. Gather all ingredients. 2. Preheat the oven to 200 degrees F (95 degrees C). 3. Heat 1 tablespoon olive oil in a large saucepan over medium heat. Add onion and garlic; cook and stir until onion is soft but not browned. 4. Pour in rice; cook and stir until lightly toasted, about 2 minutes. 5. Stir in wine; cook, stirring occasionally, until liquid has evaporated. 6. Add hot chicken stock to rice, 1/3 cup at a time, stirring and cooking until liquid has evaporated before adding more. 7. After all of the chicken stock has been added and absorbed, stir in peas and ham, then season with salt and pepper. 8. Remove from heat and stir in Parmesan cheese. Transfer risotto to a large bowl and allow to cool slightly. 9. Beat 1 egg in a small bowl; stir into risotto. 10. Beat remaining egg with milk in the same small bowl. Place flour in a second bowl; place bread crumbs in a third bowl. 11. For each ball, roll 2 tablespoons risotto into a ball. Press 1 mozzarella cube into the center and roll to enclose. 12. Coat lightly with flour, dip into milk mixture, then roll in bread crumbs to coat. 13. Heat 1 cup vegetable oil in a deep-fryer or large deep saucepan to 350 degrees F (175 degrees C). 14. Working in batches, fry rice balls in hot oil until evenly golden, turning as needed. 15. Drain on paper towel-lined plate and keep warm in the preheated oven.',
    'https://www.allrecipes.com/thmb/hxUMuQmebF0imzrV0-dLQRBGK08=/1500x0/filters:no_upscale():max_bytes(150000):strip_icc()/RM-57844-Arancini-ddmfs-3x4-6021-19619bf1fd4d41279000e464618dd411.jpg',
    'https://www.allrecipes.com/recipe/57844/arancini/',
    'test'
);

INSERT INTO Food_Ingredient (FoodID, Ingredient)
VALUES ('f101_0222', N'1 tablespoon olive oil');

INSERT INTO Food_Ingredient (FoodID, Ingredient)
VALUES ('f101_0222', N'1 small onion, finely chopped');

INSERT INTO Food_Ingredient (FoodID, Ingredient)
VALUES ('f101_0222', N'1 clove garlic, crushed');

INSERT INTO Food_Ingredient (FoodID, Ingredient)
VALUES ('f101_0222', N'1 cup uncooked Arborio rice');

INSERT INTO Food_Ingredient (FoodID, Ingredient)
VALUES ('f101_0222', N'0.5 cup dry white wine');

INSERT INTO Food_Ingredient (FoodID, Ingredient)
VALUES ('f101_0222', N'2.5 cups boiling chicken stock');

INSERT INTO Food_Ingredient (FoodID, Ingredient)
VALUES ('f101_0222', N'0.5 cup frozen green peas');

INSERT INTO Food_Ingredient (FoodID, Ingredient)
VALUES ('f101_0222', N'2 ounces finely chopped ham');

INSERT INTO Food_Ingredient (FoodID, Ingredient)
VALUES ('f101_0222', N'salt and pepper to taste');

INSERT INTO Food_Ingredient (FoodID, Ingredient)
VALUES ('f101_0222', N'0.5 cup finely grated Parmesan cheese');

INSERT INTO Food_Ingredient (FoodID, Ingredient)
VALUES ('f101_0222', N'2 large egg');

INSERT INTO Food_Ingredient (FoodID, Ingredient)
VALUES ('f101_0222', N'1 tablespoon milk');

INSERT INTO Food_Ingredient (FoodID, Ingredient)
VALUES ('f101_0222', N'4 ounces mozzarella cheese, cut into 3/4 inch cubes');

INSERT INTO Food_Ingredient (FoodID, Ingredient)
VALUES ('f101_0222', N'0.5 cup all-purpose flour');

INSERT INTO Food_Ingredient (FoodID, Ingredient)
VALUES ('f101_0222', N'1 cup dry bread crumbs');

INSERT INTO Food_Ingredient (FoodID, Ingredient)
VALUES ('f101_0222', N'1 quart vegetable oil for frying, or as needed');

INSERT INTO Food (FoodID, Title, Description, Calories, Instructions, ImageURL, SourceURL, Partition)
VALUES (
    'f101_0223',
    N'Fufu',
    N'A West African staple made from mashed cassava and plantains, fufu is smooth, starchy, and often served with soups or stews.',
    450,
    N'1. Gather all ingredients. 2. Place cassava and unpeeled plantains into a large pot. Fill with enough water to cover and bring to a boil. 3. Cook until cassava is soft, about 30 minutes; drain. 4. Remove and discard plantain peels from plantains. 5. Mash cassava and plantains with butter. 6. Beat with an electric mixer until smooth, adding more butter if needed. 7. Portion the dough into balls.',
    'https://www.allrecipes.com/thmb/eIF5LDN70Oxt7ptomUQ8vFXEJYQ=/1500x0/filters:no_upscale():max_bytes(150000):strip_icc()/AR-60516-fufu-hero-4x3-223b5cf6f26947e49c966f9cf192661f.jpg',
    'https://www.allrecipes.com/recipe/60516/fufu/',
    'test'
);

INSERT INTO Food_Ingredient (FoodID, Ingredient)
VALUES ('f101_0223', N'4 yucca (cassava) roots, peeled and sliced');

INSERT INTO Food_Ingredient (FoodID, Ingredient)
VALUES ('f101_0223', N'5 medium yellow plantains, with peels on');

INSERT INTO Food_Ingredient (FoodID, Ingredient)
VALUES ('f101_0223', N'0.5 cup butter, or more as needed');

INSERT INTO Food (FoodID, Title, Description, Calories, Instructions, ImageURL, SourceURL, Partition)
VALUES (
    'f101_0226',
    N'Party Italian Wedding Soup',
    N'A comforting Italian-American soup with savory meatballs, tender chicken, pasta, and vegetables simmered in rich chicken broth.',
    320,
    N'1. In a large pot over medium heat, combine chicken broth, spinach, onions, carrots, and celery. Mix well and allow to simmer. 2. In a separate large bowl, combine ground beef, bread crumbs, and egg and mix well. Form mixture into 1/2-inch diameter meatballs and carefully drop them into the soup. 3. Put chunks of chicken breast into soup and reduce heat to low. Allow soup to simmer for 1 hour. Add pasta 30 minutes before serving and season with salt and pepper to taste.',
    'https://www.allrecipes.com/thmb/CQMUTahyUFBA4aFHkp4_TbqD2vY=/1500x0/filters:no_upscale():max_bytes(150000):strip_icc()/7091-27a0e6b1f1da4b5695f2726fc2323106.jpg',
    'https://www.allrecipes.com/recipe/16745/party-italian-wedding-soup/',
    'test'
);

INSERT INTO Food_Ingredient (FoodID, Ingredient)
VALUES ('f101_0226', N'1 (48 fluid ounce) can chicken broth');

INSERT INTO Food_Ingredient (FoodID, Ingredient)
VALUES ('f101_0226', N'1 (10 ounce) package frozen chopped spinach, thawed and drained');

INSERT INTO Food_Ingredient (FoodID, Ingredient)
VALUES ('f101_0226', N'2 onions, chopped');

INSERT INTO Food_Ingredient (FoodID, Ingredient)
VALUES ('f101_0226', N'2 cups chopped carrot');

INSERT INTO Food_Ingredient (FoodID, Ingredient)
VALUES ('f101_0226', N'2 stalks celery, chopped');

INSERT INTO Food_Ingredient (FoodID, Ingredient)
VALUES ('f101_0226', N'1 pound ground beef');

INSERT INTO Food_Ingredient (FoodID, Ingredient)
VALUES ('f101_0226', N'1 cup dry bread crumbs');

INSERT INTO Food_Ingredient (FoodID, Ingredient)
VALUES ('f101_0226', N'1 egg');

INSERT INTO Food_Ingredient (FoodID, Ingredient)
VALUES ('f101_0226', N'1 pound skinless, boneless chicken breast halves - cut into chunks');

INSERT INTO Food_Ingredient (FoodID, Ingredient)
VALUES ('f101_0226', N'3 ounces dry pasta');

INSERT INTO Food_Ingredient (FoodID, Ingredient)
VALUES ('f101_0226', N'salt and pepper to taste');

INSERT INTO Food (FoodID, Title, Description, Calories, Instructions, ImageURL, SourceURL, Partition)
VALUES (
    'f101_0227',
    N'Charoset',
    N'A sweet, spiced mixture of apples, walnuts, cinnamon, and grape juice, traditionally served during Jewish Passover as a symbolic dish.',
    110,
    N'1. Mix apples, walnuts, grape juice, honey, and cinnamon together in a bowl. Cover with plastic wrap and refrigerate until chilled, 8 hours to overnight.',
    'https://www.allrecipes.com/thmb/75OY1BIpnG7Wcv9AHfvwtHlf5Ig=/1500x0/filters:no_upscale():max_bytes(150000):strip_icc()/242217_Charoset-08_MFS-5b4c6abb9b97401cb5a10f9a152f6287-0a0ea15bcc0a42be8ff43d8d0ec0cdf7.jpg',
    'https://www.allrecipes.com/recipe/242217/charoset/',
    'test'
);

INSERT INTO Food_Ingredient (FoodID, Ingredient)
VALUES ('f101_0227', N'2 Granny Smith apples, peeled and coarsely grated');

INSERT INTO Food_Ingredient (FoodID, Ingredient)
VALUES ('f101_0227', N'1 cup walnuts, finely ground');

INSERT INTO Food_Ingredient (FoodID, Ingredient)
VALUES ('f101_0227', N'2 tablespoons grape juice');

INSERT INTO Food_Ingredient (FoodID, Ingredient)
VALUES ('f101_0227', N'2 teaspoons honey');

INSERT INTO Food_Ingredient (FoodID, Ingredient)
VALUES ('f101_0227', N'1 teaspoon ground cinnamon');

INSERT INTO Food (FoodID, Title, Description, Calories, Instructions, ImageURL, SourceURL, Partition)
VALUES (
    'f101_0228',
    N'Burek',
    N'A savory Balkan pastry made with flaky phyllo dough filled with spiced meat, potatoes, and onions, rolled into spirals and baked to perfection.',
    850,
    N'1. Preheat the oven to 400 degrees F (200 degrees C). 2. Cook and stir ground beef in a large nonstick skillet over medium heat until browned and crumbly, 5 to 7 minutes; drain fat. Stir in allspice, paprika, salt, and pepper. Transfer mixture to a large bowl and stir in potato and onion. 3. Stack two sheets phyllo dough on a work surface. Spoon 1/8 of the beef mixture down one long edge of the stack, then roll phyllo around filling into a tube. Coil the tube into a snail shape and place onto an ungreased baking sheet. Repeat to make seven more burek, placing finished coils up against one another to keep them from unrolling. Brush melted butter over the tops. 4. Bake in the preheated oven until golden brown, 20 to 30 minutes.',
    'https://www.allrecipes.com/thmb/kY0yrFKZrkKZZNHr9RRsvreipR0=/1500x0/filters:no_upscale():max_bytes(150000):strip_icc()/6804488-4a44c03ad83141d9baa0392f10588128.jpg',
    'https://www.allrecipes.com/recipe/211793/burek/',
    'test'
);

INSERT INTO Food_Ingredient (FoodID, Ingredient)
VALUES ('f101_0228', N'1 pound lean ground beef');

INSERT INTO Food_Ingredient (FoodID, Ingredient)
VALUES ('f101_0228', N'1 tablespoon ground allspice');

INSERT INTO Food_Ingredient (FoodID, Ingredient)
VALUES ('f101_0228', N'1 tablespoon paprika');

INSERT INTO Food_Ingredient (FoodID, Ingredient)
VALUES ('f101_0228', N'salt and freshly ground pepper to taste');

INSERT INTO Food_Ingredient (FoodID, Ingredient)
VALUES ('f101_0228', N'1 medium potato, finely chopped');

INSERT INTO Food_Ingredient (FoodID, Ingredient)
VALUES ('f101_0228', N'1 medium onion, chopped');

INSERT INTO Food_Ingredient (FoodID, Ingredient)
VALUES ('f101_0228', N'16 sheets phyllo dough, thawed');

INSERT INTO Food_Ingredient (FoodID, Ingredient)
VALUES ('f101_0228', N'0.25 cup melted butter');

INSERT INTO Food (FoodID, Title, Description, Calories, Instructions, ImageURL, SourceURL, Partition)
VALUES (
    'f101_0229',
    N'Guacamole',
    N'A classic Mexican dip made from mashed avocados mixed with lime juice, onion, tomato, cilantro, and a hint of garlic and chili.',
    260,
    N'1. Gather all ingredients. 2. Mash avocados, lime juice, and salt together in a medium bowl; mix in tomatoes, onion, cilantro, and garlic. 3. Stir in cayenne pepper. Serve immediately, or cover and refrigerate for 1 hour for improved flavor.',
    'https://www.allrecipes.com/thmb/6RyFPH5N4KKmZhNY0Giob_Jj3wc=/1500x0/filters:no_upscale():max_bytes(150000):strip_icc()/AR-14231-guacamole-4x3-f7a3b5752c7f4f3fb934d03a8b548826.jpg',
    'https://www.allrecipes.com/recipe/14231/guacamole/',
    'test'
);

INSERT INTO Food_Ingredient (FoodID, Ingredient)
VALUES ('f101_0229', N'3 avocados - peeled, pitted, and mashed');

INSERT INTO Food_Ingredient (FoodID, Ingredient)
VALUES ('f101_0229', N'1 lime, juiced');

INSERT INTO Food_Ingredient (FoodID, Ingredient)
VALUES ('f101_0229', N'1 teaspoon salt');

INSERT INTO Food_Ingredient (FoodID, Ingredient)
VALUES ('f101_0229', N'2 roma (plum) tomatoes, diced');

INSERT INTO Food_Ingredient (FoodID, Ingredient)
VALUES ('f101_0229', N'0.5 cup diced onion');

INSERT INTO Food_Ingredient (FoodID, Ingredient)
VALUES ('f101_0229', N'3 tablespoons chopped fresh cilantro');

INSERT INTO Food_Ingredient (FoodID, Ingredient)
VALUES ('f101_0229', N'1 teaspoon minced garlic');

INSERT INTO Food_Ingredient (FoodID, Ingredient)
VALUES ('f101_0229', N'1 pinch ground cayenne pepper');

INSERT INTO Food (FoodID, Title, Description, Calories, Instructions, ImageURL, SourceURL, Partition)
VALUES (
    'f101_0230',
    N'Macarons',
    N'A delicate French pastry made of almond flour, egg whites, and sugar, macarons have a crisp shell and soft, chewy interior, often sandwiched with flavored jams or creams.',
    73,
    N'1. Place egg whites into a metal mixing bowl and refrigerate overnight. The next day, bring egg whites to room temperature. 2. Preheat the oven to 280 degrees F (138 degrees C). Line two baking sheets with parchment paper. 3. Whisk confectioners'' sugar and almond flour together in a bowl. 4. Beat egg whites with salt in a metal bowl with an electric mixer on medium speed until foamy, about 1 minute. Increase speed to high and gradually beat in superfine sugar, about 1 tablespoon at a time, until egg whites are glossy and hold stiff peaks, 3 to 5 more minutes. 5. Gently fold almond flour mixture into whipped egg whites until thoroughly incorporated; spoon meringue into a pastry bag fitted with a 3/8-inch tip. Pipe 1-inch disks of meringue onto the prepared baking sheets, leaving 2 inches of space between macarons. The batter will spread. 6. Lift the baking sheets a few inches above the work surface and hit them lightly on the work surface several times to remove any air bubbles from the macarons; let stand at room temperature until the shiny surfaces become dull and a thin skin forms, about 25 to 30 minutes. 7. Place the baking sheets in the preheated oven and bake until macarons surfaces are completely dry, about 19 to 20 minutes. Let macarons cool completely on the baking sheets before peeling parchment paper off. 8. Spread half of the macaron cookies with desired filling; top with remaining macarons to make sandwich cookies, and refrigerate at least 2 hours to overnight to let them soften.',
    'https://www.allrecipes.com/thmb/ftmd4xSXxQOcYwyLoVOAeEQHkpY=/1500x0/filters:no_upscale():max_bytes(150000):strip_icc()/223232macaronsKim4x3-97e86da8c9e849218d5b70ac93bbe5f1.jpg',
    'https://www.allrecipes.com/recipe/223232/macarons/',
    'test'
);

INSERT INTO Food_Ingredient (FoodID, Ingredient)
VALUES ('f101_0230', N'4 extra large egg whites');

INSERT INTO Food_Ingredient (FoodID, Ingredient)
VALUES ('f101_0230', N'1.6666667461395 cups confectioners'' sugar');

INSERT INTO Food_Ingredient (FoodID, Ingredient)
VALUES ('f101_0230', N'1.3333330154419 cups almond flour');

INSERT INTO Food_Ingredient (FoodID, Ingredient)
VALUES ('f101_0230', N'0.125 teaspoon salt');

INSERT INTO Food_Ingredient (FoodID, Ingredient)
VALUES ('f101_0230', N'0.25 cup superfine (castor) sugar');

INSERT INTO Food_Ingredient (FoodID, Ingredient)
VALUES ('f101_0230', N'0.25 cup seedless raspberry jam');

INSERT INTO Food (FoodID, Title, Description, Calories, Instructions, ImageURL, SourceURL, Partition)
VALUES (
    'f101_0231',
    N'Fideo',
    N'A traditional Mexican dish featuring thin noodles toasted in oil and simmered in a seasoned tomato sauce, often served as a comforting side or light meal.',
    288,
    N'1. Gather all ingredients. 2. Heat oil in a saucepan over medium-high heat. Add fideo; cook and stir until golden brown and toasted. 3. Add 1 cup water and 1/2 of the tomato sauce to fideo. 4. Season with chili powder, cumin, and garlic salt; stir to blend. 5. Bring to a boil and cook until liquid has almost evaporated. 6. Stir in remaining 1/2 cup water and remaining tomato sauce. Cover and cook over medium heat until fideo is tender and sauce thickens, about 10 minutes.',
    'https://www.allrecipes.com/thmb/Zris3sPWM2k5LKAy0YDu7fd_BJ4=/1500x0/filters:no_upscale():max_bytes(150000):strip_icc()/AR-74749-Fideo-ddmfs-4x3-8d2697f68c994309abd7d3b0dd324e2b.jpg',
    'https://www.allrecipes.com/recipe/74749/fideo/',
    'test'
);

INSERT INTO Food_Ingredient (FoodID, Ingredient)
VALUES ('f101_0231', N'2 tablespoons vegetable oil');

INSERT INTO Food_Ingredient (FoodID, Ingredient)
VALUES ('f101_0231', N'1 (8 ounce) package fideo pasta');

INSERT INTO Food_Ingredient (FoodID, Ingredient)
VALUES ('f101_0231', N'1.5 cups water, divided');

INSERT INTO Food_Ingredient (FoodID, Ingredient)
VALUES ('f101_0231', N'1 (8 ounce) can tomato sauce, divided');

INSERT INTO Food_Ingredient (FoodID, Ingredient)
VALUES ('f101_0231', N'1 tablespoon chili powder');

INSERT INTO Food_Ingredient (FoodID, Ingredient)
VALUES ('f101_0231', N'0.5 teaspoon ground cumin');

INSERT INTO Food_Ingredient (FoodID, Ingredient)
VALUES ('f101_0231', N'0.5 teaspoon garlic salt');

INSERT INTO Food (FoodID, Title, Description, Calories, Instructions, ImageURL, SourceURL, Partition)
VALUES (
    'f101_0232',
    N'Scones',
    N'A classic British baked good, scones are tender, crumbly pastries usually served with clotted cream and jam, perfect for teatime or breakfast.',
    400,
    N'1. Gather all ingredients. 2. Preheat the oven to 400 degrees F (200 degrees C). Lightly grease a baking sheet. 3. Combine flour, sugar, baking powder, and salt in a large bowl; cut in butter with 2 knives or a pastry blender until mixture resembles coarse crumbs. 4. Whisk milk and egg in a small bowl; gradually stir into flour mixture until moistened. 5. Turn dough out onto a lightly floured surface and knead briefly, 5 or 6 turns. 6. Pat or roll dough out into a 1/2-inch thick round. Cut into 8 wedge-shaped pieces and place onto the prepared baking sheet. 7. Bake scones in the preheated oven until golden brown on top, about 15 minutes.',
    'https://www.allrecipes.com/thmb/QNHISpyhhovPprLArXAV7iAMFdI=/1500x0/filters:no_upscale():max_bytes(150000):strip_icc()/AR-20175-Scones-DDMFS-4x3-69f9eccbf35b437c86a9c90e96ef37f9.jpg',
    'https://www.allrecipes.com/recipe/20175/scones/',
    'test'
);

INSERT INTO Food_Ingredient (FoodID, Ingredient)
VALUES ('f101_0232', N'3 cups all-purpose flour, plus more for kneading');

INSERT INTO Food_Ingredient (FoodID, Ingredient)
VALUES ('f101_0232', N'0.5 cup white sugar');

INSERT INTO Food_Ingredient (FoodID, Ingredient)
VALUES ('f101_0232', N'5 teaspoons baking powder');

INSERT INTO Food_Ingredient (FoodID, Ingredient)
VALUES ('f101_0232', N'0.5 teaspoon salt');

INSERT INTO Food_Ingredient (FoodID, Ingredient)
VALUES ('f101_0232', N'0.75 cup butter');

INSERT INTO Food_Ingredient (FoodID, Ingredient)
VALUES ('f101_0232', N'1 cup milk');

INSERT INTO Food_Ingredient (FoodID, Ingredient)
VALUES ('f101_0232', N'1 egg, beaten');

INSERT INTO Food (FoodID, Title, Description, Calories, Instructions, ImageURL, SourceURL, Partition)
VALUES (
    'f101_0233',
    N'Calamari',
    N'Crispy and tender, calamari is made by deep-frying lightly breaded rings of squid, often served with lemon wedges or dipping sauces.',
    642,
    N'1. Heat oil in a deep-fryer or large saucepan to 350 degrees F (175 degrees C). 2. Mix together flour, salt, oregano, and pepper in a medium bowl. Dredge squid in flour mixture. 3. Fry squid in hot oil until light brown, 2 to 3 minutes. Do not overcook, or squid will be tough. Drain squid on a paper towel-lined plate. Serve with lemon wedges.',
    'https://www.allrecipes.com/thmb/m-SKhPdfZtgDzWMnhs9Nr-v_iQc=/1500x0/filters:no_upscale():max_bytes(150000):strip_icc()/1117634-eaf11aef98de4d1b8b182bc3c5a43dc3.jpg',
    'https://www.allrecipes.com/recipe/12856/calamari/',
    'test'
);

INSERT INTO Food_Ingredient (FoodID, Ingredient)
VALUES ('f101_0233', N'3 cups vegetable oil');

INSERT INTO Food_Ingredient (FoodID, Ingredient)
VALUES ('f101_0233', N'0.25 cup all-purpose flour');

INSERT INTO Food_Ingredient (FoodID, Ingredient)
VALUES ('f101_0233', N'1 teaspoon salt');

INSERT INTO Food_Ingredient (FoodID, Ingredient)
VALUES ('f101_0233', N'1 teaspoon dried oregano');

INSERT INTO Food_Ingredient (FoodID, Ingredient)
VALUES ('f101_0233', N'0.5 teaspoon ground black pepper');

INSERT INTO Food_Ingredient (FoodID, Ingredient)
VALUES ('f101_0233', N'12 squid, cleaned and sliced into rings');

INSERT INTO Food_Ingredient (FoodID, Ingredient)
VALUES ('f101_0233', N'1 lemon - cut into wedges, for garnish');

INSERT INTO Food (FoodID, Title, Description, Calories, Instructions, ImageURL, SourceURL, Partition)
VALUES (
    'f101_0234',
    N'Kanafa',
    N'A rich Middle Eastern dessert made from shredded phyllo dough layered with sweet cheese, baked until golden, and drenched in fragrant syrup.',
    664,
    N'1. Preheat the oven to 400 degrees F (200 degrees C). 2. Prepare kanafa: Finely chop frozen, shredded phyllo dough using a food processor until the strands are about the size of a grain of rice. Pour into a large mixing bowl. 3. Mix together ricotta, mozzarella, and sugar in a separate bowl. 4. Place butter in a large, microwave-safe liquid measuring cup or bowl with a spout. Heat in a microwave until completely melted, and let it sit for several minutes until a thick white foam has formed on top. Clarify butter by using a spoon to skim off the foam. 5. Carefully pour butter into the bowl of phyllo dough. Avoid pouring in the white milk solids at the bottom of the clarified butter. Use your hands to mix butter and dough together. Make sure butter is absorbed by taking handfuls of the dough and rubbing it between your palms. 6. Evenly spread buttered phyllo dough into a 9x13-inch pan and firmly press it into the bottom and edges. Spread cheese mixture onto the dough, avoiding the edges of the pan. 7. Bake in the preheated oven until the cheese is slightly golden and the edges of dough are brown and bubbly, 30 to 35 minutes. 8. While the kanafa is baking, prepare the syrup: Combine 1 cup sugar and water in a small saucepan. Bring the mixture to a boil over medium-high heat. Reduce the heat to medium and stir in lemon juice. Simmer, stirring constantly, until the sugar is dissolved and the mixture is thickened, 5 to 7 minutes. Be careful not to let the mixture turn golden and caramelize. Remove from heat and add rose water; set aside. 9. Remove kanafa from the oven. Place a large platter or baking sheet over the baking dish. Using oven mitts, carefully invert the baking dish onto the platter so phyllo is on top. Pour syrup over kanafa. Cut into pieces and serve while hot.',
    'https://www.allrecipes.com/thmb/kg1VgTKuxWOAZQF5MYPokpN3dUw=/1500x0/filters:no_upscale():max_bytes(150000):strip_icc()/215590-Kanafa-RunnerGirl_5380518_original-4x3-1-7ccd6c22b31a4df4b4fdf26b270d803f.jpg',
    'https://www.allrecipes.com/recipe/215590/kanafa/',
    'test'
);

INSERT INTO Food_Ingredient (FoodID, Ingredient)
VALUES ('f101_0234', N'1 (16 ounce) box shredded phyllo dough (kataifi)');

INSERT INTO Food_Ingredient (FoodID, Ingredient)
VALUES ('f101_0234', N'1 (15 ounce) container ricotta cheese');

INSERT INTO Food_Ingredient (FoodID, Ingredient)
VALUES ('f101_0234', N'1 cup shredded mozzarella cheese');

INSERT INTO Food_Ingredient (FoodID, Ingredient)
VALUES ('f101_0234', N'0.33333334326744 cup white sugar');

INSERT INTO Food_Ingredient (FoodID, Ingredient)
VALUES ('f101_0234', N'12 ounces unsalted butter');

INSERT INTO Food_Ingredient (FoodID, Ingredient)
VALUES ('f101_0234', N'1 cup white sugar');

INSERT INTO Food_Ingredient (FoodID, Ingredient)
VALUES ('f101_0234', N'0.5 cup water');

INSERT INTO Food_Ingredient (FoodID, Ingredient)
VALUES ('f101_0234', N'1 teaspoon lemon juice');

INSERT INTO Food_Ingredient (FoodID, Ingredient)
VALUES ('f101_0234', N'0.125 teaspoon rose water');

INSERT INTO Food (FoodID, Title, Description, Calories, Instructions, ImageURL, SourceURL, Partition)
VALUES (
    'f101_0235',
    N'Italian Wedding Soup',
    N'A flavorful Italian-American soup combining tender meatballs, greens like escarole, and small pasta in a savory chicken broth.',
    416,
    N'1. Combine ground beef, egg, bread crumbs, Parmesan cheese, basil, and onion powder in a bowl. 2. Shape beef mixture into 3/4-inch balls and place on a parchment-lined tray. 3. Heat broth in a large pot over medium-high heat until boiling. Stir in escarole, orzo, carrot, and meatballs and return to boil. Reduce heat to medium and cook at slow boil, stirring frequently to prevent sticking, until pasta is tender yet firm to the bite, about 10 minutes. 4. Serve hot and enjoy!',
    'https://www.allrecipes.com/thmb/kTMNMi7KB3RwAaz_Vbw21LromSk=/1500x0/filters:no_upscale():max_bytes(150000):strip_icc()/13024-ItalianWeddingSoup1-mfs-2X3-1029-ce1a4649a2f44956a62784fb0322c774.jpg',
    'https://www.allrecipes.com/recipe/13024/italian-wedding-soup-i/',
    'test'
);

INSERT INTO Food_Ingredient (FoodID, Ingredient)
VALUES ('f101_0235', N'0.5 pound extra-lean ground beef');

INSERT INTO Food_Ingredient (FoodID, Ingredient)
VALUES ('f101_0235', N'1 large egg, lightly beaten');

INSERT INTO Food_Ingredient (FoodID, Ingredient)
VALUES ('f101_0235', N'2 tablespoons dry bread crumbs');

INSERT INTO Food_Ingredient (FoodID, Ingredient)
VALUES ('f101_0235', N'1 tablespoon grated Parmesan cheese');

INSERT INTO Food_Ingredient (FoodID, Ingredient)
VALUES ('f101_0235', N'0.5 teaspoon dried basil');

INSERT INTO Food_Ingredient (FoodID, Ingredient)
VALUES ('f101_0235', N'0.5 teaspoon onion powder');

INSERT INTO Food_Ingredient (FoodID, Ingredient)
VALUES ('f101_0235', N'5.75 cups chicken broth');

INSERT INTO Food_Ingredient (FoodID, Ingredient)
VALUES ('f101_0235', N'2 cups thinly sliced escarole');

INSERT INTO Food_Ingredient (FoodID, Ingredient)
VALUES ('f101_0235', N'1 cup uncooked orzo pasta');

INSERT INTO Food_Ingredient (FoodID, Ingredient)
VALUES ('f101_0235', N'0.33333334326744 cup finely chopped carrot');

INSERT INTO Food (FoodID, Title, Description, Calories, Instructions, ImageURL, SourceURL, Partition)
VALUES (
    'f101_0236',
    N'Terrific Turkey Chili',
    N'A hearty chili made with lean ground turkey, tomatoes, beans, and spices, offering a lighter but satisfying twist on the classic chili.',
    400,
    N'1. Heat 1 tablespoon of oil in a large stock pot over medium-high heat. Crumble turkey into the pot, stirring with a wooden spoon to break apart as much as possible. Season with taco seasoning mix, coriander, oregano, chili flakes, and tomato paste, and mix until meat is evenly coated with seasonings. Continue cooking, reducing heat if necessary, until turkey is well browned. 2. Pour in beef broth, and simmer to reduce liquid slightly, about 5 minutes. Add salsa, tomatoes, and green chilies, and continue cooking at a moderate simmer for ten minutes. Adjust the thickness at any time you feel necessary by adding water. 3. While chili is still cooking, heat one tablespoon of oil in a large skillet over medium-high heat. Cook onion and green bell pepper, stirring occasionally for 5 minutes, or until onion is translucent and bell pepper is lightly browned. Add onion and bell pepper to the chili, and continue cooking at a very low simmer. 4. In the same skillet, heat the remaining tablespoon of oil over medium-high heat. Add the zucchini, and cook stirring occasionally, for 5 minutes, or until lightly browned. Add the zucchini to the chili, reduce heat, and continue cooking 15 minutes more. Again, adjust the consistency with water as needed. 5. Ladle chili into serving bowls. Top with sour cream, green onion, and cheddar cheese, and serve.',
    'https://www.allrecipes.com/thmb/gzBRwtCKWKZpXr9tc6tOve6HhBw=/1500x0/filters:no_upscale():max_bytes(150000):strip_icc()/2352398-terrific-turkey-chili-Nicolette-1x1-1-a3bde930da7043618d1c1cd7695868e3.jpg',
    'https://www.allrecipes.com/recipe/62763/terrific-turkey-chili/',
    'test'
);

INSERT INTO Food_Ingredient (FoodID, Ingredient)
VALUES ('f101_0236', N'3 tablespoons vegetable oil, divided');

INSERT INTO Food_Ingredient (FoodID, Ingredient)
VALUES ('f101_0236', N'1.5 pounds ground turkey');

INSERT INTO Food_Ingredient (FoodID, Ingredient)
VALUES ('f101_0236', N'1 (1 ounce) package taco seasoning mix');

INSERT INTO Food_Ingredient (FoodID, Ingredient)
VALUES ('f101_0236', N'1 teaspoon ground coriander');

INSERT INTO Food_Ingredient (FoodID, Ingredient)
VALUES ('f101_0236', N'1 teaspoon dried oregano');

INSERT INTO Food_Ingredient (FoodID, Ingredient)
VALUES ('f101_0236', N'1 teaspoon chili pepper flakes');

INSERT INTO Food_Ingredient (FoodID, Ingredient)
VALUES ('f101_0236', N'2 tablespoons tomato paste');

INSERT INTO Food_Ingredient (FoodID, Ingredient)
VALUES ('f101_0236', N'1 (14.5 ounce) can beef broth');

INSERT INTO Food_Ingredient (FoodID, Ingredient)
VALUES ('f101_0236', N'1 (7 ounce) can salsa');

INSERT INTO Food_Ingredient (FoodID, Ingredient)
VALUES ('f101_0236', N'1 (14.5 ounce) can crushed tomatoes, or coarsely chopped tomatoes packed in puree');

INSERT INTO Food_Ingredient (FoodID, Ingredient)
VALUES ('f101_0236', N'1 (7 ounce) can chopped green chile peppers');

INSERT INTO Food_Ingredient (FoodID, Ingredient)
VALUES ('f101_0236', N'1 medium onion, finely chopped');

INSERT INTO Food_Ingredient (FoodID, Ingredient)
VALUES ('f101_0236', N'1 green bell pepper, diced');

INSERT INTO Food_Ingredient (FoodID, Ingredient)
VALUES ('f101_0236', N'3 medium zucchini, halved lengthwise and sliced');

INSERT INTO Food_Ingredient (FoodID, Ingredient)
VALUES ('f101_0236', N'1 bunch green onions, chopped');

INSERT INTO Food_Ingredient (FoodID, Ingredient)
VALUES ('f101_0236', N'1 cup sour cream');

INSERT INTO Food_Ingredient (FoodID, Ingredient)
VALUES ('f101_0236', N'1 cup shredded Cheddar cheese');

INSERT INTO Food (FoodID, Title, Description, Calories, Instructions, ImageURL, SourceURL, Partition)
VALUES (
    'f101_0237',
    N'Saucy Stuffed Peppers',
    N'Green bell peppers filled with a savory mix of ground meat and rice, simmered slowly in tomato juice for a rich, comforting dish.',
    467,
    N'1. Wash peppers thoroughly. Make a circular incision around stem to remove it. Remove seeds; rinse inside of pepper. Discard seeds and stems; set peppers aside. 2. Melt butter in a skillet over medium heat; sauté onion until translucent, 3 to 4 minutes. Transfer to a large bowl. 3. Mix ground beef into onions by hand. Season with salt and pepper. Slowly pour in rice while mixing by hand. Mix thoroughly. Stuff meat and rice mixture into peppers. 4. Coat the bottom of 1 or 2 large pots with oil. Place stuffed bell peppers into the pot(s), leaving a 2-inch space at the top. Pour in tomato juice until peppers are covered. If there is leftover meat mixture, form it into balls and add to tomato juice. 5. Cook over low heat, stirring every 20 to 45 minutes, until peppers split at the sides and juice thickens, 2 to 3 hours.',
    'https://www.allrecipes.com/thmb/Te8QkcJRhjxSnTsYR0oZ_h15BoQ=/1500x0/filters:no_upscale():max_bytes(150000):strip_icc()/3113284-2126f2576ea240d5b9f9f9831119364d.jpg',
    'https://www.allrecipes.com/recipe/25195/saucy-stuffed-peppers/',
    'test'
);

INSERT INTO Food_Ingredient (FoodID, Ingredient)
VALUES ('f101_0237', N'8 large green bell peppers');

INSERT INTO Food_Ingredient (FoodID, Ingredient)
VALUES ('f101_0237', N'6 tablespoons butter');

INSERT INTO Food_Ingredient (FoodID, Ingredient)
VALUES ('f101_0237', N'1 large yellow onion, diced');

INSERT INTO Food_Ingredient (FoodID, Ingredient)
VALUES ('f101_0237', N'1.5 pounds ground round');

INSERT INTO Food_Ingredient (FoodID, Ingredient)
VALUES ('f101_0237', N'salt to taste');

INSERT INTO Food_Ingredient (FoodID, Ingredient)
VALUES ('f101_0237', N'ground black pepper to taste');

INSERT INTO Food_Ingredient (FoodID, Ingredient)
VALUES ('f101_0237', N'1 cup uncooked white rice');

INSERT INTO Food_Ingredient (FoodID, Ingredient)
VALUES ('f101_0237', N'1 gallon tomato juice');

INSERT INTO Food (FoodID, Title, Description, Calories, Instructions, ImageURL, SourceURL, Partition)
VALUES (
    'f101_0238',
    N'Balsamic Brussels Sprouts with Feta Cheese and Walnuts',
    N'Roasted Brussels sprouts tossed in balsamic glaze, paired with red onions, cranberries, walnuts, and feta for a sweet-savory flavor.',
    227,
    N'1. Preheat the oven to 450 degrees F (230 degrees C). 2. Combine Brussels sprouts, red onion, and garlic in a bowl; drizzle balsamic vinegar, olive oil, and maple syrup over top and toss to coat. Season with salt and black pepper; transfer to a baking sheet. 3. Roast in the preheated oven until sprouts are tender and sauce thickened, about 40 minutes. 4. Transfer Brussels sprouts mixture to a serving bowl. Add walnuts, cranberries, and feta cheese; stir to combine.',
    'https://www.allrecipes.com/thmb/Hv8NHSktoosMNDP9zBY8v2XoZwU=/1500x0/filters:no_upscale():max_bytes(150000):strip_icc()/2104750-7e55733643b24d10945a46b0e98250bd.jpg',
    'https://www.allrecipes.com/recipe/240811/balsamic-brussels-sprouts-with-feta-cheese-and-walnuts/',
    'test'
);

INSERT INTO Food_Ingredient (FoodID, Ingredient)
VALUES ('f101_0238', N'1 pound Brussels sprouts, trimmed and halved');

INSERT INTO Food_Ingredient (FoodID, Ingredient)
VALUES ('f101_0238', N'1 large red onion, chopped');

INSERT INTO Food_Ingredient (FoodID, Ingredient)
VALUES ('f101_0238', N'6 cloves garlic, chopped');

INSERT INTO Food_Ingredient (FoodID, Ingredient)
VALUES ('f101_0238', N'0.33333334326744 cup balsamic vinegar');

INSERT INTO Food_Ingredient (FoodID, Ingredient)
VALUES ('f101_0238', N'0.25 cup olive oil');

INSERT INTO Food_Ingredient (FoodID, Ingredient)
VALUES ('f101_0238', N'2 tablespoons maple syrup');

INSERT INTO Food_Ingredient (FoodID, Ingredient)
VALUES ('f101_0238', N'salt and ground black pepper to taste');

INSERT INTO Food_Ingredient (FoodID, Ingredient)
VALUES ('f101_0238', N'0.25 cup walnuts');

INSERT INTO Food_Ingredient (FoodID, Ingredient)
VALUES ('f101_0238', N'0.25 cup sweetened dried cranberries');

INSERT INTO Food_Ingredient (FoodID, Ingredient)
VALUES ('f101_0238', N'2 ounces crumbled feta cheese');

INSERT INTO Food (FoodID, Title, Description, Calories, Instructions, ImageURL, SourceURL, Partition)
VALUES (
    'f101_0239',
    N'Parmesan Roasted Cauliflower',
    N'Whole cauliflower brushed with a savory mix of mayonnaise, garlic, and Parmesan, then roasted to golden perfection and topped with chives.',
    135,
    N'1. Preheat the oven to 350 degrees F (175 degrees F). 2. Cut off leaves and bottom core from cauliflower. Place in a shallow microwave-safe baking dish and add about 1-inch water. 3. Microwave on high for 8 minutes. Drain. 4. Stir together mayonnaise, Parmesan cheese, and garlic in a small bowl until combined. Spread all over cauliflower. 5. Bake in the preheated oven until tender and golden brown, 15 to 20 minutes. Sprinkle with chives to serve.',
    'https://www.allrecipes.com/thmb/WhH4elqk4Mu2ZXJGt9QHnLQrcfE=/1500x0/filters:no_upscale():max_bytes(150000):strip_icc()/8874158-75c8e3caa5974c50b1fc061abca3155b.jpg',
    'https://www.allrecipes.com/recipe/264144/parmesan-roasted-cauliflower/',
    'test'
);

INSERT INTO Food_Ingredient (FoodID, Ingredient)
VALUES ('f101_0239', N'1 (3 pound) cauliflower');

INSERT INTO Food_Ingredient (FoodID, Ingredient)
VALUES ('f101_0239', N'0.25 cup water, or as needed');

INSERT INTO Food_Ingredient (FoodID, Ingredient)
VALUES ('f101_0239', N'0.75 cup mayonnaise');

INSERT INTO Food_Ingredient (FoodID, Ingredient)
VALUES ('f101_0239', N'0.25 cup grated Parmesan cheese');

INSERT INTO Food_Ingredient (FoodID, Ingredient)
VALUES ('f101_0239', N'2 cloves garlic, minced');

INSERT INTO Food_Ingredient (FoodID, Ingredient)
VALUES ('f101_0239', N'1 tablespoon chopped fresh chives');

INSERT INTO Food (FoodID, Title, Description, Calories, Instructions, ImageURL, SourceURL, Partition)
VALUES (
    'f101_0240',
    N'Fudge',
    N'A rich, creamy confection made with melted chocolate, condensed milk, and butter, often mixed with nuts and chilled until firm.',
    359,
    N'1. Gather all ingredients. 2. Combine chocolate chips, condensed milk, and butter in large microwave-safe bowl. Microwave on medium heat until chips are melted, 3 to 5 minutes, stirring once or twice during the cooking. 3. Meanwhile, generously grease an 8-inch square glass baking dish. 4. Remove chocolate mixture from the microwave and stir in nuts. Pour into the prepared dish. 5. Refrigerate until fudge is set, about 2 hours. 6. Cut into 16 squares.',
    'https://www.allrecipes.com/thmb/lV9Jh94CrPSAgOqqd8leWzM78j8=/1500x0/filters:no_upscale():max_bytes(150000):strip_icc()/9368-fudge-mfs225-1x1-1-eb60c40a7a9c4a6887a782aa660c32c1.jpg',
    'https://www.allrecipes.com/recipe/9368/fudge/',
    'test'
);

INSERT INTO Food_Ingredient (FoodID, Ingredient)
VALUES ('f101_0240', N'3 cups semisweet chocolate chips');

INSERT INTO Food_Ingredient (FoodID, Ingredient)
VALUES ('f101_0240', N'1 (14 ounce) can sweetened condensed milk');

INSERT INTO Food_Ingredient (FoodID, Ingredient)
VALUES ('f101_0240', N'0.25 cup unsalted butter, cut into pieces');

INSERT INTO Food_Ingredient (FoodID, Ingredient)
VALUES ('f101_0240', N'1 cup chopped walnuts');

INSERT INTO Food (FoodID, Title, Description, Calories, Instructions, ImageURL, SourceURL, Partition)
VALUES (
    'f101_0241',
    N'Matzah',
    N'A traditional unleavened flatbread central to Jewish Passover, Matzah is thin, crisp, and made quickly with just flour and water to prevent fermentation.',
    63,
    N'1. Preheat the oven to 475 degrees F (245 degrees C). Move an oven rack to the top position. Preheat a heavy baking sheet in the oven. 2. Dust a clean work surface and a rolling pin with 1 teaspoon flour, or as needed. 3. Place 1 cup flour into a mixing bowl; set a timer for 16 minutes (18 minutes maximum). Start the timer; pour water, 1 tablespoon at a time, into flour. Stir with a fork until dough forms a rough ball. 4. Transfer dough to the prepared work surface; knead rapidly and firmly until smooth, 30 seconds to 1 minute. 5. Divide dough into 4 equal-sized pieces; cut each piece in half to get 8 pieces. Swiftly roll each piece into a ball. Working from the center, roll out each dough piece into a 5-inch-diameter round, dusting with flour as needed. Continue to gradually roll dough out to a diameter of about 8 inches, increasing each size by about 1 inch, then letting dough rest for a few seconds before rolling again to the finished size. The dough rounds will be very thin. 6. Use a fork to quickly pierce through each dough round about 25 times, all over, to prevent rising. Flip dough over and pierce each piece again 25 times. 7. With at least 5 minutes left on the timer, remove the hot baking sheet from the preheated oven and place dough rounds onto the baking sheet. 8. Bake on the top rack in the preheated oven for 2 minutes; flip matzah over and bake until lightly browned and crisp, about 2 more minutes. 9. Transfer to a wire rack to cool. Use a brush to lightly anoint each matzah with olive oil. Season generously with salt.',
    'https://www.allrecipes.com/thmb/s9gY8Ys0yo0n_T2EfuljtH2bnCg=/1500x0/filters:no_upscale():max_bytes(150000):strip_icc()/213682_matzah_ddmfs_4x3_1203-5da9d52c55bc4c008afc20451d4653c6.jpg',
    'https://www.allrecipes.com/recipe/213682/matzah/',
    'test'
);

INSERT INTO Food_Ingredient (FoodID, Ingredient)
VALUES ('f101_0241', N'1 teaspoon all-purpose flour for dusting*');

INSERT INTO Food_Ingredient (FoodID, Ingredient)
VALUES ('f101_0241', N'1 cup all-purpose flour*');

INSERT INTO Food_Ingredient (FoodID, Ingredient)
VALUES ('f101_0241', N'0.33333334326744 cup water, or more if needed');

INSERT INTO Food_Ingredient (FoodID, Ingredient)
VALUES ('f101_0241', N'0.5 teaspoon kosher salt, or as needed');

INSERT INTO Food_Ingredient (FoodID, Ingredient)
VALUES ('f101_0241', N'1 teaspoon olive oil, or as needed');

INSERT INTO Food (FoodID, Title, Description, Calories, Instructions, ImageURL, SourceURL, Partition)
VALUES (
    'f101_0242',
    N'World''s Best Lasagna',
    N'A rich and hearty Italian-American classic layered with meat sauce, ricotta cheese, mozzarella, and tender lasagna noodles, baked until bubbly and golden.',
    448,
    N'1. Gather all your ingredients. 2. Cook sausage, ground beef, onion, and garlic in a Dutch oven over medium heat until well browned. 3. Stir in crushed tomatoes, tomato sauce, tomato paste, and water. Season with sugar, 2 tablespoons parsley, basil, 1 teaspoon salt, Italian seasoning, fennel seeds, and pepper. Simmer, covered, for about 1 ½ hours, stirring occasionally. 4. Bring a large pot of lightly salted water to a boil. Cook lasagna noodles in boiling water for 8 to 10 minutes. Drain noodles, and rinse with cold water. 5. In a mixing bowl, combine ricotta cheese with egg, remaining 2 tablespoons parsley, and 1/2 teaspoon salt. 6. Preheat the oven to 375 degrees F (190 degrees C). 7. To assemble, spread 1 ½ cups of meat sauce in the bottom of a 9x13-inch baking dish. Arrange 6 noodles lengthwise over meat sauce, overlapping slightly. Spread with 1/2 of the ricotta cheese mixture. Top with 1/3 of the mozzarella cheese slices. Spoon 1 ½ cups meat sauce over mozzarella, and sprinkle with 1/4 cup Parmesan cheese. 8. Repeat layers, and top with remaining mozzarella and Parmesan cheese. Cover with foil: to prevent sticking, either spray foil with cooking spray or make sure the foil does not touch the cheese. 9. Bake in the preheated oven for 25 minutes. Remove the foil and bake for an additional 25 minutes. 10. Rest lasagna for 15 minutes before serving.',
    'https://www.allrecipes.com/thmb/htylprTl3RuTsFquG9YtbU1pzy0=/1500x0/filters:no_upscale():max_bytes(150000):strip_icc()/23600-worlds-best-lasagna-DDMFS-4x3-1196-24c5401652934ffb96d3d94bc9fbe2d7.jpg',
    'https://www.allrecipes.com/recipe/23600/worlds-best-lasagna/',
    'test'
);

INSERT INTO Food_Ingredient (FoodID, Ingredient)
VALUES ('f101_0242', N'1 pound sweet Italian sausage');

INSERT INTO Food_Ingredient (FoodID, Ingredient)
VALUES ('f101_0242', N'0.75 pound lean ground beef');

INSERT INTO Food_Ingredient (FoodID, Ingredient)
VALUES ('f101_0242', N'0.5 cup minced onion');

INSERT INTO Food_Ingredient (FoodID, Ingredient)
VALUES ('f101_0242', N'2 cloves garlic, crushed');

INSERT INTO Food_Ingredient (FoodID, Ingredient)
VALUES ('f101_0242', N'1 (28 ounce) can crushed tomatoes');

INSERT INTO Food_Ingredient (FoodID, Ingredient)
VALUES ('f101_0242', N'2 (6.5 ounce) cans canned tomato sauce');

INSERT INTO Food_Ingredient (FoodID, Ingredient)
VALUES ('f101_0242', N'2 (6 ounce) cans tomato paste');

INSERT INTO Food_Ingredient (FoodID, Ingredient)
VALUES ('f101_0242', N'0.5 cup water');

INSERT INTO Food_Ingredient (FoodID, Ingredient)
VALUES ('f101_0242', N'2 tablespoons white sugar');

INSERT INTO Food_Ingredient (FoodID, Ingredient)
VALUES ('f101_0242', N'4 tablespoons chopped fresh parsley, divided');

INSERT INTO Food_Ingredient (FoodID, Ingredient)
VALUES ('f101_0242', N'1.5 teaspoons dried basil leaves');

INSERT INTO Food_Ingredient (FoodID, Ingredient)
VALUES ('f101_0242', N'1.5 teaspoons salt, divided, or to taste');

INSERT INTO Food_Ingredient (FoodID, Ingredient)
VALUES ('f101_0242', N'1 teaspoon Italian seasoning');

INSERT INTO Food_Ingredient (FoodID, Ingredient)
VALUES ('f101_0242', N'0.5 teaspoon fennel seeds');

INSERT INTO Food_Ingredient (FoodID, Ingredient)
VALUES ('f101_0242', N'0.25 teaspoon ground black pepper');

INSERT INTO Food_Ingredient (FoodID, Ingredient)
VALUES ('f101_0242', N'12 lasagna noodles');

INSERT INTO Food_Ingredient (FoodID, Ingredient)
VALUES ('f101_0242', N'16 ounces ricotta cheese');

INSERT INTO Food_Ingredient (FoodID, Ingredient)
VALUES ('f101_0242', N'1 egg');

INSERT INTO Food_Ingredient (FoodID, Ingredient)
VALUES ('f101_0242', N'0.75 pound mozzarella cheese, sliced');

INSERT INTO Food_Ingredient (FoodID, Ingredient)
VALUES ('f101_0242', N'0.75 cup grated Parmesan cheese');

INSERT INTO Food (FoodID, Title, Description, Calories, Instructions, ImageURL, SourceURL, Partition)
VALUES (
    'f101_0243',
    N'Grilled Salmon',
    N'Flavorful and tender salmon fillets marinated in a savory soy-brown sugar glaze, then grilled to perfection with a hint of smokiness.',
    318,
    N'1. Gather all ingredients. 2. Season salmon fillets with lemon pepper, garlic powder, and salt. 3. Stir soy sauce, brown sugar, water, and vegetable oil together in a small bowl until sugar is dissolved. Place fish in a large resealable plastic bag; add soy sauce mixture, seal, and turn to coat. Refrigerate for at least 2 hours. 4. Preheat an outdoor grill for medium heat and lightly oil the grate. 5. Place salmon on the preheated grill, and discard marinade. Cook salmon until fish flakes easily with a fork, about 6 to 8 minutes per side. 6. Serve and enjoy!',
    'https://www.allrecipes.com/thmb/CfocX_0yH5_hFxtbFkzoWXrlycs=/1500x0/filters:no_upscale():max_bytes(150000):strip_icc()/ALR-12720-grilled-salmon-i-VAT-4x3-888cac0fb8a34f6fbde7bf836850cd1c.jpg',
    'https://www.allrecipes.com/recipe/12720/grilled-salmon-i/',
    'test'
);

INSERT INTO Food_Ingredient (FoodID, Ingredient)
VALUES ('f101_0243', N'1.5 pounds salmon fillets');

INSERT INTO Food_Ingredient (FoodID, Ingredient)
VALUES ('f101_0243', N'lemon pepper to taste');

INSERT INTO Food_Ingredient (FoodID, Ingredient)
VALUES ('f101_0243', N'garlic powder to taste');

INSERT INTO Food_Ingredient (FoodID, Ingredient)
VALUES ('f101_0243', N'salt to taste');

INSERT INTO Food_Ingredient (FoodID, Ingredient)
VALUES ('f101_0243', N'0.33333334326744 cup soy sauce');

INSERT INTO Food_Ingredient (FoodID, Ingredient)
VALUES ('f101_0243', N'0.33333334326744 cup brown sugar');

INSERT INTO Food_Ingredient (FoodID, Ingredient)
VALUES ('f101_0243', N'0.33333334326744 cup water');

INSERT INTO Food_Ingredient (FoodID, Ingredient)
VALUES ('f101_0243', N'0.25 cup vegetable oil');

INSERT INTO Food (FoodID, Title, Description, Calories, Instructions, ImageURL, SourceURL, Partition)
VALUES (
    'f101_0244',
    N'I Don''t Know',
    N'A hearty layered casserole combining ground beef, vegetables, mushroom soup, potatoes, and melted cheese—perfect when you can''t decide what to cook.',
    471,
    N'1. Preheat the oven to 350 degrees F (175 degrees C). In a medium bowl, stir together the mixed vegetables and mushroom soup. Set aside. 2. Place the potatoes in a large saucepan with enough water to cover. Bring to a boil, then simmer over medium heat until tender, about 5 minutes. Drain and set aside. 3. Meanwhile, crumble the ground beef into a large skillet over medium-high heat. Cook until evenly browned, stirring to break up large lumps. Drain excess grease from the beef and place in the bottom of a 9x13 inch baking dish. Pour the vegetable mixture over the beef, then arrange the potato slices over the vegetables. Season with salt and pepper. Sprinkle cheese over the top. 4. Bake uncovered for 25 minutes in the preheated oven, until cheese is melted and the dish is heated through and bubbly.',
    'https://www.allrecipes.com/thmb/tSqMy316YAXZLL9g66gOotAzhzU=/1500x0/filters:no_upscale():max_bytes(150000):strip_icc()/6665008_i-dont-know_fabeveryday_4x3-dbad883f395145f08ea48370faa2df5b.jpg',
    'https://www.allrecipes.com/recipe/71484/i-dont-know/',
    'test'
);

INSERT INTO Food_Ingredient (FoodID, Ingredient)
VALUES ('f101_0244', N'7 small baking potatoes, peeled and sliced');

INSERT INTO Food_Ingredient (FoodID, Ingredient)
VALUES ('f101_0244', N'1 pound ground beef');

INSERT INTO Food_Ingredient (FoodID, Ingredient)
VALUES ('f101_0244', N'1 (16 ounce) package frozen mixed vegetables, thawed');

INSERT INTO Food_Ingredient (FoodID, Ingredient)
VALUES ('f101_0244', N'1 (10.75 ounce) can condensed cream of mushroom soup');

INSERT INTO Food_Ingredient (FoodID, Ingredient)
VALUES ('f101_0244', N'1 cup shredded Cheddar cheese');

INSERT INTO Food_Ingredient (FoodID, Ingredient)
VALUES ('f101_0244', N'salt and pepper to taste');

INSERT INTO Food (FoodID, Title, Description, Calories, Instructions, ImageURL, SourceURL, Partition)
VALUES (
    'f101_0245',
    N'Chef John''s Pumpkin-Braised Pork',
    N'Succulent pork shoulder slowly braised in hard cider inside a whole pumpkin, infused with warm spices and herbs for a festive, autumnal dish.',
    348,
    N'1. Cut pork into large chunks; place in a bowl. Add shallots, salt, rosemary, black pepper, fennel seeds, thyme, and cayenne pepper; mix thoroughly. Cover pork with parchment paper. Refrigerate to let flavors develop, 8 hours to overnight. 2. Preheat the oven to 350 degrees F (175 degrees C). 3. Add flour to pork; toss to coat. Heat oil in a skillet over medium-high heat. Cook pork in 2 batches until browned, about 3 minutes per side. 4. Slowly cut top off pumpkin by inserting the tip of a knife at a 45-degree angle into top; cut all the way around to remove "lid" with stem. Scrape seeds and fibers off bottom of lid and inside pumpkin using a large spoon or ice cream scoop. 5. Line bottom of a baking pan with parchment paper; place pumpkin on top. Stuff pumpkin with browned pork; pour in cider. Cover with pumpkin lid. 6. Bake in the preheated oven until pork is very tender, about 4 hours, adding a little more cider after a few hours, since it evaporates a lot. Remove from oven; rest. Brush pumpkin with some rendered fat from bottom of the pan. 7. Scoop pork onto serving plates; cut pumpkin into pieces to serve. Combine remaining rendered fat with cooking liquid from inside pumpkin; rest 3 to 5 minutes. Skim most fat off top of sauce; spoon over pork.',
    'https://www.allrecipes.com/thmb/3tr70zrbqvLyLVmTRxTwxNrxyKw=/1500x0/filters:no_upscale():max_bytes(150000):strip_icc()/5922459-4523adc0a2d0464eb95454d6055de9cd.jpg',
    'https://www.allrecipes.com/recipe/268930/chef-johns-pumpkin-braised-pork/',
    'test'
);

INSERT INTO Food_Ingredient (FoodID, Ingredient)
VALUES ('f101_0245', N'3.5 pounds boneless pork shoulder');

INSERT INTO Food_Ingredient (FoodID, Ingredient)
VALUES ('f101_0245', N'0.33333334326744 cup thinly sliced shallots');

INSERT INTO Food_Ingredient (FoodID, Ingredient)
VALUES ('f101_0245', N'1 tablespoon kosher salt');

INSERT INTO Food_Ingredient (FoodID, Ingredient)
VALUES ('f101_0245', N'1 tablespoon chopped fresh rosemary');

INSERT INTO Food_Ingredient (FoodID, Ingredient)
VALUES ('f101_0245', N'2 teaspoons freshly ground black pepper');

INSERT INTO Food_Ingredient (FoodID, Ingredient)
VALUES ('f101_0245', N'1 teaspoon crushed fennel seeds');

INSERT INTO Food_Ingredient (FoodID, Ingredient)
VALUES ('f101_0245', N'0.5 teaspoon dried thyme');

INSERT INTO Food_Ingredient (FoodID, Ingredient)
VALUES ('f101_0245', N'0.25 teaspoon cayenne pepper');

INSERT INTO Food_Ingredient (FoodID, Ingredient)
VALUES ('f101_0245', N'2 tablespoons all-purpose flour');

INSERT INTO Food_Ingredient (FoodID, Ingredient)
VALUES ('f101_0245', N'1 tablespoon olive oil');

INSERT INTO Food_Ingredient (FoodID, Ingredient)
VALUES ('f101_0245', N'1 volleyball-sized sugar pumpkin');

INSERT INTO Food_Ingredient (FoodID, Ingredient)
VALUES ('f101_0245', N'2 cups hard apple cider, or more as needed');

INSERT INTO Food (FoodID, Title, Description, Calories, Instructions, ImageURL, SourceURL, Partition)
VALUES (
    'f101_0246',
    N'Strange But True Casserole',
    N'An unconventional but comforting casserole of ground turkey, veggies, and spaghetti with meat sauce, baked with seasoned bread crumbs on top.',
    350,
    N'1. Preheat oven to 350 degrees F (175 degrees C). 2. Brown turkey in a large skillet until no longer pink, 10 to 15 minutes; drain. Add garlic, pepper, bell pepper and onion to browned turkey meat; stir together and saute until onion becomes transparent, 5 to 7 minutes. 3. Stir in soup and let cook for 2 minutes, then stir in spaghetti and mix until well blended. Transfer mixture into a 2 1/2 liter casserole dish and place in oven. 4. Bake in preheated oven for 35 minutes. Remove from oven, sprinkle bread crumbs on top and bake for another 10 minutes.',
    'https://www.allrecipes.com/thmb/h9Fm27lUrYVo8rbfXFL5H8P0578=/1500x0/filters:no_upscale():max_bytes(150000):strip_icc()/5060163-b600d7286ab14ae39c490fc6e1f96bf1.jpg',
    'https://www.allrecipes.com/recipe/23826/strange-but-true-casserole/',
    'test'
);

INSERT INTO Food_Ingredient (FoodID, Ingredient)
VALUES ('f101_0246', N'1 pound ground turkey');

INSERT INTO Food_Ingredient (FoodID, Ingredient)
VALUES ('f101_0246', N'2 tablespoons minced garlic');

INSERT INTO Food_Ingredient (FoodID, Ingredient)
VALUES ('f101_0246', N'2 tablespoons ground black pepper');

INSERT INTO Food_Ingredient (FoodID, Ingredient)
VALUES ('f101_0246', N'1 green bell pepper, seeded and chopped');

INSERT INTO Food_Ingredient (FoodID, Ingredient)
VALUES ('f101_0246', N'1 yellow onion, chopped');

INSERT INTO Food_Ingredient (FoodID, Ingredient)
VALUES ('f101_0246', N'1 (10.75 ounce) can condensed cream of mushroom soup');

INSERT INTO Food_Ingredient (FoodID, Ingredient)
VALUES ('f101_0246', N'2 (14.75 ounce) cans spaghetti with meat sauce');

INSERT INTO Food_Ingredient (FoodID, Ingredient)
VALUES ('f101_0246', N'1 cup Italian-style seasoned bread crumbs');

INSERT INTO Food (FoodID, Title, Description, Calories, Instructions, ImageURL, SourceURL, Partition)
VALUES (
    'f101_0247',
    N'Chef John''s Duchess Potatoes',
    N'Elegant swirls of creamy mashed potatoes enriched with egg yolks, butter, and nutmeg, baked until golden and crisp on the edges.',
    168,
    N'1. Add potatoes to a large pot of very well salted cold water and bring to a boil over high heat. Reduce heat to medium-low and simmer until potatoes are very tender but not falling apart, 30 to 45 minutes. Drain very well, and let sit in strainer for at least 5 minutes. 2. Transfer to a bowl, and mash potatoes until smooth. Add 3 tablespoons butter, salt, cayenne, and nutmeg, and continue mashing and mixing until butter completely disappears and mixture is smooth. 3. Add cream and egg yolks, and whisk vigorously until mixture is very smooth. Taste to check seasoning and adjust to your liking. Cover and let mashed potatoes cool to room temperature. 4. Preheat the oven to 450 degrees F (220 degrees C). Line a baking sheet with parchment paper. 5. Spoon mixture into a piping bag. Pipe 12 portions on the prepared baking sheet (alternatively you can scoop out 12 portions). Chill potatoes in the refrigerator until you''re ready to bake them. 6. Drizzle or lightly brush melted butter over each duchess potato. 7. Bake in the preheated oven until well browned, about 20 minutes.',
    'https://www.allrecipes.com/thmb/Tfu82UPv9jsML_42b1CyYHT8OFA=/1500x0/filters:no_upscale():max_bytes(150000):strip_icc()/Chef-Johns-Duchess-Potatoes-1x1-1-2000-f8fa137efb8243aebc4e88cd18f84083.jpg',
    'https://www.allrecipes.com/recipe/8522320/chef-johns-duchess-potatoes/',
    'test'
);

INSERT INTO Food_Ingredient (FoodID, Ingredient)
VALUES ('f101_0247', N'3 pounds russet potatoes, peeled and quartered');

INSERT INTO Food_Ingredient (FoodID, Ingredient)
VALUES ('f101_0247', N'3 tablespoons cold unsalted butter');

INSERT INTO Food_Ingredient (FoodID, Ingredient)
VALUES ('f101_0247', N'2 teaspoons kosher salt, or to taste');

INSERT INTO Food_Ingredient (FoodID, Ingredient)
VALUES ('f101_0247', N'1 pinch cayenne pepper');

INSERT INTO Food_Ingredient (FoodID, Ingredient)
VALUES ('f101_0247', N'1 pinch ground nutmeg');

INSERT INTO Food_Ingredient (FoodID, Ingredient)
VALUES ('f101_0247', N'0.333 cup cream');

INSERT INTO Food_Ingredient (FoodID, Ingredient)
VALUES ('f101_0247', N'3 large egg yolks');

INSERT INTO Food_Ingredient (FoodID, Ingredient)
VALUES ('f101_0247', N'2 tablespoons melted butter');

INSERT INTO Food (FoodID, Title, Description, Calories, Instructions, ImageURL, SourceURL, Partition)
VALUES (
    'f101_0248',
    N'Lobster Newberg',
    N'A luxurious seafood dish featuring sautéed lobster in a creamy sherry-egg sauce, delicately seasoned with nutmeg and cayenne pepper.',
    297,
    N'1. Season lobster tails with salt. 2. Heat clarified butter in a large skillet over medium-high heat. Place tails, meat-side down, in hot butter, and sauté until just cooked through, about 2 minutes per side. Transfer to a plate to cool. 3. Pour sherry into the skillet and bring to a boil while scraping the browned bits of food off of the bottom of the skillet with a wooden spoon. Cook until sherry is reduced by half, about 1 minute. Remove skillet from heat. 4. Pull meat from shells; discard shells and roughly chop lobster meat. Pour any accumulated juices from the plate into sherry mixture in the skillet. 5. Whisk cream, egg yolks, nutmeg, and cayenne pepper together in a bowl. 6. Whisk cream mixture into sherry mixture, return skillet to medium-low heat, and cook, stirring constantly, until sauce is thick enough to coat the back of a spoon, 3 to 7 minutes. Stir lobster into sauce and cook until heated through. Season with parsley and salt.',
    'https://www.allrecipes.com/thmb/3VI-ALSoAo4P0TLv-6AuouIvXXo=/1500x0/filters:no_upscale():max_bytes(150000):strip_icc()/4253962-lobster-newberg-Chef-John-1x1-1-aed76924deae41038c1cb5429c4916b7.jpg',
    'https://www.allrecipes.com/recipe/240525/lobster-newberg/',
    'test'
);

INSERT INTO Food_Ingredient (FoodID, Ingredient)
VALUES ('f101_0248', N'4 (4 ounce) lobster tails, split in half');

INSERT INTO Food_Ingredient (FoodID, Ingredient)
VALUES ('f101_0248', N'salt to taste');

INSERT INTO Food_Ingredient (FoodID, Ingredient)
VALUES ('f101_0248', N'2 tablespoons clarified butter');

INSERT INTO Food_Ingredient (FoodID, Ingredient)
VALUES ('f101_0248', N'2 tablespoons sherry wine');

INSERT INTO Food_Ingredient (FoodID, Ingredient)
VALUES ('f101_0248', N'0.5 cup heavy whipping cream');

INSERT INTO Food_Ingredient (FoodID, Ingredient)
VALUES ('f101_0248', N'2 large egg yolks');

INSERT INTO Food_Ingredient (FoodID, Ingredient)
VALUES ('f101_0248', N'1 pinch freshly grated nutmeg');

INSERT INTO Food_Ingredient (FoodID, Ingredient)
VALUES ('f101_0248', N'1 pinch cayenne pepper, or to taste');

INSERT INTO Food_Ingredient (FoodID, Ingredient)
VALUES ('f101_0248', N'1 tablespoon chopped fresh flat-leaf parsley, or to taste');

INSERT INTO Food (FoodID, Title, Description, Calories, Instructions, ImageURL, SourceURL, Partition)
VALUES (
    'f101_0249',
    N'Taco Tuesday Casserole',
    N'A Tex-Mex layered bake of seasoned ground beef, tortillas, corn, cheese, and crunchy chips, topped with tomatoes and olives for a festive dinner.',
    556,
    N'1. Preheat oven to 350 degrees F (175 degrees C). Spray a 9x13-inch baking dish with cooking spray. 2. Heat a large skillet over medium-high heat. Cook and stir beef in the hot skillet until almost browned and crumbly, about 5 minutes. Add onion; cook and stir until beef is browned and onion is softened, about 5 minutes more. Mix water and taco seasoning into beef mixture; simmer until water evaporates, about 5 minutes. 3. Line the prepared baking dish with tortillas and top with 1/2 of the ground beef mixture. Spoon 1/2 of the corn over the beef layer and top with 1/3 of the Cheddar cheese. Crush tortilla chips over cheese layer. Repeat layers with remaining ingredients, ending with Cheddar cheese, tomatoes, and olives. 4. Bake in the preheated oven until heated through and cheese is melted, 15 to 20 minutes.',
    'https://www.allrecipes.com/thmb/ooSXtbk4eopYtxeb1jGlUTC_gZo=/1500x0/filters:no_upscale():max_bytes(150000):strip_icc()/8506403-83a2cd9f13f24ac693ca6c0ffbcf5f1e.jpg',
    'https://www.allrecipes.com/recipe/241260/taco-tuesday-casserole/',
    'test'
);

INSERT INTO Food_Ingredient (FoodID, Ingredient)
VALUES ('f101_0249', N'cooking spray');

INSERT INTO Food_Ingredient (FoodID, Ingredient)
VALUES ('f101_0249', N'2 pounds ground beef');

INSERT INTO Food_Ingredient (FoodID, Ingredient)
VALUES ('f101_0249', N'0.5 cup diced onion');

INSERT INTO Food_Ingredient (FoodID, Ingredient)
VALUES ('f101_0249', N'1.5 cups water');

INSERT INTO Food_Ingredient (FoodID, Ingredient)
VALUES ('f101_0249', N'9 tablespoons taco seasoning mix');

INSERT INTO Food_Ingredient (FoodID, Ingredient)
VALUES ('f101_0249', N'5 flour tortillas');

INSERT INTO Food_Ingredient (FoodID, Ingredient)
VALUES ('f101_0249', N'1 (10 ounce) can whole kernel corn, drained');

INSERT INTO Food_Ingredient (FoodID, Ingredient)
VALUES ('f101_0249', N'2 cups shredded Cheddar cheese');

INSERT INTO Food_Ingredient (FoodID, Ingredient)
VALUES ('f101_0249', N'8 corn tortilla chips, or more to taste');

INSERT INTO Food_Ingredient (FoodID, Ingredient)
VALUES ('f101_0249', N'0.25 cup diced tomatoes, or to taste');

INSERT INTO Food_Ingredient (FoodID, Ingredient)
VALUES ('f101_0249', N'2 tablespoons chopped olives, or to taste');

INSERT INTO Food (FoodID, Title, Description, Calories, Instructions, ImageURL, SourceURL, Partition)
VALUES (
    'f101_0250',
    N'Shipwreck Casserole',
    N'A one-pot comfort dish with ground beef, macaroni and cheese, tomatoes, peas, and corn—simple, hearty, and sure to please the whole family.',
    636,
    N'1. Heat a large skillet over medium-high heat. Cook and stir beef in the hot skillet until browned and crumbly, 5 to 7 minutes. 2. Stir pasta and cheese mixture from macaroni and cheese package into beef. Stir in tomatoes, milk, peas, and corn; bring to a boil, reduce heat to medium-low, cover, and simmer until noodles are tender, about 12 minutes. 3. Season with seasoned salt. Stir 1/2 of the Cheddar cheese into dish to melt. Top with remaining cheese.',
    'https://www.allrecipes.com/thmb/hQdn_HxhEyiLyAiEvpIRUb2QqWo=/1500x0/filters:no_upscale():max_bytes(150000):strip_icc()/240605ShipwreckDinnerfabeveryday4x3-3ab919ad0ad346039e752db2cc569f9a.jpg',
    'https://www.allrecipes.com/recipe/240605/shipwreck-dinner/',
    'test'
);

INSERT INTO Food_Ingredient (FoodID, Ingredient)
VALUES ('f101_0250', N'1 pound lean ground beef');

INSERT INTO Food_Ingredient (FoodID, Ingredient)
VALUES ('f101_0250', N'1 (7.25 ounce) package macaroni and cheese mix');

INSERT INTO Food_Ingredient (FoodID, Ingredient)
VALUES ('f101_0250', N'1 (14.5 ounce) can diced tomatoes');

INSERT INTO Food_Ingredient (FoodID, Ingredient)
VALUES ('f101_0250', N'1 cup milk');

INSERT INTO Food_Ingredient (FoodID, Ingredient)
VALUES ('f101_0250', N'1 cup frozen peas');

INSERT INTO Food_Ingredient (FoodID, Ingredient)
VALUES ('f101_0250', N'1 cup frozen corn');

INSERT INTO Food_Ingredient (FoodID, Ingredient)
VALUES ('f101_0250', N'1 teaspoon seasoned salt (such as LAWRY''S®), or to taste');

INSERT INTO Food_Ingredient (FoodID, Ingredient)
VALUES ('f101_0250', N'1 cup shredded Cheddar cheese, divided');

INSERT INTO Food (FoodID, Title, Description, Calories, Instructions, ImageURL, SourceURL, Partition)
VALUES (
    'f101_0251',
    N'Fluffy French Toast',
    N'Classic breakfast made with thick bread slices soaked in a cinnamon-vanilla egg batter and fried to a fluffy, golden perfection.',
    123,
    N'1. Gather all ingredients. 2. Measure flour into a large mixing bowl. Slowly whisk in milk. Whisk in eggs, sugar, vanilla extract, cinnamon, and salt until smooth. 3. Heat a lightly oiled griddle or frying pan over medium heat. Meanwhile, soak bread slices in milk mixture until saturated. 4. Working in batches, cook bread on the preheated griddle or pan until golden brown on each side. 5. Serve hot and enjoy.',
    'https://www.allrecipes.com/thmb/kpI2DQrw7zDake_7B8wOJRkZ-6Y=/1500x0/filters:no_upscale():max_bytes(150000):strip_icc()/ALR-recipe-16895-fluffy-french-toast-hero-01-ddmfs-4x3-7fd61e054f2c4f0f868b7ab0dd8767ae.jpg',
    'https://www.allrecipes.com/recipe/16895/fluffy-french-toast/',
    'test'
);

INSERT INTO Food_Ingredient (FoodID, Ingredient)
VALUES ('f101_0251', N'0.25 cup all-purpose flour');

INSERT INTO Food_Ingredient (FoodID, Ingredient)
VALUES ('f101_0251', N'1 cup milk');

INSERT INTO Food_Ingredient (FoodID, Ingredient)
VALUES ('f101_0251', N'3 eggs');

INSERT INTO Food_Ingredient (FoodID, Ingredient)
VALUES ('f101_0251', N'1 tablespoon white sugar');

INSERT INTO Food_Ingredient (FoodID, Ingredient)
VALUES ('f101_0251', N'1 teaspoon vanilla extract');

INSERT INTO Food_Ingredient (FoodID, Ingredient)
VALUES ('f101_0251', N'0.5 teaspoon ground cinnamon');

INSERT INTO Food_Ingredient (FoodID, Ingredient)
VALUES ('f101_0251', N'1 pinch salt');

INSERT INTO Food_Ingredient (FoodID, Ingredient)
VALUES ('f101_0251', N'12 thick slices bread');

INSERT INTO Food (FoodID, Title, Description, Calories, Instructions, ImageURL, SourceURL, Partition)
VALUES (
    'f101_0252',
    N'Spaghetti all''Assassina (Assassin''s Spaghetti)',
    N'A bold and crispy pasta dish from Bari, Italy, where dry spaghetti is pan-fried in spicy tomato broth until lightly charred and smoky.',
    384,
    N'1. Gather all ingredients. 2. Heat olive oil in a pot over medium heat. Add garlic and sizzle until it starts to turn golden and fragrant, about 1 minute. Stir in tomato puree, water, and salt. Bring to a simmer on medium-high. Once simmering, reduce to low heat and keep warm. 3. Pour olive oil into a large non-stick skillet over medium-high heat, season with chili flakes and heat until chili flakes start to sizzle, for 1 minute. Add raw spaghetti and toss until well coated with chili oil. 4. Pour in about 3 cups of tomato broth and, using tongs, move pasta from side to side to evenly distribute tomato broth. Cook, occasionally moving pasta from side to side with tongs, all facing the same direction, until most of the broth has been absorbed or evaporated, and the spaghetti starts frying in the pan. 5. Turn spaghetti over with tongs, and evenly arrange in the pan. Keep cooking until the pasta starts to brown, and even lightly chars. 6. Add about 2 more cups of tomato broth, and repeat the process. Continue cooking until the spaghetti is as charred as you like , and cooked to your desired doneness. More broth can be added at the end of the process for a saucier version, as shown in the video, or it can be served relatively dry. 7. Serve with a drizzle of olive oil and more chili flakes if desired. 8. Enjoy!',
    'https://www.allrecipes.com/thmb/HLhoYrycgLPM5i-qB5mf1nlozbQ=/1500x0/filters:no_upscale():max_bytes(150000):strip_icc()/ALR-8534000-spaghetti-allassassina-assassins-spaghetti-VAT-hero-4x3-b-f3617177055043949f46673b7d44c701.jpg',
    'https://www.allrecipes.com/recipe/8534000/spaghetti-allassassina-assassins-spaghetti/',
    'test'
);

INSERT INTO Food_Ingredient (FoodID, Ingredient)
VALUES ('f101_0252', N'1 tablespoon olive oil');

INSERT INTO Food_Ingredient (FoodID, Ingredient)
VALUES ('f101_0252', N'2 cloves garlic, minced');

INSERT INTO Food_Ingredient (FoodID, Ingredient)
VALUES ('f101_0252', N'3 cups tomato puree');

INSERT INTO Food_Ingredient (FoodID, Ingredient)
VALUES ('f101_0252', N'3 cups water');

INSERT INTO Food_Ingredient (FoodID, Ingredient)
VALUES ('f101_0252', N'1 teaspoon salt, or to taste');

INSERT INTO Food_Ingredient (FoodID, Ingredient)
VALUES ('f101_0252', N'0.25 cup olive oil');

INSERT INTO Food_Ingredient (FoodID, Ingredient)
VALUES ('f101_0252', N'2 teaspoons red chili flakes, or to taste');

INSERT INTO Food_Ingredient (FoodID, Ingredient)
VALUES ('f101_0252', N'6 ounces dry spaghetti');

INSERT INTO Food_Ingredient (FoodID, Ingredient)
VALUES ('f101_0252', N'salt to taste');

INSERT INTO Food_Ingredient (FoodID, Ingredient)
VALUES ('f101_0252', N'1 tablespoon finely chopped parsley, for garnish');

INSERT INTO Food (FoodID, Title, Description, Calories, Instructions, ImageURL, SourceURL, Partition)
VALUES (
    'f101_0253',
    N'Unique Spinach Noodles',
    N'Homemade green noodles made with fresh spinach purée and flour, perfect for a colorful twist on traditional pasta dishes.',
    324,
    N'1. Combine spinach and water in a saucepan. Cover, and cook till spinach is very tender. Cool slightly. 2. Place spinach and liquid in a blender container. Add egg and salt. Cover, and blend till smooth. Transfer to a bowl. Add enough flour to make a stiff dough. 3. Turn dough out onto a lightly floured surface. Knead for 1 minute. Roll very thin on a floured surface. Let rest 20 minutes. Roll up loosely. Slice 1/4 inch wide. Unroll. Cut into desired lengths. Spread out on a rack to dry for 2 hours.',
    'https://www.allrecipes.com/thmb/cKhrjEwzbj8xdiNzBqI6TUy0nxY=/1500x0/filters:no_upscale():max_bytes(150000):strip_icc()/572869-7c4256cdae2a4cb0b87920db21220813.jpg',
    'https://www.allrecipes.com/recipe/11761/unique-spinach-noodles/',
    'test'
);

INSERT INTO Food_Ingredient (FoodID, Ingredient)
VALUES ('f101_0253', N'1.25 cups torn spinach leaves');

INSERT INTO Food_Ingredient (FoodID, Ingredient)
VALUES ('f101_0253', N'2 tablespoons water');

INSERT INTO Food_Ingredient (FoodID, Ingredient)
VALUES ('f101_0253', N'1 egg');

INSERT INTO Food_Ingredient (FoodID, Ingredient)
VALUES ('f101_0253', N'0.5 teaspoon salt');

INSERT INTO Food_Ingredient (FoodID, Ingredient)
VALUES ('f101_0253', N'1.25 cups all-purpose flour');

INSERT INTO Food (FoodID, Title, Description, Calories, Instructions, ImageURL, SourceURL, Partition)
VALUES (
    'f101_0254',
    N'Roasted Garlic Cauliflower',
    N'Tender cauliflower florets roasted with garlic and olive oil, finished with Parmesan and parsley for a flavorful, healthy side dish.',
    118,
    N'1. Gather all ingredients. 2. Preheat the oven to 450 degrees F (220 degrees C). Grease a 9x13-inch casserole dish. 3. Combine olive oil and garlic in a large resealable bag. Add cauliflower, seal the bag, and toss until cauliflower is coated. Pour into the prepared casserole dish and season with salt and pepper. 4. Roast in the preheated oven for 25 minutes, stirring halfway through. 5. Remove from the oven and turn on the broiler. 6. Sprinkle Parmesan cheese and parsley over the cauliflower. 7. Return to the oven and broil until golden brown, 3 to 5 minutes. 8. Serve hot and enjoy!',
    'https://www.allrecipes.com/thmb/ouWM1M4wpopOLEHLvS5Fj4nNQ3g=/1500x0/filters:no_upscale():max_bytes(150000):strip_icc()/54675-RoastedGarlicCauliflower-mfs-2X3-1392-f522513d79584fcca4dc9cc6a9912604.jpg',
    'https://www.allrecipes.com/recipe/54675/roasted-garlic-cauliflower/',
    'test'
);

INSERT INTO Food_Ingredient (FoodID, Ingredient)
VALUES ('f101_0254', N'3 tablespoons olive oil');

INSERT INTO Food_Ingredient (FoodID, Ingredient)
VALUES ('f101_0254', N'2 tablespoons minced garlic');

INSERT INTO Food_Ingredient (FoodID, Ingredient)
VALUES ('f101_0254', N'1 large head cauliflower, separated into florets');

INSERT INTO Food_Ingredient (FoodID, Ingredient)
VALUES ('f101_0254', N'salt and ground black pepper to taste');

INSERT INTO Food_Ingredient (FoodID, Ingredient)
VALUES ('f101_0254', N'0.33333334326744 cup grated Parmesan cheese');

INSERT INTO Food_Ingredient (FoodID, Ingredient)
VALUES ('f101_0254', N'1 tablespoon chopped fresh parsley');

INSERT INTO Food (FoodID, Title, Description, Calories, Instructions, ImageURL, SourceURL, Partition)
VALUES (
    'f101_0255',
    N'Sweet and Kickin'' Mango-Habanero Hot Sauce',
    N'A fiery, fruity condiment blending ripe mangoes, habanero peppers, and warm spices into a sweet-heat hot sauce with a punch.',
    13,
    N'1. Heat olive oil in a skillet over medium heat. Add onion; cook and stir until translucent, about 5 minutes. 2. Combine the onion, mangoes, peach, honey, habanero peppers, and mustard in a food processor. Process until smooth; mix in salt, paprika, white pepper, cumin, and allspice. Add brown sugar; continue to process until well combined. 3. Pour mango-habanero mixture into a large saucepan. Bring to a boil. Add white vinegar and apple cider vinegar, stirring frequently until thoroughly combined. Boil until thickened, 10 to 12 minutes. Pour sauce into jars or containers.',
    'https://www.allrecipes.com/thmb/XVfX0pUDHAOYeuqSWrT5cYF3RrY=/1500x0/filters:no_upscale():max_bytes(150000):strip_icc()/6613614-b8b8d68a5af34ca19443b10e9a243e02.jpg',
    'https://www.allrecipes.com/recipe/261294/sweet-and-kickin-mango-habanero-hot-sauce/',
    'test'
);

INSERT INTO Food_Ingredient (FoodID, Ingredient)
VALUES ('f101_0255', N'2 tablespoons extra virgin olive oil');

INSERT INTO Food_Ingredient (FoodID, Ingredient)
VALUES ('f101_0255', N'1 large sweet onion, chopped');

INSERT INTO Food_Ingredient (FoodID, Ingredient)
VALUES ('f101_0255', N'7 ripe mangoes, cored and chopped');

INSERT INTO Food_Ingredient (FoodID, Ingredient)
VALUES ('f101_0255', N'1 fresh peach, chopped');

INSERT INTO Food_Ingredient (FoodID, Ingredient)
VALUES ('f101_0255', N'0.33333334326744 cup honey');

INSERT INTO Food_Ingredient (FoodID, Ingredient)
VALUES ('f101_0255', N'15 habanero peppers, stemmed, or more to taste');

INSERT INTO Food_Ingredient (FoodID, Ingredient)
VALUES ('f101_0255', N'0.25 cup yellow mustard');

INSERT INTO Food_Ingredient (FoodID, Ingredient)
VALUES ('f101_0255', N'2.5 tablespoons salt');

INSERT INTO Food_Ingredient (FoodID, Ingredient)
VALUES ('f101_0255', N'2.5 tablespoons paprika');

INSERT INTO Food_Ingredient (FoodID, Ingredient)
VALUES ('f101_0255', N'1.5 tablespoons ground white pepper');

INSERT INTO Food_Ingredient (FoodID, Ingredient)
VALUES ('f101_0255', N'1 tablespoon ground cumin');

INSERT INTO Food_Ingredient (FoodID, Ingredient)
VALUES ('f101_0255', N'0.33333334326744 teaspoon ground allspice');

INSERT INTO Food_Ingredient (FoodID, Ingredient)
VALUES ('f101_0255', N'0.25 cup light brown sugar');

INSERT INTO Food_Ingredient (FoodID, Ingredient)
VALUES ('f101_0255', N'1.5 cups white vinegar');

INSERT INTO Food_Ingredient (FoodID, Ingredient)
VALUES ('f101_0255', N'0.5 cup apple cider vinegar');

INSERT INTO Food (FoodID, Title, Description, Calories, Instructions, ImageURL, SourceURL, Partition)
VALUES (
    'f101_0256',
    N'Easy Bulgogi (Korean BBQ Beef)',
    N'Thin slices of marinated beef sirloin, seared to caramelized perfection in a savory-sweet soy sauce blend, a Korean BBQ classic.',
    226,
    N'1. Gather all ingredients. 2. Whisk soy sauce, white and light green parts of green onions, yellow onion, sugar, garlic, sesame seeds, sesame oil, red pepper flakes, ginger, and black pepper together in a large glass or ceramic bowl. 3. Add steak slices and toss to evenly coat. Cover the bowl with plastic wrap and marinate in the refrigerator for 1 hour, or up to 1 day. 4. Heat a wok or large skillet over medium heat. Working in batches, cook and stir steak and marinade together in the hot skillet, adding honey to caramelize the steak, until steak is cooked through, about 5 minutes. 5. Garnish bulgogi with dark green parts of green onions.',
    'https://www.allrecipes.com/thmb/G_UXncCchkMVeELX8DQMEwJOdHI=/1500x0/filters:no_upscale():max_bytes(150000):strip_icc()/246172-Easy-Bulgogi-ddmfs-104-4x3-1-c0ddcab340474175a5d1c96bc2edabbc.jpg',
    'https://www.allrecipes.com/recipe/246172/easy-bulgogi-korean-bbq-beef/',
    'test'
);

INSERT INTO Food_Ingredient (FoodID, Ingredient)
VALUES ('f101_0256', N'0.33333334326744 cup soy sauce');

INSERT INTO Food_Ingredient (FoodID, Ingredient)
VALUES ('f101_0256', N'2 green onions, chopped, dark green parts separated from white and light green parts');

INSERT INTO Food_Ingredient (FoodID, Ingredient)
VALUES ('f101_0256', N'0.25 yellow onion, thinly sliced');

INSERT INTO Food_Ingredient (FoodID, Ingredient)
VALUES ('f101_0256', N'3 tablespoons white sugar');

INSERT INTO Food_Ingredient (FoodID, Ingredient)
VALUES ('f101_0256', N'3 cloves garlic, minced');

INSERT INTO Food_Ingredient (FoodID, Ingredient)
VALUES ('f101_0256', N'2 tablespoons toasted sesame seeds');

INSERT INTO Food_Ingredient (FoodID, Ingredient)
VALUES ('f101_0256', N'1 tablespoon sesame oil');

INSERT INTO Food_Ingredient (FoodID, Ingredient)
VALUES ('f101_0256', N'0.25 teaspoon Korean red pepper flakes');

INSERT INTO Food_Ingredient (FoodID, Ingredient)
VALUES ('f101_0256', N'0.25 teaspoon minced fresh ginger');

INSERT INTO Food_Ingredient (FoodID, Ingredient)
VALUES ('f101_0256', N'0.125 teaspoon ground black pepper');

INSERT INTO Food_Ingredient (FoodID, Ingredient)
VALUES ('f101_0256', N'1.5 pounds beef sirloin steak, cut very thin using kitchen shears');

INSERT INTO Food_Ingredient (FoodID, Ingredient)
VALUES ('f101_0256', N'1 teaspoon honey, or to taste');

INSERT INTO Food (FoodID, Title, Description, Calories, Instructions, ImageURL, SourceURL, Partition)
VALUES (
    'f101_0257',
    N'Cheesy Creamed Spinach',
    N'A rich and creamy spinach dish loaded with provolone and Parmesan, perfect as a comforting side or dip.',
    244,
    N'1. Gather all ingredients. 2. Heat a large skillet over medium-high heat. Add spinach; cook and stir until wilted. 3. Drain in a colander, squeezing out as much liquid as possible. 4. Melt butter in the same skillet over medium heat. Add onion and garlic; cook and stir until tender, about 5 minutes. 5. Add spinach and stir in heavy cream. 6. Tear provolone cheese into small pieces and lay on top of spinach mixture. Stir until cheese is melted and coats spinach. 7. Stir in Parmesan cheese. Continue to cook and stir until thickened. 8. Season with salt and pepper; serve hot.',
    'https://www.allrecipes.com/thmb/mJPLcTThnrQCE9zJKzCP2f_vlfY=/1500x0/filters:no_upscale():max_bytes(150000):strip_icc()/RM-67132-CheesyCreamedSpinach-ddmfs-Step7-3x4-6639-da6664793e0b4e1ba0f0d2ad7179cdbf.jpg',
    'https://www.allrecipes.com/recipe/67132/cheesy-creamed-spinach/',
    'test'
);

INSERT INTO Food_Ingredient (FoodID, Ingredient)
VALUES ('f101_0257', N'3 (10 ounce) bags clean fresh spinach, roughly chopped');

INSERT INTO Food_Ingredient (FoodID, Ingredient)
VALUES ('f101_0257', N'0.25 cup butter');

INSERT INTO Food_Ingredient (FoodID, Ingredient)
VALUES ('f101_0257', N'3 tablespoons minced white onion');

INSERT INTO Food_Ingredient (FoodID, Ingredient)
VALUES ('f101_0257', N'2 tablespoons minced garlic');

INSERT INTO Food_Ingredient (FoodID, Ingredient)
VALUES ('f101_0257', N'1.25 cups heavy cream');

INSERT INTO Food_Ingredient (FoodID, Ingredient)
VALUES ('f101_0257', N'6 slices provolone cheese');

INSERT INTO Food_Ingredient (FoodID, Ingredient)
VALUES ('f101_0257', N'0.5 cup freshly grated Parmesan cheese');

INSERT INTO Food_Ingredient (FoodID, Ingredient)
VALUES ('f101_0257', N'salt and pepper to taste');

INSERT INTO Food (FoodID, Title, Description, Calories, Instructions, ImageURL, SourceURL, Partition)
VALUES (
    'f101_0258',
    N'Keto Spaghetti Squash Carbonara',
    N'A low-carb twist on carbonara using roasted spaghetti squash tossed in creamy egg-Parmesan sauce with crisp bacon and herbs.',
    301,
    N'1. Preheat the oven to 400 degrees F (200 degrees C). Line a baking sheet with parchment paper; place squash on top, cut-side down. 2. Bake in the preheated oven until skin is easily pierced with a fork, about 45 minutes. 3. While squash is cooking, fry bacon in a large skillet over medium-high heat until crisp, 5 to 10 minutes. Transfer to a paper towel-lined plate, reserving grease in skillet. Crumble bacon when cool enough to handle. 4. Cool baked squash until easily handled. Scrape flesh into noodles using a fork. Place noodles and garlic in the skillet with the reserved bacon grease. Cook over medium heat for 2 minutes; reduce heat to low. 5. Whisk eggs and Parmesan cheese together in a small bowl; add to skillet and stir continuously for 3 minutes. Remove from heat and stir in cooked bacon pieces, parsley, salt, and pepper. Serve immediately.',
    'https://www.allrecipes.com/thmb/AgaonYH5tNU9tNTfW8T9O3o_5a0=/1500x0/filters:no_upscale():max_bytes(150000):strip_icc()/8978114-8f5424a59db744929bac2e065d063a32.jpg',
    'https://www.allrecipes.com/recipe/267862/keto-spaghetti-squash-carbonara/',
    'test'
);

INSERT INTO Food_Ingredient (FoodID, Ingredient)
VALUES ('f101_0258', N'1 spaghetti squash, halved and seeded');

INSERT INTO Food_Ingredient (FoodID, Ingredient)
VALUES ('f101_0258', N'3 slices bacon');

INSERT INTO Food_Ingredient (FoodID, Ingredient)
VALUES ('f101_0258', N'1 teaspoon minced garlic');

INSERT INTO Food_Ingredient (FoodID, Ingredient)
VALUES ('f101_0258', N'2 eggs');

INSERT INTO Food_Ingredient (FoodID, Ingredient)
VALUES ('f101_0258', N'0.25 cup grated Parmesan cheese');

INSERT INTO Food_Ingredient (FoodID, Ingredient)
VALUES ('f101_0258', N'0.25 cup chopped parsley');

INSERT INTO Food_Ingredient (FoodID, Ingredient)
VALUES ('f101_0258', N'salt and ground black pepper to taste');

INSERT INTO Food (FoodID, Title, Description, Calories, Instructions, ImageURL, SourceURL, Partition)
VALUES (
    'f101_0259',
    N'Asian Lettuce Wraps',
    N'Savory ground beef stir-fried with hoisin and soy sauce, served in crisp lettuce cups for a fresh and flavorful appetizer or meal.',
    388,
    N'1. Gather all ingredients. 2. Rinse whole lettuce leaves and pat dry, being careful not to tear them; set aside. 3. Heat oil in a large skillet over medium-high heat. Add beef; cook and stir until browned and crumbly, 5 to 7 minutes. Drain and discard grease; transfer beef to a bowl. 4. Add onion to the same skillet; cook and stir until just tender, 5 to 7 minutes. 5. Stir in hoisin sauce, garlic, soy sauce, vinegar, ginger, and chile pepper sauce until well combined. Add water chestnuts, green onions, sesame oil, and cooked beef; cook and stir until the onions just begin to wilt, about 2 minutes. 6. Arrange lettuce leaves around the outer edge of a large serving platter; spoon beef mixture in the center.',
    'https://www.allrecipes.com/thmb/6CubyWzaAxx6aUMBT1ljdTTsd6g=/1500x0/filters:no_upscale():max_bytes(150000):strip_icc()/AR-JF-71722-Asian-Lettuce-Wraps-4x3-fb109ce7164f4faf9a67f5e388a26dbb.jpg',
    'https://www.allrecipes.com/recipe/71722/asian-lettuce-wraps/',
    'test'
);

INSERT INTO Food_Ingredient (FoodID, Ingredient)
VALUES ('f101_0259', N'16 Boston Bibb or butter lettuce leaves');

INSERT INTO Food_Ingredient (FoodID, Ingredient)
VALUES ('f101_0259', N'1 pound lean ground beef');

INSERT INTO Food_Ingredient (FoodID, Ingredient)
VALUES ('f101_0259', N'1 tablespoon cooking oil');

INSERT INTO Food_Ingredient (FoodID, Ingredient)
VALUES ('f101_0259', N'1 large onion, chopped');

INSERT INTO Food_Ingredient (FoodID, Ingredient)
VALUES ('f101_0259', N'0.25 cup hoisin sauce');

INSERT INTO Food_Ingredient (FoodID, Ingredient)
VALUES ('f101_0259', N'2 cloves fresh garlic, minced');

INSERT INTO Food_Ingredient (FoodID, Ingredient)
VALUES ('f101_0259', N'1 tablespoon soy sauce');

INSERT INTO Food_Ingredient (FoodID, Ingredient)
VALUES ('f101_0259', N'1 tablespoon rice wine vinegar');

INSERT INTO Food_Ingredient (FoodID, Ingredient)
VALUES ('f101_0259', N'2 teaspoons minced pickled ginger');

INSERT INTO Food_Ingredient (FoodID, Ingredient)
VALUES ('f101_0259', N'1 dash Asian chile pepper sauce, or to taste');

INSERT INTO Food_Ingredient (FoodID, Ingredient)
VALUES ('f101_0259', N'1 (8 ounce) can water chestnuts, drained and finely chopped');

INSERT INTO Food_Ingredient (FoodID, Ingredient)
VALUES ('f101_0259', N'1 bunch green onions, chopped');

INSERT INTO Food_Ingredient (FoodID, Ingredient)
VALUES ('f101_0259', N'2 teaspoons Asian (dark) sesame oil');

INSERT INTO Food (FoodID, Title, Description, Calories, Instructions, ImageURL, SourceURL, Partition)
VALUES (
    'f101_0260',
    N'Mama''s Italian Wedding Soup',
    N'A hearty soup of mini meatballs, tender pasta, spinach, and carrots simmered in savory chicken broth, comforting and wholesome.',
    169,
    N'1. In a medium bowl, combine the beef, egg, bread crumbs, cheese, basil and onion. Shape mixture into 3/4-inch balls and set aside. 2. In a large stockpot heat chicken broth to boiling; stir in the spinach, pasta, carrot and meatballs. Return to boil; reduce heat to medium. Cook, stirring frequently, at a slow boil for 10 minutes or until pasta is al dente, and meatballs are no longer pink inside. Serve hot with Parmesan cheese sprinkled on top.',
    'https://www.allrecipes.com/thmb/WbHnD-VgTTyRlgmZvsObV-sS_mU=/1500x0/filters:no_upscale():max_bytes(150000):strip_icc()/4483317-23df85d2f9794990a7384af64a402236.jpg',
    'https://www.allrecipes.com/recipe/13434/mamas-italian-wedding-soup/',
    'test'
);

INSERT INTO Food_Ingredient (FoodID, Ingredient)
VALUES ('f101_0260', N'1 pound extra-lean ground beef');

INSERT INTO Food_Ingredient (FoodID, Ingredient)
VALUES ('f101_0260', N'2 eggs, beaten');

INSERT INTO Food_Ingredient (FoodID, Ingredient)
VALUES ('f101_0260', N'0.25 cup dried bread crumbs');

INSERT INTO Food_Ingredient (FoodID, Ingredient)
VALUES ('f101_0260', N'2 tablespoons grated Parmesan cheese');

INSERT INTO Food_Ingredient (FoodID, Ingredient)
VALUES ('f101_0260', N'1 teaspoon dried basil');

INSERT INTO Food_Ingredient (FoodID, Ingredient)
VALUES ('f101_0260', N'3 tablespoons minced onion');

INSERT INTO Food_Ingredient (FoodID, Ingredient)
VALUES ('f101_0260', N'2.5 quarts chicken broth');

INSERT INTO Food_Ingredient (FoodID, Ingredient)
VALUES ('f101_0260', N'2 cups spinach - packed, rinsed and thinly sliced');

INSERT INTO Food_Ingredient (FoodID, Ingredient)
VALUES ('f101_0260', N'1 cup seashell pasta');

INSERT INTO Food_Ingredient (FoodID, Ingredient)
VALUES ('f101_0260', N'0.75 cup diced carrots');

INSERT INTO Food (FoodID, Title, Description, Calories, Instructions, ImageURL, SourceURL, Partition)
VALUES (
    'f101_0261',
    N'Simple Turkey Chili',
    N'A light yet hearty chili featuring ground turkey, crushed tomatoes, and kidney beans spiced with classic chili seasonings.',
    185,
    N'1. Gather all ingredients. 2. Heat oil in a large pot over medium heat. Add turkey; cook and stir until evenly browned, 6 to 8 minutes. Stir in onion and cook until tender. 3. Add water; mix in tomatoes, kidney beans, and garlic. 4. Stir in chili powder, paprika, oregano, cayenne pepper, cumin, salt, and pepper. 5. Bring to a boil. Reduce heat to low, cover, and simmer for 30 minutes.',
    'https://www.allrecipes.com/thmb/ju2O-duDvp8GvLyV9b51q8Zk5PI=/1500x0/filters:no_upscale():max_bytes(150000):strip_icc()/AR-80969-Simple-Turkey-Chili-DDMFS-4x3-Beauty-ba0a9ebe86374afb987a9170f87c7c97.jpg',
    'https://www.allrecipes.com/recipe/80969/simple-turkey-chili/',
    'test'
);

INSERT INTO Food_Ingredient (FoodID, Ingredient)
VALUES ('f101_0261', N'1.5 teaspoons olive oil');

INSERT INTO Food_Ingredient (FoodID, Ingredient)
VALUES ('f101_0261', N'1 pound ground turkey');

INSERT INTO Food_Ingredient (FoodID, Ingredient)
VALUES ('f101_0261', N'1 onion, chopped');

INSERT INTO Food_Ingredient (FoodID, Ingredient)
VALUES ('f101_0261', N'2 cups water');

INSERT INTO Food_Ingredient (FoodID, Ingredient)
VALUES ('f101_0261', N'1 (28 ounce) can canned crushed tomatoes');

INSERT INTO Food_Ingredient (FoodID, Ingredient)
VALUES ('f101_0261', N'1 (16 ounce) can canned kidney beans - drained, rinsed, and mashed');

INSERT INTO Food_Ingredient (FoodID, Ingredient)
VALUES ('f101_0261', N'1 tablespoon garlic, minced');

INSERT INTO Food_Ingredient (FoodID, Ingredient)
VALUES ('f101_0261', N'2 tablespoons chili powder');

INSERT INTO Food_Ingredient (FoodID, Ingredient)
VALUES ('f101_0261', N'0.5 teaspoon paprika');

INSERT INTO Food_Ingredient (FoodID, Ingredient)
VALUES ('f101_0261', N'0.5 teaspoon dried oregano');

INSERT INTO Food_Ingredient (FoodID, Ingredient)
VALUES ('f101_0261', N'0.5 teaspoon ground cayenne pepper');

INSERT INTO Food_Ingredient (FoodID, Ingredient)
VALUES ('f101_0261', N'0.5 teaspoon ground cumin');

INSERT INTO Food_Ingredient (FoodID, Ingredient)
VALUES ('f101_0261', N'0.5 teaspoon salt');

INSERT INTO Food_Ingredient (FoodID, Ingredient)
VALUES ('f101_0261', N'0.5 teaspoon ground black pepper');

INSERT INTO Food (FoodID, Title, Description, Calories, Instructions, ImageURL, SourceURL, Partition)
VALUES (
    'f101_0262',
    N'Stuffed Peppers',
    N'Bell peppers filled with a savory mixture of seasoned beef, rice, and tomato sauce, baked until tender and juicy.',
    248,
    N'1. Gather all ingredients, and preheat the oven to 350 degrees F (175 degrees C). 2. Bring water and rice to a boil in a covered saucepan. Reduce heat to low and simmer until rice is tender, about 20 minutes. 3. Meanwhile, heat oil in a skillet over medium heat. Add ground beef and cook until evenly browned and crumbly, 7 to 9 minutes. 4. Hollow out bell peppers by removing and discarding the tops, seeds, and membranes. Slice the bottoms of the peppers if necessary to make sure they stand up straight. 5. Arrange peppers in a baking dish with the hollowed sides facing upward. 6. Prepare filling by mixing cooked beef, cooked rice, 1/2 of the tomato sauce, Worcestershire sauce, garlic powder, onion powder, salt, and pepper. Spoon an equal amount of filling into each hollowed pepper. 7. Mix remaining tomato sauce and Italian seasoning in a bowl, and pour over the stuffed peppers. 8. Bake in the preheated oven, basting with sauce every 15 minutes, until peppers are tender, about 1 hour. 9. Serve hot and enjoy!',
    'https://www.allrecipes.com/thmb/gPWzaZnRR_DsYQUK9JNfn2CEZM4=/1500x0/filters:no_upscale():max_bytes(150000):strip_icc()/16330-Stuffed-Peppers-DDMFS-3x4-d0d60d745ad945edb796c43eaf342078.jpg',
    'https://www.allrecipes.com/recipe/16330/stuffed-peppers/',
    'test'
);

INSERT INTO Food_Ingredient (FoodID, Ingredient)
VALUES ('f101_0262', N'1 cup cold water');

INSERT INTO Food_Ingredient (FoodID, Ingredient)
VALUES ('f101_0262', N'0.5 cup uncooked long grain white rice');

INSERT INTO Food_Ingredient (FoodID, Ingredient)
VALUES ('f101_0262', N'1 tablespoon vegetable oil');

INSERT INTO Food_Ingredient (FoodID, Ingredient)
VALUES ('f101_0262', N'1 pound ground beef');

INSERT INTO Food_Ingredient (FoodID, Ingredient)
VALUES ('f101_0262', N'6 medium green bell peppers');

INSERT INTO Food_Ingredient (FoodID, Ingredient)
VALUES ('f101_0262', N'16 ounces tomato sauce, divided');

INSERT INTO Food_Ingredient (FoodID, Ingredient)
VALUES ('f101_0262', N'1 tablespoon Worcestershire sauce');

INSERT INTO Food_Ingredient (FoodID, Ingredient)
VALUES ('f101_0262', N'0.25 teaspoon garlic powder');

INSERT INTO Food_Ingredient (FoodID, Ingredient)
VALUES ('f101_0262', N'0.25 teaspoon onion powder');

INSERT INTO Food_Ingredient (FoodID, Ingredient)
VALUES ('f101_0262', N'salt and ground black pepper to taste');

INSERT INTO Food_Ingredient (FoodID, Ingredient)
VALUES ('f101_0262', N'1 teaspoon Italian seasoning');

INSERT INTO Food (FoodID, Title, Description, Calories, Instructions, ImageURL, SourceURL, Partition)
VALUES (
    'f101_02763',
    N'Balsamic Brussels Sprouts',
    N'Sautéed Brussels sprouts infused with caramelized onions, garlic, and a tangy-sweet balsamic glaze—rich and savory with a slight crisp.',
    150,
    N'1. Bring a large pot of lightly salted water to a boil. Add Brussels sprouts and cook until slightly tender, about 2 minutes. Drain and immediately immerse in ice water for several minutes to stop the cooking process. Drain. 2. Heat olive oil in a skillet over medium heat; cook and stir onion and garlic in the hot oil until onion is just tender, 5 to 10 minutes. Add Brussels sprouts; cook and stir until sprouts are tender, 8 to 10 minutes. 3. Mix balsamic vinegar, butter, salt, black pepper, and garlic powder into Brussels sprouts mixture; toss to coat.',
    'https://www.allrecipes.com/thmb/zR6AWIlqRMbl-uJAXygUz1Q-VU4=/1500x0/filters:no_upscale():max_bytes(150000):strip_icc()/1112841-balsamic-brussels-sprouts-jen-4x3-1-44f22a6819db4c00aeb096e452d34eaf.jpg',
    'https://www.allrecipes.com/recipe/229812/balsamic-brussels-sprouts/',
    'test'
);

INSERT INTO Food_Ingredient (FoodID, Ingredient)
VALUES ('f101_02763', N'1.5 pounds Brussels sprouts, trimmed');

INSERT INTO Food_Ingredient (FoodID, Ingredient)
VALUES ('f101_02763', N'2 tablespoons olive oil');

INSERT INTO Food_Ingredient (FoodID, Ingredient)
VALUES ('f101_02763', N'1 onion, thinly sliced');

INSERT INTO Food_Ingredient (FoodID, Ingredient)
VALUES ('f101_02763', N'2 cloves garlic, minced');

INSERT INTO Food_Ingredient (FoodID, Ingredient)
VALUES ('f101_02763', N'0.25 cup balsamic vinegar');

INSERT INTO Food_Ingredient (FoodID, Ingredient)
VALUES ('f101_02763', N'2 tablespoons butter');

INSERT INTO Food_Ingredient (FoodID, Ingredient)
VALUES ('f101_02763', N'1 teaspoon salt');

INSERT INTO Food_Ingredient (FoodID, Ingredient)
VALUES ('f101_02763', N'0.5 teaspoon ground black pepper');

INSERT INTO Food_Ingredient (FoodID, Ingredient)
VALUES ('f101_02763', N'0.5 teaspoon garlic powder');

INSERT INTO Food (FoodID, Title, Description, Calories, Instructions, ImageURL, SourceURL, Partition)
VALUES (
    'f101_0264',
    N'Garlic Mashed Cauliflower',
    N'A creamy low-carb alternative to mashed potatoes, made with steamed cauliflower, roasted garlic, and a cheesy, buttery finish.',
    98,
    N'1. Gather all ingredients. Place a steamer insert into a saucepan; fill with water just below the bottom of the steamer. 2. Bring water to a boil; add cauliflower, cover, and steam until tender, about 10 minutes. 3. Meanwhile, heat olive oil in a small skillet over medium heat; cook and stir garlic until softened, about 2 minutes. Remove from heat. 4. Transfer 1/2 of the cauliflower to a food processor; cover and blend on high. 5. Add remaining cauliflower florets, one at a time, until vegetables are creamy. Blend in cooked garlic, Parmesan cheese, cream cheese, salt, and black pepper. 6. Serve and enjoy!',
    'https://www.allrecipes.com/thmb/QmUDzd2P3kBNr55iYL81ZYfqB6M=/1500x0/filters:no_upscale():max_bytes(150000):strip_icc()/AR-230816-garlic-mashed-cauliflower--ddmfs-beauty-4x3-3f202b981a66409fa684ce21af94e73e.jpg',
    'https://www.allrecipes.com/recipe/230816/garlic-mashed-cauliflower/',
    'test'
);

INSERT INTO Food_Ingredient (FoodID, Ingredient)
VALUES ('f101_0264', N'1 head cauliflower, cut into florets');

INSERT INTO Food_Ingredient (FoodID, Ingredient)
VALUES ('f101_0264', N'1 tablespoon olive oil');

INSERT INTO Food_Ingredient (FoodID, Ingredient)
VALUES ('f101_0264', N'1 clove garlic, smashed');

INSERT INTO Food_Ingredient (FoodID, Ingredient)
VALUES ('f101_0264', N'0.25 cup grated Parmesan cheese');

INSERT INTO Food_Ingredient (FoodID, Ingredient)
VALUES ('f101_0264', N'1 tablespoon reduced-fat cream cheese');

INSERT INTO Food_Ingredient (FoodID, Ingredient)
VALUES ('f101_0264', N'0.5 teaspoon kosher salt');

INSERT INTO Food_Ingredient (FoodID, Ingredient)
VALUES ('f101_0264', N'0.125 teaspoon freshly ground black pepper');

INSERT INTO Food (FoodID, Title, Description, Calories, Instructions, ImageURL, SourceURL, Partition)
VALUES (
    'f101_0265',
    N'Spicy Mango Sauce',
    N'A vibrant, zesty sauce combining sweet mango, tangy citrus, and fiery chiles—perfect for drizzling over grilled meats or seafood.',
    82,
    N'1. Combine mango, rice wine vinegar, lime juice, garlic, hot chili paste, and Thai chile pepper in a bowl. Cover and let rest 30 minutes. Stir in cilantro.',
    'https://www.allrecipes.com/thmb/c8_71b9qFaiIa0BAjCcpnBk45qc=/1500x0/filters:no_upscale():max_bytes(150000):strip_icc()/6688124-fa66207605cf460eb8a57e18be0f6e4e.jpg',
    'https://www.allrecipes.com/recipe/222189/spicy-mango-sauce/',
    'test'
);

INSERT INTO Food_Ingredient (FoodID, Ingredient)
VALUES ('f101_0265', N'0.75 cup finely minced mango');

INSERT INTO Food_Ingredient (FoodID, Ingredient)
VALUES ('f101_0265', N'0.25 cup seasoned rice vinegar');

INSERT INTO Food_Ingredient (FoodID, Ingredient)
VALUES ('f101_0265', N'1 lemon, juiced');

INSERT INTO Food_Ingredient (FoodID, Ingredient)
VALUES ('f101_0265', N'1 clove garlic, crushed');

INSERT INTO Food_Ingredient (FoodID, Ingredient)
VALUES ('f101_0265', N'1 teaspoon hot chile paste (such as sambal oelek)');

INSERT INTO Food_Ingredient (FoodID, Ingredient)
VALUES ('f101_0265', N'0.5 small Thai chile pepper, minced');

INSERT INTO Food_Ingredient (FoodID, Ingredient)
VALUES ('f101_0265', N'1 tablespoon chopped fresh cilantro');

INSERT INTO Food (FoodID, Title, Description, Calories, Instructions, ImageURL, SourceURL, Partition)
VALUES (
    'f101_0266',
    N'Bulgogi Beef (Korean-Style Barbecue)',
    N'Thinly sliced beef short ribs marinated in sweet, savory, and spicy flavors, then seared until caramelized—an iconic Korean BBQ delight.',
    998,
    N'1. Mix garlic, grated onion, grated ginger, toasted sesame oil, and brown sugar together in a mixing bowl. Stir in grated pear, soy sauce, and red pepper flakes. 2. Transfer meat to marinade and toss to coat on all sides. Cover and refrigerate, 1 to 2 hours. 3. Season meat with salt and a drizzle of vegetable oil. Toss. 4. Brush a cast iron skillet with a little vegetable oil and place over high heat. When the skillet is very hot, add beef in a single layer and cook until meat begins to caramelize around the edges and moisture begins to evaporate, 2 to 3 minutes per side. Serve over hot rice and top with green onion slices.',
    'https://www.allrecipes.com/thmb/WQmX45T5JnZglTM743HHadlyfmo=/1500x0/filters:no_upscale():max_bytes(150000):strip_icc()/3983202-bulgogi-beef-korean-style-barbecue-Chef-John-1x1-1-8960dc2045664965bc63d57085b4abed.jpg',
    'https://www.allrecipes.com/recipe/255591/bulgogi-beef-korean-style-barbecue/',
    'test'
);

INSERT INTO Food_Ingredient (FoodID, Ingredient)
VALUES ('f101_0266', N'1.25 pounds boneless beef short ribs, sliced across the grain in 1/8-inch thick slices');

INSERT INTO Food_Ingredient (FoodID, Ingredient)
VALUES ('f101_0266', N'4 cloves garlic, finely crushed');

INSERT INTO Food_Ingredient (FoodID, Ingredient)
VALUES ('f101_0266', N'0.25 cup grated yellow onion');

INSERT INTO Food_Ingredient (FoodID, Ingredient)
VALUES ('f101_0266', N'1 tablespoon freshly grated gingerroot');

INSERT INTO Food_Ingredient (FoodID, Ingredient)
VALUES ('f101_0266', N'1 tablespoon toasted sesame oil');

INSERT INTO Food_Ingredient (FoodID, Ingredient)
VALUES ('f101_0266', N'1 tablespoon light brown sugar, or to taste');

INSERT INTO Food_Ingredient (FoodID, Ingredient)
VALUES ('f101_0266', N'0.33333334326744 cup freshly grated Asian pear');

INSERT INTO Food_Ingredient (FoodID, Ingredient)
VALUES ('f101_0266', N'0.25 cup soy sauce');

INSERT INTO Food_Ingredient (FoodID, Ingredient)
VALUES ('f101_0266', N'1 tablespoon Korean red pepper flakes (gochugaru)');

INSERT INTO Food_Ingredient (FoodID, Ingredient)
VALUES ('f101_0266', N'0.5 teaspoon kosher salt');

INSERT INTO Food_Ingredient (FoodID, Ingredient)
VALUES ('f101_0266', N'1 tablespoon vegetable oil, plus more for brushing skillet');

INSERT INTO Food_Ingredient (FoodID, Ingredient)
VALUES ('f101_0266', N'2 cups hot steamed rice, or as needed');

INSERT INTO Food_Ingredient (FoodID, Ingredient)
VALUES ('f101_0266', N'2 sliced green onion tops for garnish');

INSERT INTO Food (FoodID, Title, Description, Calories, Instructions, ImageURL, SourceURL, Partition)
VALUES (
    'f101_0267',
    N'Cheesy Creamed Spinach Casserole',
    N'A rich and comforting baked spinach dish blended with sour cream, onion soup mix, and melted cheddar cheese—simple and satisfying.',
    180,
    N'1. Preheat the oven to 350 degrees F (175 degrees C). Grease a 2-quart casserole dish. 2. Mix spinach, sour cream, and soup mix together in a bowl until well combined. Spoon mixture into the prepared casserole dish and sprinkle Cheddar over top. 3. Bake in the preheated oven until heated through and cheese is melted, about 25 minutes.',
    'https://www.allrecipes.com/thmb/rPaQUR5fo0cFMb5N86f99CDZR-c=/1500x0/filters:no_upscale():max_bytes(150000):strip_icc()/211650-2bb86bb524c34520b1a6f127e29f24c5.jpg',
    'https://www.allrecipes.com/recipe/20861/cheesy-creamed-spinach-casserole/',
    'test'
);

INSERT INTO Food_Ingredient (FoodID, Ingredient)
VALUES ('f101_0267', N'2 (10 ounce) packages frozen chopped spinach, thawed and squeezed dry');

INSERT INTO Food_Ingredient (FoodID, Ingredient)
VALUES ('f101_0267', N'2 cups sour cream');

INSERT INTO Food_Ingredient (FoodID, Ingredient)
VALUES ('f101_0267', N'1 (1 ounce) package dry onion soup mix');

INSERT INTO Food_Ingredient (FoodID, Ingredient)
VALUES ('f101_0267', N'0.5 cup shredded Cheddar cheese');

INSERT INTO Food (FoodID, Title, Description, Calories, Instructions, ImageURL, SourceURL, Partition)
VALUES (
    'f101_0268',
    N'Keto Spaghetti Squash with Bacon and Blue Cheese',
    N'Roasted spaghetti squash tossed with crispy bacon, mushrooms, spinach, and creamy blue cheese—a bold and satisfying keto-friendly meal.',
    339,
    N'1. Preheat the oven to 400 degrees F (200 degrees C). Line a baking sheet with aluminum foil. 2. Cut and remove stem from spaghetti squash using a sharp knife. Cut squash in half lengthwise and scrape out the seeds. Brush the inside with olive oil and sprinkle with salt and pepper. Place on the lined baking sheet. 3. Bake in the preheated oven until soft, about 45 minutes. Scrape cooked flesh out into a bowl and set aside. Return spaghetti squash shells to the baking sheet. Leave the oven on. 4. Cook bacon in a large skillet over medium-high heat, turning occasionally, until evenly browned, 5 to 6 minutes. Drain on paper towels. 5. Add mushrooms and garlic to the skillet and cook for 4 to 5 minutes. Add spinach and cooked bacon; stir until spinach is wilted, 2 to 3 minutes. Remove mixture from the skillet and add to squash flesh. Mix in sour cream, salt, and pepper; stir until filling is evenly combined. 6. Spoon filling back into squash shells. Sprinkle each squash half with 1 tablespoon blue cheese. Return to the oven and bake until cheese is melted and squash is heated through, 4 to 5 minutes.',
    'https://www.allrecipes.com/thmb/1xaqoY17VRAlOFCDKmg_o_bI41g=/1500x0/filters:no_upscale():max_bytes(150000):strip_icc()/5683837-5ca3023d26524c6e9ce19f67c5e1be9d.jpg',
    'https://www.allrecipes.com/recipe/267861/keto-spaghetti-squash-with-bacon-and-blue-cheese/',
    'test'
);

INSERT INTO Food_Ingredient (FoodID, Ingredient)
VALUES ('f101_0268', N'1 small spaghetti squash');

INSERT INTO Food_Ingredient (FoodID, Ingredient)
VALUES ('f101_0268', N'1 tablespoon olive oil');

INSERT INTO Food_Ingredient (FoodID, Ingredient)
VALUES ('f101_0268', N'salt and ground black pepper to taste');

INSERT INTO Food_Ingredient (FoodID, Ingredient)
VALUES ('f101_0268', N'4 slices bacon, cut into 1/2-inch pieces');

INSERT INTO Food_Ingredient (FoodID, Ingredient)
VALUES ('f101_0268', N'1 (4 ounce) package mushrooms, sliced');

INSERT INTO Food_Ingredient (FoodID, Ingredient)
VALUES ('f101_0268', N'1 clove garlic, minced');

INSERT INTO Food_Ingredient (FoodID, Ingredient)
VALUES ('f101_0268', N'2 cups baby spinach');

INSERT INTO Food_Ingredient (FoodID, Ingredient)
VALUES ('f101_0268', N'0.25 cup sour cream');

INSERT INTO Food_Ingredient (FoodID, Ingredient)
VALUES ('f101_0268', N'2 tablespoons crumbled blue cheese');

INSERT INTO Food (FoodID, Title, Description, Calories, Instructions, ImageURL, SourceURL, Partition)
VALUES (
    'f101_0001',
    N'Apple Pie',
    N'Apple Pie is a classic American dessert featuring a flaky, buttery crust filled with sweet-tart apples spiced with cinnamon and nutmeg, often served with vanilla ice cream.',
    424,
    N'1. Preheat oven to 220°C (425°F). 2. In a bowl, mix flour and salt. Cut in butter until mixture resembles coarse crumbs. 3. Add ice water, 1 tbsp at a time, mixing until dough holds together. Divide into two, wrap and chill 30 minutes. 4. In another bowl, combine sliced apples, sugar, cinnamon, nutmeg, lemon juice, and cornstarch. Mix well. 5. Roll out one dough portion and line a 9-inch pie pan. Fill with apple mixture. 6. Roll out second dough and place on top. Seal edges and cut slits on top. 7. Brush crust with beaten egg. 8. Bake for 45-50 minutes or until crust is golden and filling is bubbly. 9. Let cool slightly before serving.',
    'https://storage.googleapis.com/kagglesdsdata/datasets/7399389/11785112/food-101/food-101/images/apple_pie/1154371.jpg?X-Goog-Algorithm=GOOG4-RSA-SHA256&X-Goog-Credential=databundle-worker-v2%40kaggle-161607.iam.gserviceaccount.com%2F20250607%2Fauto%2Fstorage%2Fgoog4_request&X-Goog-Date=20250607T082905Z&X-Goog-Expires=345600&X-Goog-SignedHeaders=host&X-Goog-Signature=3ed4932643218ebc156fbd4f245a717dcd264c5f537494616c0afec972a8684865e7fc6bf55e40481315e5d1d0517b3108b04f8167120375363f035a49e8a3cd97843fc24577e6aad699253e658d15f08550468797935616431f89157f447b022474e04ce1ddf1c2149720de8062e2cb026b437f7cc45f236f82c5f2db0f398f905a9dab9799a9431f9ee7055c57ada77507d8b847da12427edfdce6ab543de6d82d32469caaa4bebe73dbc970b1aad92207c061f2e25eebfcaa513a34af7aef5f1736414e9557f5320585b90621fb05731996fd9f44d08411aab74b5c6140a177d3839c8e5ac3f7b98ab97ff366e8a1ed4f2bc2ab00bb9294da20f37ed6720e',
    'https://storage.googleapis.com/kagglesdsdata/datasets/7399389/11785112/food-101/food-101/images/apple_pie/1154371.jpg?X-Goog-Algorithm=GOOG4-RSA-SHA256&X-Goog-Credential=databundle-worker-v2%40kaggle-161607.iam.gserviceaccount.com%2F20250607%2Fauto%2Fstorage%2Fgoog4_request&X-Goog-Date=20250607T082905Z&X-Goog-Expires=345600&X-Goog-SignedHeaders=host&X-Goog-Signature=3ed4932643218ebc156fbd4f245a717dcd264c5f537494616c0afec972a8684865e7fc6bf55e40481315e5d1d0517b3108b04f8167120375363f035a49e8a3cd97843fc24577e6aad699253e658d15f08550468797935616431f89157f447b022474e04ce1ddf1c2149720de8062e2cb026b437f7cc45f236f82c5f2db0f398f905a9dab9799a9431f9ee7055c57ada77507d8b847da12427edfdce6ab543de6d82d32469caaa4bebe73dbc970b1aad92207c061f2e25eebfcaa513a34af7aef5f1736414e9557f5320585b90621fb05731996fd9f44d08411aab74b5c6140a177d3839c8e5ac3f7b98ab97ff366e8a1ed4f2bc2ab00bb9294da20f37ed6720e',
    'train'
);

INSERT INTO Food_Ingredient (FoodID, Ingredient)
VALUES ('f101_0001', N'2 cups all-purpose flour');

INSERT INTO Food_Ingredient (FoodID, Ingredient)
VALUES ('f101_0001', N'1/2 tsp salt');

INSERT INTO Food_Ingredient (FoodID, Ingredient)
VALUES ('f101_0001', N'3/4 cup unsalted butter (cold, cut into cubes)');

INSERT INTO Food_Ingredient (FoodID, Ingredient)
VALUES ('f101_0001', N'4-6 tbsp ice water');

INSERT INTO Food_Ingredient (FoodID, Ingredient)
VALUES ('f101_0001', N'6 apples (peeled, cored, and sliced)');

INSERT INTO Food_Ingredient (FoodID, Ingredient)
VALUES ('f101_0001', N'3/4 cup granulated sugar');

INSERT INTO Food_Ingredient (FoodID, Ingredient)
VALUES ('f101_0001', N'1 tsp ground cinnamon');

INSERT INTO Food_Ingredient (FoodID, Ingredient)
VALUES ('f101_0001', N'1/4 tsp ground nutmeg');

INSERT INTO Food_Ingredient (FoodID, Ingredient)
VALUES ('f101_0001', N'1 tbsp lemon juice');

INSERT INTO Food_Ingredient (FoodID, Ingredient)
VALUES ('f101_0001', N'1 tbsp cornstarch');

INSERT INTO Food_Ingredient (FoodID, Ingredient)
VALUES ('f101_0001', N'1 egg (beaten, for egg wash)');

INSERT INTO Food (FoodID, Title, Description, Calories, Instructions, ImageURL, SourceURL, Partition)
VALUES (
    'f101_0002',
    N'Baby Back Ribs',
    N'Baby Back Ribs is a classic American dish featuring tender, juicy pork ribs coated in a rich, smoky BBQ sauce, slow-cooked to perfection with a caramelized, slightly crispy exterior, often served with creamy coleslaw or mashed potatoes.',
    312,
    N'1. Preheat oven to 150°C (300°F). 2. Remove the thin membrane from the back of the ribs if not already done. 3. Mix salt, pepper, paprika, garlic powder, onion powder, and cayenne to make a dry rub. 4. Rub the spice mixture evenly over both sides of the ribs. 5. Place ribs on a baking sheet, cover tightly with foil, and bake for 2.5 to 3 hours until tender. 6. Preheat grill to medium-high heat. 7. Brush ribs with barbecue sauce and grill for 5–10 minutes until caramelized, turning occasionally. 8. Rest for 5 minutes, then cut and serve.',
    'https://storage.googleapis.com/kagglesdsdata/datasets/7399389/11785112/food-101/food-101/images/baby_back_ribs/1005066.jpg?X-Goog-Algorithm=GOOG4-RSA-SHA256&X-Goog-Credential=databundle-worker-v2%40kaggle-161607.iam.gserviceaccount.com%2F20250607%2Fauto%2Fstorage%2Fgoog4_request&X-Goog-Date=20250607T083102Z&X-Goog-Expires=345600&X-Goog-SignedHeaders=host&X-Goog-Signature=a3b309e4dbef0b42f0d7426691a6d506ecf7b10855e9f8e9f4f90debc06526e17e05cbeff160048aaf616af9ef82ace4f876ae9cf5211bc3f32e132d0513f76ea0d44b59c8f478854befe64b57cfada2a6de5b7b9b5b72ed1597a421dfb9203ecb4c815bb57bcdf7cafbea9b04c3cbbdc417307a7f94d9f82869f95da3ac889480afd1eac9781400f3a0ec667d59d9e3694afaf0ae159fcb9be8c05475c26b0c160a17e91fb82c578e725fec60452e5bed1b5397b4f554ac60cb280076d914206a34045307f7d97ceb387eecf5720c1697e374bb10d8bc8ce80dfada7cb0a3107eb5ac086b18d4ff794a83ea8c9c195a1b043a75ed30a6b63a17883aa308d92e',
    'https://storage.googleapis.com/kagglesdsdata/datasets/7399389/11785112/food-101/food-101/images/baby_back_ribs/1005066.jpg?X-Goog-Algorithm=GOOG4-RSA-SHA256&X-Goog-Credential=databundle-worker-v2%40kaggle-161607.iam.gserviceaccount.com%2F20250607%2Fauto%2Fstorage%2Fgoog4_request&X-Goog-Date=20250607T083102Z&X-Goog-Expires=345600&X-Goog-SignedHeaders=host&X-Goog-Signature=a3b309e4dbef0b42f0d7426691a6d506ecf7b10855e9f8e9f4f90debc06526e17e05cbeff160048aaf616af9ef82ace4f876ae9cf5211bc3f32e132d0513f76ea0d44b59c8f478854befe64b57cfada2a6de5b7b9b5b72ed1597a421dfb9203ecb4c815bb57bcdf7cafbea9b04c3cbbdc417307a7f94d9f82869f95da3ac889480afd1eac9781400f3a0ec667d59d9e3694afaf0ae159fcb9be8c05475c26b0c160a17e91fb82c578e725fec60452e5bed1b5397b4f554ac60cb280076d914206a34045307f7d97ceb387eecf5720c1697e374bb10d8bc8ce80dfada7cb0a3107eb5ac086b18d4ff794a83ea8c9c195a1b043a75ed30a6b63a17883aa308d92e',
    'train'
);

INSERT INTO Food_Ingredient (FoodID, Ingredient)
VALUES ('f101_0002', N'1.5 kg baby back pork ribs');

INSERT INTO Food_Ingredient (FoodID, Ingredient)
VALUES ('f101_0002', N'2 tbsp olive oil');

INSERT INTO Food_Ingredient (FoodID, Ingredient)
VALUES ('f101_0002', N'2 tsp salt');

INSERT INTO Food_Ingredient (FoodID, Ingredient)
VALUES ('f101_0002', N'1 tsp black pepper');

INSERT INTO Food_Ingredient (FoodID, Ingredient)
VALUES ('f101_0002', N'2 tsp smoked paprika');

INSERT INTO Food_Ingredient (FoodID, Ingredient)
VALUES ('f101_0002', N'1 tsp garlic powder');

INSERT INTO Food_Ingredient (FoodID, Ingredient)
VALUES ('f101_0002', N'1 tsp onion powder');

INSERT INTO Food_Ingredient (FoodID, Ingredient)
VALUES ('f101_0002', N'1/2 tsp cayenne pepper');

INSERT INTO Food_Ingredient (FoodID, Ingredient)
VALUES ('f101_0002', N'1 cup barbecue sauce');

INSERT INTO Food (FoodID, Title, Description, Calories, Instructions, ImageURL, SourceURL, Partition)
VALUES (
    'f101_0003',
    N'Baklava',
    N'Baklava is a classic Middle Eastern dessert featuring layers of flaky phyllo pastry filled with sweet, crunchy nuts, soaked in a fragrant honey syrup spiced with cinnamon and citrus, often served with a sprinkle of pistachios.',
    412,
    N'1. Preheat oven to 175°C (350°F). 2. In a bowl, mix chopped nuts and ground cinnamon. 3. Brush a baking dish with melted butter. Layer 8 sheets of phyllo dough, brushing each with butter. 4. Sprinkle a layer of the nut mixture over the dough. 5. Continue layering phyllo sheets and nuts until all are used, finishing with 8 layers of phyllo on top. 6. Cut the unbaked baklava into diamond or square shapes. 7. Bake for 45–50 minutes until golden and crisp. 8. While baking, make the syrup: combine sugar, water, honey, lemon juice, and vanilla in a saucepan. Bring to a boil, then simmer for 10 minutes. 9. Pour the hot syrup over the baked baklava immediately after removing it from the oven. 10. Let cool completely before serving to allow syrup to soak in.',
    'https://storage.googleapis.com/kagglesdsdata/datasets/7399389/11785112/food-101/food-101/images/baklava/1132486.jpg?X-Goog-Algorithm=GOOG4-RSA-SHA256&X-Goog-Credential=databundle-worker-v2%40kaggle-161607.iam.gserviceaccount.com%2F20250607%2Fauto%2Fstorage%2Fgoog4_request&X-Goog-Date=20250607T083244Z&X-Goog-Expires=345600&X-Goog-SignedHeaders=host&X-Goog-Signature=5543e3faac562dd31a521d835ca9ce11f66145b4da6f88ab26ea849a7597f7fa98f4c4d659ef7e0b65af8d7168af84b90432ba0c3d2aa59c8aa97ce5b3f8b0656297de48bcce888f647473b6dbcc27c80578830bcceebf8547a7540223ac2ded050e4f20d7061aa1d9cf7a2967bae6228eaea760206286709bc858a9953888cf1b313350c29742e543d4ba9287c38f1aa0f8d1e5149afbc4ea33cfd489f76b5c2932b074cc286cf5348ca75afd94ae258f217a6444a7170d222ba0e0c3bd683fe2c3e2844d43a61ec5aa31b799fdb4eaab07507d77ae6585d4560bcd8f2b6f7b49a65f6f3788dee40d0d5bc81c3be3b7b4719620b62f233101b4cd733c9dcf8b',
    'https://storage.googleapis.com/kagglesdsdata/datasets/7399389/11785112/food-101/food-101/images/baklava/1132486.jpg?X-Goog-Algorithm=GOOG4-RSA-SHA256&X-Goog-Credential=databundle-worker-v2%40kaggle-161607.iam.gserviceaccount.com%2F20250607%2Fauto%2Fstorage%2Fgoog4_request&X-Goog-Date=20250607T083244Z&X-Goog-Expires=345600&X-Goog-SignedHeaders=host&X-Goog-Signature=5543e3faac562dd31a521d835ca9ce11f66145b4da6f88ab26ea849a7597f7fa98f4c4d659ef7e0b65af8d7168af84b90432ba0c3d2aa59c8aa97ce5b3f8b0656297de48bcce888f647473b6dbcc27c80578830bcceebf8547a7540223ac2ded050e4f20d7061aa1d9cf7a2967bae6228eaea760206286709bc858a9953888cf1b313350c29742e543d4ba9287c38f1aa0f8d1e5149afbc4ea33cfd489f76b5c2932b074cc286cf5348ca75afd94ae258f217a6444a7170d222ba0e0c3bd683fe2c3e2844d43a61ec5aa31b799fdb4eaab07507d77ae6585d4560bcd8f2b6f7b49a65f6f3788dee40d0d5bc81c3be3b7b4719620b62f233101b4cd733c9dcf8b',
    'train'
);

INSERT INTO Food_Ingredient (FoodID, Ingredient)
VALUES ('f101_0003', N'400g phyllo dough (thawed if frozen)');

INSERT INTO Food_Ingredient (FoodID, Ingredient)
VALUES ('f101_0003', N'250g unsalted butter (melted)');

INSERT INTO Food_Ingredient (FoodID, Ingredient)
VALUES ('f101_0003', N'300g chopped walnuts or pistachios');

INSERT INTO Food_Ingredient (FoodID, Ingredient)
VALUES ('f101_0003', N'1 tsp ground cinnamon');

INSERT INTO Food_Ingredient (FoodID, Ingredient)
VALUES ('f101_0003', N'200g granulated sugar');

INSERT INTO Food_Ingredient (FoodID, Ingredient)
VALUES ('f101_0003', N'240ml water');

INSERT INTO Food_Ingredient (FoodID, Ingredient)
VALUES ('f101_0003', N'120ml honey');

INSERT INTO Food_Ingredient (FoodID, Ingredient)
VALUES ('f101_0003', N'1 tbsp lemon juice');

INSERT INTO Food_Ingredient (FoodID, Ingredient)
VALUES ('f101_0003', N'1 tsp vanilla extract');

INSERT INTO Food (FoodID, Title, Description, Calories, Instructions, ImageURL, SourceURL, Partition)
VALUES (
    'f101_0004',
    N'Beef Carpaccio',
    N'Beef Carpaccio is a classic Italian appetizer featuring thinly sliced raw beef tenderloin drizzled with a zesty lemon-olive oil dressing, topped with peppery arugula, shaved Parmesan, and capers, often served with crusty bread.',
    321,
    N'1. Freeze beef for 30–60 minutes to firm it up, then slice very thinly with a sharp knife. 2. Arrange beef slices in a single layer on a chilled plate. 3. Drizzle olive oil and lemon juice evenly over the beef. 4. Season with salt and freshly ground black pepper. 5. Top with capers, arugula, and shaved Parmesan. 6. Serve immediately as a cold appetizer.',
    'https://storage.googleapis.com/kagglesdsdata/datasets/7399389/11785112/food-101/food-101/images/beef_carpaccio/1032760.jpg?X-Goog-Algorithm=GOOG4-RSA-SHA256&X-Goog-Credential=databundle-worker-v2%40kaggle-161607.iam.gserviceaccount.com%2F20250607%2Fauto%2Fstorage%2Fgoog4_request&X-Goog-Date=20250607T083500Z&X-Goog-Expires=345600&X-Goog-SignedHeaders=host&X-Goog-Signature=bf217f9c315c83020e0f960eb7bcce9107f0c0bfd62a1f3eaee7f29f81ec10e1383d5cc7308e307068405c8ddcbbd0103a99c32682dde88a6597932a5c068063550f0321affe52a57c8cf7021862a1da9e7b789067af046661bc1e70af71ba1fcdec0832603da0d52bd8e188c2d0f0889664c0f193b05296a388e6ddec4fd0f72d72422d67b8bf50ac064f305130a2fb49e84ee0264ec8835e3a9b1a248ac873ef174775bc7979d1be5b07b798e2baa219de1491aad441d15c25e95dffd0b011868fd922fc2a46914f0d57b0e46e81ca0d31febe74b26fb41ddd93ee1abd1da16f759821e3c0cf980a3c2c4767f78564fbdf6f6d45a3a4e2038bbb298337a38f',
    'https://storage.googleapis.com/kagglesdsdata/datasets/7399389/11785112/food-101/food-101/images/beef_carpaccio/1032760.jpg?X-Goog-Algorithm=GOOG4-RSA-SHA256&X-Goog-Credential=databundle-worker-v2%40kaggle-161607.iam.gserviceaccount.com%2F20250607%2Fauto%2Fstorage%2Fgoog4_request&X-Goog-Date=20250607T083500Z&X-Goog-Expires=345600&X-Goog-SignedHeaders=host&X-Goog-Signature=bf217f9c315c83020e0f960eb7bcce9107f0c0bfd62a1f3eaee7f29f81ec10e1383d5cc7308e307068405c8ddcbbd0103a99c32682dde88a6597932a5c068063550f0321affe52a57c8cf7021862a1da9e7b789067af046661bc1e70af71ba1fcdec0832603da0d52bd8e188c2d0f0889664c0f193b05296a388e6ddec4fd0f72d72422d67b8bf50ac064f305130a2fb49e84ee0264ec8835e3a9b1a248ac873ef174775bc7979d1be5b07b798e2baa219de1491aad441d15c25e95dffd0b011868fd922fc2a46914f0d57b0e46e81ca0d31febe74b26fb41ddd93ee1abd1da16f759821e3c0cf980a3c2c4767f78564fbdf6f6d45a3a4e2038bbb298337a38f',
    'train'
);

INSERT INTO Food_Ingredient (FoodID, Ingredient)
VALUES ('f101_0004', N'200g beef tenderloin (very thinly sliced)');

INSERT INTO Food_Ingredient (FoodID, Ingredient)
VALUES ('f101_0004', N'2 tbsp olive oil');

INSERT INTO Food_Ingredient (FoodID, Ingredient)
VALUES ('f101_0004', N'1 tbsp lemon juice');

INSERT INTO Food_Ingredient (FoodID, Ingredient)
VALUES ('f101_0004', N'1 tsp capers');

INSERT INTO Food_Ingredient (FoodID, Ingredient)
VALUES ('f101_0004', N'30g arugula (rocket leaves)');

INSERT INTO Food_Ingredient (FoodID, Ingredient)
VALUES ('f101_0004', N'30g shaved Parmesan cheese');

INSERT INTO Food_Ingredient (FoodID, Ingredient)
VALUES ('f101_0004', N'Salt to taste');

INSERT INTO Food_Ingredient (FoodID, Ingredient)
VALUES ('f101_0004', N'Black pepper to taste');

INSERT INTO Food (FoodID, Title, Description, Calories, Instructions, ImageURL, SourceURL, Partition)
VALUES (
    'f101_0005',
    N'Beef Tartare',
    N'Beef Tartare is a classic French delicacy featuring finely chopped raw beef tenderloin mixed with tangy capers, onions, and a creamy egg yolk, seasoned with Worcestershire and mustard, often served with toasted baguette slices.',
    292,
    N'1. Ensure beef is very fresh and kept cold. Finely chop by hand. 2. In a bowl, mix mustard, capers, shallots, parsley, olive oil, Worcestershire sauce, salt, and pepper. 3. Add chopped beef to the mixture and combine gently. 4. Form into a mound or ring shape on a chilled plate. 5. Make a small indentation on top and place the egg yolk in the center. 6. Serve immediately with toasted bread on the side.',
    'https://storage.googleapis.com/kagglesdsdata/datasets/7399389/11785112/food-101/food-101/images/beef_tartare/1028942.jpg?X-Goog-Algorithm=GOOG4-RSA-SHA256&X-Goog-Credential=databundle-worker-v2%40kaggle-161607.iam.gserviceaccount.com%2F20250607%2Fauto%2Fstorage%2Fgoog4_request&X-Goog-Date=20250607T083551Z&X-Goog-Expires=345600&X-Goog-SignedHeaders=host&X-Goog-Signature=4c06a2a1a661dda36d6f20f68731b316772d416ac684b9e248ab8906bbf6c687e92052e46fe8f2e1f10f46466f6750b2097990ef049ec6632a3a93b96164e7c31a013f35ffe99dda9fc9b9e9d15a0edaaf1bcc41c5f8ac94e1eceb96fa2a4970b58cdc5e121398deb7e946f30a3fee8c1e0ef559f076fdd0a3cc785a191da7e76e0a4237062588fbdc8bef0f54302afc53678f431a1ddb13d7615e0aa92ffba2997082b9e27ec8c0acb21ab4cf24294862f7aaa605a5d0173dd32c856bfd9926a28697d25463c0d5b4a28128aa527a3ad42f9b9ed6896bae52286a5fa58bea776604e485cc5587ddb695dbaa53605af24a46d3462f16a800d596fb3f9d1f34e9',
    'https://storage.googleapis.com/kagglesdsdata/datasets/7399389/11785112/food-101/food-101/images/beef_tartare/1028942.jpg?X-Goog-Algorithm=GOOG4-RSA-SHA256&X-Goog-Credential=databundle-worker-v2%40kaggle-161607.iam.gserviceaccount.com%2F20250607%2Fauto%2Fstorage%2Fgoog4_request&X-Goog-Date=20250607T083551Z&X-Goog-Expires=345600&X-Goog-SignedHeaders=host&X-Goog-Signature=4c06a2a1a661dda36d6f20f68731b316772d416ac684b9e248ab8906bbf6c687e92052e46fe8f2e1f10f46466f6750b2097990ef049ec6632a3a93b96164e7c31a013f35ffe99dda9fc9b9e9d15a0edaaf1bcc41c5f8ac94e1eceb96fa2a4970b58cdc5e121398deb7e946f30a3fee8c1e0ef559f076fdd0a3cc785a191da7e76e0a4237062588fbdc8bef0f54302afc53678f431a1ddb13d7615e0aa92ffba2997082b9e27ec8c0acb21ab4cf24294862f7aaa605a5d0173dd32c856bfd9926a28697d25463c0d5b4a28128aa527a3ad42f9b9ed6896bae52286a5fa58bea776604e485cc5587ddb695dbaa53605af24a46d3462f16a800d596fb3f9d1f34e9',
    'test'
);

INSERT INTO Food_Ingredient (FoodID, Ingredient)
VALUES ('f101_0005', N'200g beef tenderloin (finely chopped)');

INSERT INTO Food_Ingredient (FoodID, Ingredient)
VALUES ('f101_0005', N'1 egg yolk');

INSERT INTO Food_Ingredient (FoodID, Ingredient)
VALUES ('f101_0005', N'1 tbsp Dijon mustard');

INSERT INTO Food_Ingredient (FoodID, Ingredient)
VALUES ('f101_0005', N'1 tbsp capers (chopped)');

INSERT INTO Food_Ingredient (FoodID, Ingredient)
VALUES ('f101_0005', N'1 tbsp shallots (finely chopped)');

INSERT INTO Food_Ingredient (FoodID, Ingredient)
VALUES ('f101_0005', N'1 tbsp parsley (finely chopped)');

INSERT INTO Food_Ingredient (FoodID, Ingredient)
VALUES ('f101_0005', N'1 tbsp olive oil');

INSERT INTO Food_Ingredient (FoodID, Ingredient)
VALUES ('f101_0005', N'1 tsp Worcestershire sauce');

INSERT INTO Food_Ingredient (FoodID, Ingredient)
VALUES ('f101_0005', N'Salt to taste');

INSERT INTO Food_Ingredient (FoodID, Ingredient)
VALUES ('f101_0005', N'Black pepper to taste');

INSERT INTO Food_Ingredient (FoodID, Ingredient)
VALUES ('f101_0005', N'4 slices of toasted bread or baguette (for serving)');

INSERT INTO Food (FoodID, Title, Description, Calories, Instructions, ImageURL, SourceURL, Partition)
VALUES (
    'f101_0006',
    N'Beet Salad',
    N'Beet Salad is a vibrant, refreshing dish featuring tender, roasted beets tossed with creamy goat cheese, crunchy walnuts, and peppery arugula, drizzled with a tangy balsamic vinaigrette, often served with crusty bread.',
    271,
    N'1. In a small bowl, whisk together balsamic vinegar, olive oil, honey, salt, and pepper to make the dressing. 2. Place mixed greens in a large salad bowl. 3. Top with sliced beets, crumbled goat cheese, and toasted walnuts. 4. Drizzle the dressing over the salad. 5. Toss gently and serve immediately.',
    'https://storage.googleapis.com/kagglesdsdata/datasets/7399389/11785112/food-101/food-101/images/beet_salad/1005864.jpg?X-Goog-Algorithm=GOOG4-RSA-SHA256&X-Goog-Credential=databundle-worker-v2%40kaggle-161607.iam.gserviceaccount.com%2F20250607%2Fauto%2Fstorage%2Fgoog4_request&X-Goog-Date=20250607T083637Z&X-Goog-Expires=345600&X-Goog-SignedHeaders=host&X-Goog-Signature=6af98781c74a0313e24e62b20630d1c46954acc5285cca3cbe9437a2d75846bde544dc2d83b7d84d95743b4cedaa144f253f73484e617e0942f5be54c630a78359d8739815acb740c169f602f6a6b82e71a9f21bd09ec76ece385b8d41720d1e93257b7eaa4b24c804fd3a514bcdd6c8eb9b5454b6a42f20ffd753faa2ee1ba207cd0ac2ebbd14e56012f95c105643f4e373a88b5e2404e624e4fd8dd1decdf2dae2eb4aadfe03c49de2484b2d40d555595c48bcbe29ce6db0c1ee534f47f94c2e431a3c202f014fcac965cd165019da317092ea2f5e0dc756bdfe5cf7dbf5c145baa63363a21f3b3e8c226c428c09d4b70c49f609cd7b3023b5fa55f6da0699',
    'https://storage.googleapis.com/kagglesdsdata/datasets/7399389/11785112/food-101/food-101/images/beet_salad/1005864.jpg?X-Goog-Algorithm=GOOG4-RSA-SHA256&X-Goog-Credential=databundle-worker-v2%40kaggle-161607.iam.gserviceaccount.com%2F20250607%2Fauto%2Fstorage%2Fgoog4_request&X-Goog-Date=20250607T083637Z&X-Goog-Expires=345600&X-Goog-SignedHeaders=host&X-Goog-Signature=6af98781c74a0313e24e62b20630d1c46954acc5285cca3cbe9437a2d75846bde544dc2d83b7d84d95743b4cedaa144f253f73484e617e0942f5be54c630a78359d8739815acb740c169f602f6a6b82e71a9f21bd09ec76ece385b8d41720d1e93257b7eaa4b24c804fd3a514bcdd6c8eb9b5454b6a42f20ffd753faa2ee1ba207cd0ac2ebbd14e56012f95c105643f4e373a88b5e2404e624e4fd8dd1decdf2dae2eb4aadfe03c49de2484b2d40d555595c48bcbe29ce6db0c1ee534f47f94c2e431a3c202f014fcac965cd165019da317092ea2f5e0dc756bdfe5cf7dbf5c145baa63363a21f3b3e8c226c428c09d4b70c49f609cd7b3023b5fa55f6da0699',
    'train'
);

INSERT INTO Food_Ingredient (FoodID, Ingredient)
VALUES ('f101_0006', N'3 medium beets (boiled or roasted, peeled, and sliced)');

INSERT INTO Food_Ingredient (FoodID, Ingredient)
VALUES ('f101_0006', N'2 cups mixed greens (arugula, spinach, or lettuce)');

INSERT INTO Food_Ingredient (FoodID, Ingredient)
VALUES ('f101_0006', N'1/4 cup goat cheese (crumbled)');

INSERT INTO Food_Ingredient (FoodID, Ingredient)
VALUES ('f101_0006', N'1/4 cup walnuts (toasted)');

INSERT INTO Food_Ingredient (FoodID, Ingredient)
VALUES ('f101_0006', N'2 tbsp balsamic vinegar');

INSERT INTO Food_Ingredient (FoodID, Ingredient)
VALUES ('f101_0006', N'3 tbsp olive oil');

INSERT INTO Food_Ingredient (FoodID, Ingredient)
VALUES ('f101_0006', N'1 tsp honey');

INSERT INTO Food_Ingredient (FoodID, Ingredient)
VALUES ('f101_0006', N'Salt to taste');

INSERT INTO Food_Ingredient (FoodID, Ingredient)
VALUES ('f101_0006', N'Black pepper to taste');

INSERT INTO Food (FoodID, Title, Description, Calories, Instructions, ImageURL, SourceURL, Partition)
VALUES (
    'f101_0007',
    N'Beignets',
    N'Beignets are a classic New Orleans treat featuring light, fluffy fried dough pillows dusted with powdered sugar, often served warm with a side of rich café au lait.',
    305,
    N'1. In a bowl, combine warm water, sugar, and yeast. Let sit for 5–10 minutes until foamy. 2. Whisk in egg, evaporated milk, melted butter, and salt. 3. Gradually add flour and mix until a sticky dough forms. Knead until smooth and elastic (about 5–7 minutes). 4. Cover and let the dough rise in a warm place for 1–2 hours until doubled in size. 5. Punch down the dough, then roll out on a floured surface to about 0.5 cm thick. 6. Cut into 5–6 cm squares. 7. Heat vegetable oil in a deep pot to 180°C (350°F). 8. Fry beignets in batches until golden brown, about 1–2 minutes per side. 9. Drain on paper towels, then dust generously with powdered sugar. 10. Serve warm.',
    'https://storage.googleapis.com/kagglesdsdata/datasets/7399389/11785112/food-101/food-101/images/beignets/1026127.jpg?X-Goog-Algorithm=GOOG4-RSA-SHA256&X-Goog-Credential=databundle-worker-v2%40kaggle-161607.iam.gserviceaccount.com%2F20250607%2Fauto%2Fstorage%2Fgoog4_request&X-Goog-Date=20250607T083702Z&X-Goog-Expires=345600&X-Goog-SignedHeaders=host&X-Goog-Signature=d694b30804ca2a9fb45fd46ebed0eb4aec61b1f17ea772982f649714e6a57826a7d7da6c600fda509154f1db4a6f0c29376478c38da4e2b3adc3b103448a215ac9228d200b65ecb6bca604b9da66bec5d3ca8a43e7b05eda8e6e0a56b5675b9f176c5420672bb38a73100f30966c6a63ba9323cf219f4fd7dae691c1bf1f7ece5c031d0f3913e25fb9b5add4d59b1c848069a017a9f684a3a63997d0828435560aafb788efd51dc289e5b7e54b605385eacd2522150a2de27341349ea8eb191e73b66b1f51ab07c274117c8ef2299531be111edea624da949b2ecb185ed47799cfc094312f7320fc5e73b73658ca8736d173253876b3e1674ae72f4a3db46cb4',
    'https://storage.googleapis.com/kagglesdsdata/datasets/7399389/11785112/food-101/food-101/images/beignets/1026127.jpg?X-Goog-Algorithm=GOOG4-RSA-SHA256&X-Goog-Credential=databundle-worker-v2%40kaggle-161607.iam.gserviceaccount.com%2F20250607%2Fauto%2Fstorage%2Fgoog4_request&X-Goog-Date=20250607T083702Z&X-Goog-Expires=345600&X-Goog-SignedHeaders=host&X-Goog-Signature=d694b30804ca2a9fb45fd46ebed0eb4aec61b1f17ea772982f649714e6a57826a7d7da6c600fda509154f1db4a6f0c29376478c38da4e2b3adc3b103448a215ac9228d200b65ecb6bca604b9da66bec5d3ca8a43e7b05eda8e6e0a56b5675b9f176c5420672bb38a73100f30966c6a63ba9323cf219f4fd7dae691c1bf1f7ece5c031d0f3913e25fb9b5add4d59b1c848069a017a9f684a3a63997d0828435560aafb788efd51dc289e5b7e54b605385eacd2522150a2de27341349ea8eb191e73b66b1f51ab07c274117c8ef2299531be111edea624da949b2ecb185ed47799cfc094312f7320fc5e73b73658ca8736d173253876b3e1674ae72f4a3db46cb4',
    'train'
);

INSERT INTO Food_Ingredient (FoodID, Ingredient)
VALUES ('f101_0007', N'250ml warm water (about 43°C)');

INSERT INTO Food_Ingredient (FoodID, Ingredient)
VALUES ('f101_0007', N'2 tsp active dry yeast');

INSERT INTO Food_Ingredient (FoodID, Ingredient)
VALUES ('f101_0007', N'50g granulated sugar');

INSERT INTO Food_Ingredient (FoodID, Ingredient)
VALUES ('f101_0007', N'1 large egg');

INSERT INTO Food_Ingredient (FoodID, Ingredient)
VALUES ('f101_0007', N'60ml evaporated milk');

INSERT INTO Food_Ingredient (FoodID, Ingredient)
VALUES ('f101_0007', N'1/2 tsp salt');

INSERT INTO Food_Ingredient (FoodID, Ingredient)
VALUES ('f101_0007', N'2 tbsp unsalted butter (melted)');

INSERT INTO Food_Ingredient (FoodID, Ingredient)
VALUES ('f101_0007', N'400g all-purpose flour (plus more for dusting)');

INSERT INTO Food_Ingredient (FoodID, Ingredient)
VALUES ('f101_0007', N'Vegetable oil (for frying)');

INSERT INTO Food_Ingredient (FoodID, Ingredient)
VALUES ('f101_0007', N'Powdered sugar (for dusting)');

INSERT INTO Food (FoodID, Title, Description, Calories, Instructions, ImageURL, SourceURL, Partition)
VALUES (
    'f101_0008',
    N'Bibimbap',
    N'Bibimbap is a classic Korean dish featuring a colorful medley of seasoned vegetables, tender marinated beef, and a fried egg, served over warm rice with a spicy gochujang sauce, often mixed together for a harmonious blend of flavors.',
    402,
    N'1. Prepare vegetables separately: sauté carrots, zucchini, and mushrooms with a pinch of salt. 2. Blanch spinach and bean sprouts, squeeze excess water, and season with salt and sesame oil. 3. If using beef, marinate it with soy sauce, sugar, garlic, and sesame oil, then stir-fry until cooked. 4. Place warm cooked rice in a large bowl. 5. Neatly arrange each vegetable and beef (if using) on top of the rice in sections. 6. Top with a fried egg in the center. 7. Sprinkle with sesame seeds and drizzle with sesame oil. 8. Serve with gochujang on the side or directly on top. Mix everything before eating.',
    'https://storage.googleapis.com/kagglesdsdata/datasets/7399389/11785112/food-101/food-101/images/bibimbap/1001113.jpg?X-Goog-Algorithm=GOOG4-RSA-SHA256&X-Goog-Credential=databundle-worker-v2%40kaggle-161607.iam.gserviceaccount.com%2F20250607%2Fauto%2Fstorage%2Fgoog4_request&X-Goog-Date=20250607T083859Z&X-Goog-Expires=345600&X-Goog-SignedHeaders=host&X-Goog-Signature=9695918695ec1d943213820353bcf7d545bdf00690751f2b69cc68921377b49d5882f0a937bb178cbe64f2d03f50881333cba1a19a6cf20d5fc9a143714c1ce767e02ef4050de4351060d99f436e2d1335828ce30f721a97f8fb5d358512d7f7a41f48c8604ee672fac89f3a7851bc5904da20b3938d46039fc7636c9f2d06f24e20545588341e4382184fb84817363240988be1c1ac279e9c2ad329db1862602b16c4bfdb511ae8d799088191b8d7fb6c5beded306d7fa641238221613ad614fd9cac30eb658c79736089666cfc1bc150c43161434f390102cbad52c24432bf24718be0d324d21f63488caa965b713182ac39e7d456e7fb2060cb73c8e4a104',
    'https://storage.googleapis.com/kagglesdsdata/datasets/7399389/11785112/food-101/food-101/images/bibimbap/1001113.jpg?X-Goog-Algorithm=GOOG4-RSA-SHA256&X-Goog-Credential=databundle-worker-v2%40kaggle-161607.iam.gserviceaccount.com%2F20250607%2Fauto%2Fstorage%2Fgoog4_request&X-Goog-Date=20250607T083859Z&X-Goog-Expires=345600&X-Goog-SignedHeaders=host&X-Goog-Signature=9695918695ec1d943213820353bcf7d545bdf00690751f2b69cc68921377b49d5882f0a937bb178cbe64f2d03f50881333cba1a19a6cf20d5fc9a143714c1ce767e02ef4050de4351060d99f436e2d1335828ce30f721a97f8fb5d358512d7f7a41f48c8604ee672fac89f3a7851bc5904da20b3938d46039fc7636c9f2d06f24e20545588341e4382184fb84817363240988be1c1ac279e9c2ad329db1862602b16c4bfdb511ae8d799088191b8d7fb6c5beded306d7fa641238221613ad614fd9cac30eb658c79736089666cfc1bc150c43161434f390102cbad52c24432bf24718be0d324d21f63488caa965b713182ac39e7d456e7fb2060cb73c8e4a104',
    'train'
);

INSERT INTO Food_Ingredient (FoodID, Ingredient)
VALUES ('f101_0008', N'2 cups cooked white rice (warm)');

INSERT INTO Food_Ingredient (FoodID, Ingredient)
VALUES ('f101_0008', N'100g ground beef or sliced beef (optional, marinated)');

INSERT INTO Food_Ingredient (FoodID, Ingredient)
VALUES ('f101_0008', N'1/2 cup spinach (blanched and seasoned)');

INSERT INTO Food_Ingredient (FoodID, Ingredient)
VALUES ('f101_0008', N'1/2 cup bean sprouts (blanched and seasoned)');

INSERT INTO Food_Ingredient (FoodID, Ingredient)
VALUES ('f101_0008', N'1/2 cup julienned carrots (sautéed)');

INSERT INTO Food_Ingredient (FoodID, Ingredient)
VALUES ('f101_0008', N'1/2 cup zucchini (sliced and sautéed)');

INSERT INTO Food_Ingredient (FoodID, Ingredient)
VALUES ('f101_0008', N'1/2 cup shiitake mushrooms (sliced and sautéed)');

INSERT INTO Food_Ingredient (FoodID, Ingredient)
VALUES ('f101_0008', N'1 fried egg (sunny-side up)');

INSERT INTO Food_Ingredient (FoodID, Ingredient)
VALUES ('f101_0008', N'1 tbsp sesame oil');

INSERT INTO Food_Ingredient (FoodID, Ingredient)
VALUES ('f101_0008', N'1 tbsp vegetable oil');

INSERT INTO Food_Ingredient (FoodID, Ingredient)
VALUES ('f101_0008', N'1 tbsp sesame seeds');

INSERT INTO Food_Ingredient (FoodID, Ingredient)
VALUES ('f101_0008', N'Salt and pepper to taste');

INSERT INTO Food_Ingredient (FoodID, Ingredient)
VALUES ('f101_0008', N'2 tbsp gochujang (Korean chili paste)');

INSERT INTO Food (FoodID, Title, Description, Calories, Instructions, ImageURL, SourceURL, Partition)
VALUES (
    'f101_0009',
    N'Bread Pudding',
    N'Bread Pudding is a classic comfort dessert featuring soft, custardy bread soaked in a rich vanilla-infused cream, baked until golden and lightly crisp, often served with a warm bourbon sauce or whipped cream.',
    351,
    N'1. Preheat oven to 175°C (350°F). Grease a baking dish with butter. 2. In a large bowl, whisk together eggs, milk, cream, granulated sugar, brown sugar, vanilla, cinnamon, and nutmeg. 3. Add cubed bread and mix gently to soak. Let sit for 10–15 minutes. 4. Fold in raisins or nuts if using. 5. Pour mixture into the prepared baking dish and drizzle with melted butter. 6. Bake for 45–50 minutes, or until set and golden on top. 7. Let cool slightly, then dust with powdered sugar and serve warm.',
    'https://storage.googleapis.com/kagglesdsdata/datasets/7399389/11785112/food-101/food-101/images/bread_pudding/1018769.jpg?X-Goog-Algorithm=GOOG4-RSA-SHA256&X-Goog-Credential=databundle-worker-v2%40kaggle-161607.iam.gserviceaccount.com%2F20250607%2Fauto%2Fstorage%2Fgoog4_request&X-Goog-Date=20250607T083942Z&X-Goog-Expires=345600&X-Goog-SignedHeaders=host&X-Goog-Signature=95749ac409bd4ff155b378ea5c81274a722ba9ddc53092948dda26354a2b600c17346c84c67552d39473ddb17d2253d4c59acd791a9839049ea645a0c028953dc1b2958be51b3c4ec1cdfdf1acbeeca00358e3756ff36033d5bf1b4f9ab43c179c451e438781f1e26dcb2268e745d70a974b70543719d051f0aa6d72a15163f768a6309171d8d4d6fc74356c87905d66ff4a29b10c383574ee95206ff1b7354a08c608533bfd9f54b924ebd915841f4de7e751daa3454d84b26fb0ccc0f43c4f3d77407ef485dbe6b6474f78b6223c6745aec78638751ebf8431bdbe4d0be218952ea7bcca0134a9d316bdb4760ce47cf8e507fc08cbb293fe571708e28e1390',
    'https://storage.googleapis.com/kagglesdsdata/datasets/7399389/11785112/food-101/food-101/images/bread_pudding/1018769.jpg?X-Goog-Algorithm=GOOG4-RSA-SHA256&X-Goog-Credential=databundle-worker-v2%40kaggle-161607.iam.gserviceaccount.com%2F20250607%2Fauto%2Fstorage%2Fgoog4_request&X-Goog-Date=20250607T083942Z&X-Goog-Expires=345600&X-Goog-SignedHeaders=host&X-Goog-Signature=95749ac409bd4ff155b378ea5c81274a722ba9ddc53092948dda26354a2b600c17346c84c67552d39473ddb17d2253d4c59acd791a9839049ea645a0c028953dc1b2958be51b3c4ec1cdfdf1acbeeca00358e3756ff36033d5bf1b4f9ab43c179c451e438781f1e26dcb2268e745d70a974b70543719d051f0aa6d72a15163f768a6309171d8d4d6fc74356c87905d66ff4a29b10c383574ee95206ff1b7354a08c608533bfd9f54b924ebd915841f4de7e751daa3454d84b26fb0ccc0f43c4f3d77407ef485dbe6b6474f78b6223c6745aec78638751ebf8431bdbe4d0be218952ea7bcca0134a9d316bdb4760ce47cf8e507fc08cbb293fe571708e28e1390',
    'train'
);

INSERT INTO Food_Ingredient (FoodID, Ingredient)
VALUES ('f101_0009', N'6 cups cubed day-old bread (e.g., French or brioche)');

INSERT INTO Food_Ingredient (FoodID, Ingredient)
VALUES ('f101_0009', N'4 large eggs');

INSERT INTO Food_Ingredient (FoodID, Ingredient)
VALUES ('f101_0009', N'2 cups whole milk');

INSERT INTO Food_Ingredient (FoodID, Ingredient)
VALUES ('f101_0009', N'1 cup heavy cream');

INSERT INTO Food_Ingredient (FoodID, Ingredient)
VALUES ('f101_0009', N'3/4 cup granulated sugar');

INSERT INTO Food_Ingredient (FoodID, Ingredient)
VALUES ('f101_0009', N'1/4 cup brown sugar');

INSERT INTO Food_Ingredient (FoodID, Ingredient)
VALUES ('f101_0009', N'2 tsp vanilla extract');

INSERT INTO Food_Ingredient (FoodID, Ingredient)
VALUES ('f101_0009', N'1 tsp ground cinnamon');

INSERT INTO Food_Ingredient (FoodID, Ingredient)
VALUES ('f101_0009', N'1/4 tsp ground nutmeg');

INSERT INTO Food_Ingredient (FoodID, Ingredient)
VALUES ('f101_0009', N'1/2 cup raisins or chopped nuts (optional)');

INSERT INTO Food_Ingredient (FoodID, Ingredient)
VALUES ('f101_0009', N'2 tbsp unsalted butter (melted)');

INSERT INTO Food_Ingredient (FoodID, Ingredient)
VALUES ('f101_0009', N'Powdered sugar (for serving)');

INSERT INTO Food (FoodID, Title, Description, Calories, Instructions, ImageURL, SourceURL, Partition)
VALUES (
    'f101_0010',
    N'Breakfast Burrito',
    N'Breakfast Burrito is a hearty American favorite featuring a warm flour tortilla stuffed with fluffy scrambled eggs, crispy bacon or sausage, melted cheese, and fresh salsa, often served with a side of creamy avocado or sour cream.',
    431,
    N'1. In a skillet, heat oil and cook diced potato until golden. Add onions and bell peppers and sauté until soft. 2. In a bowl, whisk eggs with milk, salt, and pepper. Scramble in a pan until just set. 3. Warm tortillas in a dry pan or microwave. 4. Assemble each burrito: layer scrambled eggs, cooked potato mixture, sausage or bacon, and cheese in the center of a tortilla. 5. Fold the sides and roll up tightly to form a burrito. 6. Optional: grill the burritos seam-side down for a crisp finish. 7. Serve warm with salsa on the side.',
    'https://storage.googleapis.com/kagglesdsdata/datasets/7399389/11785112/food-101/food-101/images/breakfast_burrito/1000351.jpg?X-Goog-Algorithm=GOOG4-RSA-SHA256&X-Goog-Credential=databundle-worker-v2%40kaggle-161607.iam.gserviceaccount.com%2F20250607%2Fauto%2Fstorage%2Fgoog4_request&X-Goog-Date=20250607T084012Z&X-Goog-Expires=345600&X-Goog-SignedHeaders=host&X-Goog-Signature=23014e31002b8267e4f2760e7d208d4988812e49a1914381d0695b994ea2baebf5771445345e637e47744c29c684aad54c8db918b01c2e98502513c2d45357c11fb7c23cac1a08b4af4239d4b1c2cb4bee38f1eb67481222481fefa3720a6e2871713415c6c44afd1d2732bede8155928f9bbc84372a0b943d9bcf98529f0fc60eb1331d96e9f288af8685a7f9f0a02b78b696718cccd2a659fd35bf0392531c292a0ef037535e3d4a1ce80a74b544dee451f15d57a58ff0709a1e2b4c10e29f9d19b31edfc514f2f3cb0515eaf8a3f9e013baf125289acf9f87bd35c9d40c3c9d04ac09e1ea0dd463b9fd1cd7fc403236fa2ad99be73f0afda6260df3c63b68',
    'https://storage.googleapis.com/kagglesdsdata/datasets/7399389/11785112/food-101/food-101/images/breakfast_burrito/1000351.jpg?X-Goog-Algorithm=GOOG4-RSA-SHA256&X-Goog-Credential=databundle-worker-v2%40kaggle-161607.iam.gserviceaccount.com%2F20250607%2Fauto%2Fstorage%2Fgoog4_request&X-Goog-Date=20250607T084012Z&X-Goog-Expires=345600&X-Goog-SignedHeaders=host&X-Goog-Signature=23014e31002b8267e4f2760e7d208d4988812e49a1914381d0695b994ea2baebf5771445345e637e47744c29c684aad54c8db918b01c2e98502513c2d45357c11fb7c23cac1a08b4af4239d4b1c2cb4bee38f1eb67481222481fefa3720a6e2871713415c6c44afd1d2732bede8155928f9bbc84372a0b943d9bcf98529f0fc60eb1331d96e9f288af8685a7f9f0a02b78b696718cccd2a659fd35bf0392531c292a0ef037535e3d4a1ce80a74b544dee451f15d57a58ff0709a1e2b4c10e29f9d19b31edfc514f2f3cb0515eaf8a3f9e013baf125289acf9f87bd35c9d40c3c9d04ac09e1ea0dd463b9fd1cd7fc403236fa2ad99be73f0afda6260df3c63b68',
    'train'
);

INSERT INTO Food_Ingredient (FoodID, Ingredient)
VALUES ('f101_0010', N'4 large flour tortillas');

INSERT INTO Food_Ingredient (FoodID, Ingredient)
VALUES ('f101_0010', N'4 eggs');

INSERT INTO Food_Ingredient (FoodID, Ingredient)
VALUES ('f101_0010', N'1/4 cup milk');

INSERT INTO Food_Ingredient (FoodID, Ingredient)
VALUES ('f101_0010', N'1/2 cup shredded cheddar cheese');

INSERT INTO Food_Ingredient (FoodID, Ingredient)
VALUES ('f101_0010', N'100g breakfast sausage or bacon (cooked and crumbled)');

INSERT INTO Food_Ingredient (FoodID, Ingredient)
VALUES ('f101_0010', N'1 small potato (peeled, diced, and pan-fried)');

INSERT INTO Food_Ingredient (FoodID, Ingredient)
VALUES ('f101_0010', N'1/4 cup chopped onion');

INSERT INTO Food_Ingredient (FoodID, Ingredient)
VALUES ('f101_0010', N'1/4 cup chopped bell pepper');

INSERT INTO Food_Ingredient (FoodID, Ingredient)
VALUES ('f101_0010', N'2 tbsp vegetable oil');

INSERT INTO Food_Ingredient (FoodID, Ingredient)
VALUES ('f101_0010', N'Salt to taste');

INSERT INTO Food_Ingredient (FoodID, Ingredient)
VALUES ('f101_0010', N'Black pepper to taste');

INSERT INTO Food_Ingredient (FoodID, Ingredient)
VALUES ('f101_0010', N'Salsa (optional, for serving)');

INSERT INTO Food (FoodID, Title, Description, Calories, Instructions, ImageURL, SourceURL, Partition)
VALUES (
    'f101_0011',
    N'Bruschetta',
    N'Bruschetta is a classic Italian appetizer featuring toasted rustic bread topped with a vibrant mix of diced tomatoes, fresh basil, and garlic, drizzled with extra virgin olive oil, often served with a sprinkle of sea salt.',
    182,
    N'1. Preheat oven to 200°C (400°F). 2. Brush baguette slices with olive oil and toast in the oven for 5–7 minutes until golden. 3. In a bowl, mix diced tomatoes, minced garlic, chopped basil, balsamic vinegar, salt, and pepper. 4. Rub toasted bread with the halved garlic clove for extra flavor. 5. Top each bread slice with the tomato mixture. 6. Serve immediately as an appetizer or snack.',
    'https://storage.googleapis.com/kagglesdsdata/datasets/7399389/11785112/food-101/food-101/images/bruschetta/1003796.jpg?X-Goog-Algorithm=GOOG4-RSA-SHA256&X-Goog-Credential=databundle-worker-v2%40kaggle-161607.iam.gserviceaccount.com%2F20250607%2Fauto%2Fstorage%2Fgoog4_request&X-Goog-Date=20250607T084040Z&X-Goog-Expires=345600&X-Goog-SignedHeaders=host&X-Goog-Signature=7079070c5e6370b7486c6ba248d9653257991831d1bd799c2d90588c611e4088b7acbd398d153ec8af53273ddd84fd636a68a7c047bf1ca5f69da345fd791a7bc49b654af99ab0403689726c7cc80b2bee85d6821ed91d7078aedea8f9de6fee0cf76bd2e089507f772460e20e7db3f4468d1ab8b5f31b7c4f78717dd390b7dccd1201a209a5734ff9646a7c51871086b50eea570b6cc5d7f9f60862dcc679cee33517ffba5551f7a49c77dfb4fbabf33513144c1c6d39067690333071dbeccdc9ba9179339a18dc6233d100f7f1c2d77a0d3de09bd4a14b61e54ea0eb52cdfe4b41b405c4cd13422a6a432bdae91bd5927abf192dcde87fdef60b6a1cfa3e23',
    'https://storage.googleapis.com/kagglesdsdata/datasets/7399389/11785112/food-101/food-101/images/bruschetta/1003796.jpg?X-Goog-Algorithm=GOOG4-RSA-SHA256&X-Goog-Credential=databundle-worker-v2%40kaggle-161607.iam.gserviceaccount.com%2F20250607%2Fauto%2Fstorage%2Fgoog4_request&X-Goog-Date=20250607T084040Z&X-Goog-Expires=345600&X-Goog-SignedHeaders=host&X-Goog-Signature=7079070c5e6370b7486c6ba248d9653257991831d1bd799c2d90588c611e4088b7acbd398d153ec8af53273ddd84fd636a68a7c047bf1ca5f69da345fd791a7bc49b654af99ab0403689726c7cc80b2bee85d6821ed91d7078aedea8f9de6fee0cf76bd2e089507f772460e20e7db3f4468d1ab8b5f31b7c4f78717dd390b7dccd1201a209a5734ff9646a7c51871086b50eea570b6cc5d7f9f60862dcc679cee33517ffba5551f7a49c77dfb4fbabf33513144c1c6d39067690333071dbeccdc9ba9179339a18dc6233d100f7f1c2d77a0d3de09bd4a14b61e54ea0eb52cdfe4b41b405c4cd13422a6a432bdae91bd5927abf192dcde87fdef60b6a1cfa3e23',
    'test'
);

INSERT INTO Food_Ingredient (FoodID, Ingredient)
VALUES ('f101_0011', N'1 baguette (sliced into 1.5 cm thick pieces)');

INSERT INTO Food_Ingredient (FoodID, Ingredient)
VALUES ('f101_0011', N'2 tbsp olive oil (for brushing)');

INSERT INTO Food_Ingredient (FoodID, Ingredient)
VALUES ('f101_0011', N'3 medium tomatoes (diced)');

INSERT INTO Food_Ingredient (FoodID, Ingredient)
VALUES ('f101_0011', N'2 cloves garlic (1 minced, 1 halved)');

INSERT INTO Food_Ingredient (FoodID, Ingredient)
VALUES ('f101_0011', N'1 tbsp fresh basil (chopped)');

INSERT INTO Food_Ingredient (FoodID, Ingredient)
VALUES ('f101_0011', N'1 tsp balsamic vinegar');

INSERT INTO Food_Ingredient (FoodID, Ingredient)
VALUES ('f101_0011', N'Salt to taste');

INSERT INTO Food_Ingredient (FoodID, Ingredient)
VALUES ('f101_0011', N'Black pepper to taste');

INSERT INTO Food (FoodID, Title, Description, Calories, Instructions, ImageURL, SourceURL, Partition)
VALUES (
    'f101_0012',
    N'Caesar Salad',
    N'Caesar Salad is a classic American dish featuring crisp romaine lettuce tossed with a creamy, tangy Caesar dressing, topped with crunchy croutons and shaved Parmesan cheese, often served with a wedge of lemon.',
    312,
    N'1. In a small bowl, whisk together egg yolk, mustard, Worcestershire sauce, garlic, lemon juice, and anchovies (if using). 2. Slowly drizzle in olive oil while whisking to create a creamy dressing. 3. Season the dressing with salt and pepper to taste. 4. In a large bowl, toss chopped romaine with croutons and Parmesan cheese. 5. Drizzle dressing over the salad and toss to coat evenly. 6. Serve immediately.',
    'https://storage.googleapis.com/kagglesdsdata/datasets/7399389/11785112/food-101/food-101/images/caesar_salad/1000016.jpg?X-Goog-Algorithm=GOOG4-RSA-SHA256&X-Goog-Credential=databundle-worker-v2%40kaggle-161607.iam.gserviceaccount.com%2F20250607%2Fauto%2Fstorage%2Fgoog4_request&X-Goog-Date=20250607T084225Z&X-Goog-Expires=345600&X-Goog-SignedHeaders=host&X-Goog-Signature=d16cc540ddabfc94918dea8333d9d5f16b42a5849255f63f1720da283113903cca29756573d57a90f3ff98d64bac1e4e3f5626c01f56de2509666a1d11bd709992f5d2f9da92d42bc7ca75671f64263cbb82e68de94ced537ab75e587c55979f5418018a7306dda79fa8bd5fbf45e69f991ca4ed0296984a6cb7a24cc3a89f732c0634330e66d3ab37a4607cc0ddd636e03bc959d87941567dcd6d3cd0a5e86011533d22deab2a96450a0aeba6a5cbdc27c0061d59a76b5e1bc0bfef26ae37e597cd1ee4b940bc867f0637a4fe39eb209128ea8cc7e61327d0eaf9948095e038e1d26c48a0e41e53d426e87e8ed0a741edc3a0a11e96bb9a49cf4e53546a7866',
    'https://storage.googleapis.com/kagglesdsdata/datasets/7399389/11785112/food-101/food-101/images/caesar_salad/1000016.jpg?X-Goog-Algorithm=GOOG4-RSA-SHA256&X-Goog-Credential=databundle-worker-v2%40kaggle-161607.iam.gserviceaccount.com%2F20250607%2Fauto%2Fstorage%2Fgoog4_request&X-Goog-Date=20250607T084225Z&X-Goog-Expires=345600&X-Goog-SignedHeaders=host&X-Goog-Signature=d16cc540ddabfc94918dea8333d9d5f16b42a5849255f63f1720da283113903cca29756573d57a90f3ff98d64bac1e4e3f5626c01f56de2509666a1d11bd709992f5d2f9da92d42bc7ca75671f64263cbb82e68de94ced537ab75e587c55979f5418018a7306dda79fa8bd5fbf45e69f991ca4ed0296984a6cb7a24cc3a89f732c0634330e66d3ab37a4607cc0ddd636e03bc959d87941567dcd6d3cd0a5e86011533d22deab2a96450a0aeba6a5cbdc27c0061d59a76b5e1bc0bfef26ae37e597cd1ee4b940bc867f0637a4fe39eb209128ea8cc7e61327d0eaf9948095e038e1d26c48a0e41e53d426e87e8ed0a741edc3a0a11e96bb9a49cf4e53546a7866',
    'train'
);

INSERT INTO Food_Ingredient (FoodID, Ingredient)
VALUES ('f101_0012', N'1 large head romaine lettuce (chopped)');

INSERT INTO Food_Ingredient (FoodID, Ingredient)
VALUES ('f101_0012', N'1/2 cup croutons');

INSERT INTO Food_Ingredient (FoodID, Ingredient)
VALUES ('f101_0012', N'1/4 cup grated Parmesan cheese');

INSERT INTO Food_Ingredient (FoodID, Ingredient)
VALUES ('f101_0012', N'1 egg yolk');

INSERT INTO Food_Ingredient (FoodID, Ingredient)
VALUES ('f101_0012', N'1 tsp Dijon mustard');

INSERT INTO Food_Ingredient (FoodID, Ingredient)
VALUES ('f101_0012', N'1 tsp Worcestershire sauce');

INSERT INTO Food_Ingredient (FoodID, Ingredient)
VALUES ('f101_0012', N'1 clove garlic (minced)');

INSERT INTO Food_Ingredient (FoodID, Ingredient)
VALUES ('f101_0012', N'2 tbsp lemon juice');

INSERT INTO Food_Ingredient (FoodID, Ingredient)
VALUES ('f101_0012', N'1/2 cup olive oil');

INSERT INTO Food_Ingredient (FoodID, Ingredient)
VALUES ('f101_0012', N'Salt to taste');

INSERT INTO Food_Ingredient (FoodID, Ingredient)
VALUES ('f101_0012', N'Black pepper to taste');

INSERT INTO Food_Ingredient (FoodID, Ingredient)
VALUES ('f101_0012', N'Optional: 2 anchovy fillets (finely minced)');

INSERT INTO Food (FoodID, Title, Description, Calories, Instructions, ImageURL, SourceURL, Partition)
VALUES (
    'f101_0013',
    N'Cannoli',
    N'Cannoli is a classic Italian dessert featuring crisp, fried pastry tubes filled with a creamy, sweet ricotta cheese filling studded with chocolate chips or candied fruit, often dusted with powdered sugar.',
    352,
    N'1. In a bowl, mix flour, sugar, cinnamon, and salt. Cut in butter until crumbly. 2. Add egg yolk and wine gradually to form a dough. Knead until smooth and elastic. 3. Wrap and chill dough for at least 1 hour. 4. Roll dough thin and cut into 10 cm circles. Wrap each around a metal cannoli tube and seal edge with a bit of egg white. 5. Heat oil to 180°C (350°F). Fry shells until golden and crisp. Drain and cool before removing molds. 6. In a separate bowl, mix ricotta, powdered sugar, and vanilla until smooth. Fold in chocolate chips or fruit if using. 7. Spoon or pipe filling into cooled shells just before serving. 8. Dust with powdered sugar and serve immediately.',
    'https://storage.googleapis.com/kagglesdsdata/datasets/7399389/11785112/food-101/food-101/images/cannoli/1007970.jpg?X-Goog-Algorithm=GOOG4-RSA-SHA256&X-Goog-Credential=databundle-worker-v2%40kaggle-161607.iam.gserviceaccount.com%2F20250607%2Fauto%2Fstorage%2Fgoog4_request&X-Goog-Date=20250607T084404Z&X-Goog-Expires=345600&X-Goog-SignedHeaders=host&X-Goog-Signature=5ca35f64a526d55a65b0493895b6ddd644ff76676c7d4fdc4c72d6e878dca0736091c498d215c90de0641984cf5f78274080c5bf2fb6788715e0ad34f8ce4e93d6099781f7908969241b779e5f30c34f72d8eec30adb06b73784029be78afca994fbbe5b0213810dfc267417c15e6f4b8ca6c11df1fd5f3ce683559c13595c7a8a31ab8d59f93f282e6aeb1ea6cb6ac2415c95d074be2afe75407b95592ad96cd945fe1da3d1aba907eaf0103cf4ea09b0f4f405beed5dee2be17fd0c082204d1ed05fb7c70736b60b64b51112dafed8c0a6580fa6bbdde7c1afa36e540fcc51fc2e86a2d5f3662216d46bf0ed19b779b82eac4edd933ae0842805179f78e920',
    'https://storage.googleapis.com/kagglesdsdata/datasets/7399389/11785112/food-101/food-101/images/cannoli/1007970.jpg?X-Goog-Algorithm=GOOG4-RSA-SHA256&X-Goog-Credential=databundle-worker-v2%40kaggle-161607.iam.gserviceaccount.com%2F20250607%2Fauto%2Fstorage%2Fgoog4_request&X-Goog-Date=20250607T084404Z&X-Goog-Expires=345600&X-Goog-SignedHeaders=host&X-Goog-Signature=5ca35f64a526d55a65b0493895b6ddd644ff76676c7d4fdc4c72d6e878dca0736091c498d215c90de0641984cf5f78274080c5bf2fb6788715e0ad34f8ce4e93d6099781f7908969241b779e5f30c34f72d8eec30adb06b73784029be78afca994fbbe5b0213810dfc267417c15e6f4b8ca6c11df1fd5f3ce683559c13595c7a8a31ab8d59f93f282e6aeb1ea6cb6ac2415c95d074be2afe75407b95592ad96cd945fe1da3d1aba907eaf0103cf4ea09b0f4f405beed5dee2be17fd0c082204d1ed05fb7c70736b60b64b51112dafed8c0a6580fa6bbdde7c1afa36e540fcc51fc2e86a2d5f3662216d46bf0ed19b779b82eac4edd933ae0842805179f78e920',
    'train'
);

INSERT INTO Food_Ingredient (FoodID, Ingredient)
VALUES ('f101_0013', N'200g all-purpose flour');

INSERT INTO Food_Ingredient (FoodID, Ingredient)
VALUES ('f101_0013', N'1 tbsp granulated sugar');

INSERT INTO Food_Ingredient (FoodID, Ingredient)
VALUES ('f101_0013', N'1/2 tsp ground cinnamon');

INSERT INTO Food_Ingredient (FoodID, Ingredient)
VALUES ('f101_0013', N'1/4 tsp salt');

INSERT INTO Food_Ingredient (FoodID, Ingredient)
VALUES ('f101_0013', N'2 tbsp unsalted butter (cold, cubed)');

INSERT INTO Food_Ingredient (FoodID, Ingredient)
VALUES ('f101_0013', N'1 egg yolk');

INSERT INTO Food_Ingredient (FoodID, Ingredient)
VALUES ('f101_0013', N'60ml sweet Marsala wine (or white wine)');

INSERT INTO Food_Ingredient (FoodID, Ingredient)
VALUES ('f101_0013', N'Vegetable oil (for frying)');

INSERT INTO Food_Ingredient (FoodID, Ingredient)
VALUES ('f101_0013', N'250g ricotta cheese (drained overnight)');

INSERT INTO Food_Ingredient (FoodID, Ingredient)
VALUES ('f101_0013', N'100g powdered sugar (plus more for dusting)');

INSERT INTO Food_Ingredient (FoodID, Ingredient)
VALUES ('f101_0013', N'1/2 tsp vanilla extract');

INSERT INTO Food_Ingredient (FoodID, Ingredient)
VALUES ('f101_0013', N'50g mini chocolate chips or chopped candied fruit (optional)');

INSERT INTO Food (FoodID, Title, Description, Calories, Instructions, ImageURL, SourceURL, Partition)
VALUES (
    'f101_0014',
    N'Caprese Salad',
    N'Caprese Salad is a classic Italian dish featuring juicy, ripe tomatoes, creamy fresh mozzarella, and fragrant basil leaves, drizzled with extra virgin olive oil and balsamic glaze, often served with a sprinkle of sea salt.',
    291,
    N'1. Arrange tomato and mozzarella slices alternately on a serving plate. 2. Tuck fresh basil leaves between the slices. 3. Drizzle with olive oil and balsamic glaze if using. 4. Sprinkle with salt and freshly ground black pepper. 5. Serve immediately as a fresh appetizer or side dish.',
    'https://storage.googleapis.com/kagglesdsdata/datasets/7399389/11785112/food-101/food-101/images/caprese_salad/1001946.jpg?X-Goog-Algorithm=GOOG4-RSA-SHA256&X-Goog-Credential=databundle-worker-v2%40kaggle-161607.iam.gserviceaccount.com%2F20250607%2Fauto%2Fstorage%2Fgoog4_request&X-Goog-Date=20250607T084450Z&X-Goog-Expires=345600&X-Goog-SignedHeaders=host&X-Goog-Signature=c6393394c22144504c4fdedc2189470ab312154810fa8324df7128bc1e9fec9f1f2e92e15c991cd161fc7e04abeb64d56267216263d3616a28a7e0e03de0ef5dd7bb26288d69fc0de7ee60b2c8d5707b0893e5d72ba4ed65672c8bff69912e40b5f7d89a138f0aa0d2f1c0b0dd4310174b1f17d1e0aec3c83f4e39b93f8e0f9b9394aa3aa3c8f6ca0cdd504b083e0fd48fe6aaab283c1243fdbebe3c23753754dc0e231edb44bab607c1efb2d46dc79d61d8180d78108e0bac69fd76bf759bc51119fc448b7e4fb4d4e5a82a4be43b8d99f4f658314ff9da761d42b570437a9d421b0db82e9dbd3bc28bba6b3fbaeaf85a3b4b9c7db363e9b11cbbbf0bf68e4b',
    'https://storage.googleapis.com/kagglesdsdata/datasets/7399389/11785112/food-101/food-101/images/caprese_salad/1001946.jpg?X-Goog-Algorithm=GOOG4-RSA-SHA256&X-Goog-Credential=databundle-worker-v2%40kaggle-161607.iam.gserviceaccount.com%2F20250607%2Fauto%2Fstorage%2Fgoog4_request&X-Goog-Date=20250607T084450Z&X-Goog-Expires=345600&X-Goog-SignedHeaders=host&X-Goog-Signature=c6393394c22144504c4fdedc2189470ab312154810fa8324df7128bc1e9fec9f1f2e92e15c991cd161fc7e04abeb64d56267216263d3616a28a7e0e03de0ef5dd7bb26288d69fc0de7ee60b2c8d5707b0893e5d72ba4ed65672c8bff69912e40b5f7d89a138f0aa0d2f1c0b0dd4310174b1f17d1e0aec3c83f4e39b93f8e0f9b9394aa3aa3c8f6ca0cdd504b083e0fd48fe6aaab283c1243fdbebe3c23753754dc0e231edb44bab607c1efb2d46dc79d61d8180d78108e0bac69fd76bf759bc51119fc448b7e4fb4d4e5a82a4be43b8d99f4f658314ff9da761d42b570437a9d421b0db82e9dbd3bc28bba6b3fbaeaf85a3b4b9c7db363e9b11cbbbf0bf68e4b',
    'train'
);

INSERT INTO Food_Ingredient (FoodID, Ingredient)
VALUES ('f101_0014', N'3 large ripe tomatoes (sliced)');

INSERT INTO Food_Ingredient (FoodID, Ingredient)
VALUES ('f101_0014', N'250g fresh mozzarella cheese (sliced)');

INSERT INTO Food_Ingredient (FoodID, Ingredient)
VALUES ('f101_0014', N'1/4 cup fresh basil leaves');

INSERT INTO Food_Ingredient (FoodID, Ingredient)
VALUES ('f101_0014', N'2 tbsp extra-virgin olive oil');

INSERT INTO Food_Ingredient (FoodID, Ingredient)
VALUES ('f101_0014', N'1 tbsp balsamic glaze (optional)');

INSERT INTO Food_Ingredient (FoodID, Ingredient)
VALUES ('f101_0014', N'Salt to taste');

INSERT INTO Food_Ingredient (FoodID, Ingredient)
VALUES ('f101_0014', N'Black pepper to taste');

INSERT INTO Food (FoodID, Title, Description, Calories, Instructions, ImageURL, SourceURL, Partition)
VALUES (
    'f101_0015',
    N'Carrot Cake',
    N'Carrot Cake is a classic American dessert featuring a moist, spiced cake packed with grated carrots, warm cinnamon, and crunchy walnuts, topped with a rich cream cheese frosting, often served with a sprinkle of chopped nuts.',
    512,
    N'1. Preheat oven to 175°C (350°F). Grease and flour two 20cm (8-inch) round cake pans. 2. In a bowl, whisk together flour, baking soda, salt, cinnamon, nutmeg, and cloves. 3. In another bowl, beat eggs, granulated sugar, brown sugar, oil, and vanilla until well combined. 4. Gradually add dry ingredients to the wet mixture. Mix until just combined. 5. Fold in grated carrots, nuts, and pineapple if using. 6. Divide batter evenly between prepared pans and bake for 30–35 minutes, or until a toothpick inserted in the center comes out clean. 7. Let cakes cool completely on a wire rack. 8. For frosting, beat cream cheese and butter until smooth. Add powdered sugar and vanilla, then beat until fluffy. 9. Frost the top of one cake layer, place the second layer on top, and frost the entire cake. 10. Chill slightly before serving for best texture.',
    'https://storage.googleapis.com/kagglesdsdata/datasets/7399389/11785112/food-101/food-101/images/carrot_cake/1000447.jpg?X-Goog-Algorithm=GOOG4-RSA-SHA256&X-Goog-Credential=databundle-worker-v2%40kaggle-161607.iam.gserviceaccount.com%2F20250607%2Fauto%2Fstorage%2Fgoog4_request&X-Goog-Date=20250607T084518Z&X-Goog-Expires=345600&X-Goog-SignedHeaders=host&X-Goog-Signature=7230fc6f4f05883a15f9634357e69250adf57d3eef8f0bebfc2c2201253f41da12bf45f2f4ba31422715263450d78362a0f431a0d5a11975bda3683c42ccd7c4477e27ffa81137817ad2046942d4acd04d8092c10e7fffc158f9e1c168e30a350d8c434d5f8185a1026bc5ed496e984fb1db561a4753df287e0a64512fdda5094568e220905b42f60eabc0b98715479a43b73e7521af6c227b9ac6f025105588255ea156625ec01b523017cbeb80d281c8c89b60e92dcd1fd92cef89a36e78f22395db3a21de27c668f9466d17f65ce45d33ba3b4476239a70057348d8e83e22341259655576b9d4ebefb3bc2cc666671e9d763a95e13bd760b85ea10ac1d7ad',
    'https://storage.googleapis.com/kagglesdsdata/datasets/7399389/11785112/food-101/food-101/images/carrot_cake/1000447.jpg?X-Goog-Algorithm=GOOG4-RSA-SHA256&X-Goog-Credential=databundle-worker-v2%40kaggle-161607.iam.gserviceaccount.com%2F20250607%2Fauto%2Fstorage%2Fgoog4_request&X-Goog-Date=20250607T084518Z&X-Goog-Expires=345600&X-Goog-SignedHeaders=host&X-Goog-Signature=7230fc6f4f05883a15f9634357e69250adf57d3eef8f0bebfc2c2201253f41da12bf45f2f4ba31422715263450d78362a0f431a0d5a11975bda3683c42ccd7c4477e27ffa81137817ad2046942d4acd04d8092c10e7fffc158f9e1c168e30a350d8c434d5f8185a1026bc5ed496e984fb1db561a4753df287e0a64512fdda5094568e220905b42f60eabc0b98715479a43b73e7521af6c227b9ac6f025105588255ea156625ec01b523017cbeb80d281c8c89b60e92dcd1fd92cef89a36e78f22395db3a21de27c668f9466d17f65ce45d33ba3b4476239a70057348d8e83e22341259655576b9d4ebefb3bc2cc666671e9d763a95e13bd760b85ea10ac1d7ad',
    'train'
);

INSERT INTO Food_Ingredient (FoodID, Ingredient)
VALUES ('f101_0015', N'250g all-purpose flour');

INSERT INTO Food_Ingredient (FoodID, Ingredient)
VALUES ('f101_0015', N'2 tsp baking soda');

INSERT INTO Food_Ingredient (FoodID, Ingredient)
VALUES ('f101_0015', N'1/2 tsp salt');

INSERT INTO Food_Ingredient (FoodID, Ingredient)
VALUES ('f101_0015', N'2 tsp ground cinnamon');

INSERT INTO Food_Ingredient (FoodID, Ingredient)
VALUES ('f101_0015', N'1/2 tsp ground nutmeg');

INSERT INTO Food_Ingredient (FoodID, Ingredient)
VALUES ('f101_0015', N'1/4 tsp ground cloves');

INSERT INTO Food_Ingredient (FoodID, Ingredient)
VALUES ('f101_0015', N'4 large eggs');

INSERT INTO Food_Ingredient (FoodID, Ingredient)
VALUES ('f101_0015', N'200g granulated sugar');

INSERT INTO Food_Ingredient (FoodID, Ingredient)
VALUES ('f101_0015', N'150g brown sugar');

INSERT INTO Food_Ingredient (FoodID, Ingredient)
VALUES ('f101_0015', N'240ml vegetable oil');

INSERT INTO Food_Ingredient (FoodID, Ingredient)
VALUES ('f101_0015', N'1 tsp vanilla extract');

INSERT INTO Food_Ingredient (FoodID, Ingredient)
VALUES ('f101_0015', N'300g grated carrots');

INSERT INTO Food_Ingredient (FoodID, Ingredient)
VALUES ('f101_0015', N'100g chopped walnuts or pecans (optional)');

INSERT INTO Food_Ingredient (FoodID, Ingredient)
VALUES ('f101_0015', N'100g crushed pineapple (drained, optional)');

INSERT INTO Food_Ingredient (FoodID, Ingredient)
VALUES ('f101_0015', N'For frosting: 200g cream cheese, 100g butter (softened), 200g powdered sugar, 1 tsp vanilla extract');

INSERT INTO Food (FoodID, Title, Description, Calories, Instructions, ImageURL, SourceURL, Partition)
VALUES (
    'f101_0016',
    N'Ceviche',
    N'Ceviche is a classic Latin American dish featuring fresh, raw fish marinated in zesty lime juice, mixed with vibrant red onions, cilantro, and spicy chili peppers, often served with crunchy tortilla chips or sweet potato slices.',
    242,
    N'1. Place diced fish in a glass or ceramic bowl. Pour lime juice over to fully submerge the fish. 2. Cover and refrigerate for 30 minutes to 1 hour, or until fish turns opaque (cooked by the acidity). 3. Drain some of the excess lime juice if desired. 4. Add sliced onion, chili, tomato, cucumber (if using), cilantro, salt, and pepper. Mix gently. 5. Taste and adjust seasoning if needed. 6. Top with diced avocado before serving. 7. Serve chilled with tortilla chips or on tostadas.',
    'https://storage.googleapis.com/kagglesdsdata/datasets/7399389/11785112/food-101/food-101/images/ceviche/1043736.jpg?X-Goog-Algorithm=GOOG4-RSA-SHA256&X-Goog-Credential=databundle-worker-v2%40kaggle-161607.iam.gserviceaccount.com%2F20250607%2Fauto%2Fstorage%2Fgoog4_request&X-Goog-Date=20250607T084545Z&X-Goog-Expires=345600&X-Goog-SignedHeaders=host&X-Goog-Signature=1fd3c0c8976b348b6109c4406d8b68b54b129108093ab9ed24fb4e6e10c67ec8ab7123bf9012d7156e86f33b4de8e65cf227aa8ea66e0930b79de36b8d934ff4dc9eb53dfb84c082a1260364c618951efd5616d5385158f855c73a7231b875ca2753bfd52f6bfae8f45bc151c6883c9a3d9761227b8b7ba65153034bbd52a6e78aa75f6fa60352de7be3c38d773e66aa0f38ce711eb2b5d6f33c556af8c7a82ce399f0643252513e2f6b32e03f4e9aa37ab2486b797ca056c74af187c6872b40fe1f0d1f3a7a79f2c4c78496c6250750c9813b0cdb1ba96f97df0fe8468024dddd1a357822f5227ebcc04e32d19b296e6891f1f429ab53b4755b2f172de9dd1c',
    'https://storage.googleapis.com/kagglesdsdata/datasets/7399389/11785112/food-101/food-101/images/ceviche/1043736.jpg?X-Goog-Algorithm=GOOG4-RSA-SHA256&X-Goog-Credential=databundle-worker-v2%40kaggle-161607.iam.gserviceaccount.com%2F20250607%2Fauto%2Fstorage%2Fgoog4_request&X-Goog-Date=20250607T084545Z&X-Goog-Expires=345600&X-Goog-SignedHeaders=host&X-Goog-Signature=1fd3c0c8976b348b6109c4406d8b68b54b129108093ab9ed24fb4e6e10c67ec8ab7123bf9012d7156e86f33b4de8e65cf227aa8ea66e0930b79de36b8d934ff4dc9eb53dfb84c082a1260364c618951efd5616d5385158f855c73a7231b875ca2753bfd52f6bfae8f45bc151c6883c9a3d9761227b8b7ba65153034bbd52a6e78aa75f6fa60352de7be3c38d773e66aa0f38ce711eb2b5d6f33c556af8c7a82ce399f0643252513e2f6b32e03f4e9aa37ab2486b797ca056c74af187c6872b40fe1f0d1f3a7a79f2c4c78496c6250750c9813b0cdb1ba96f97df0fe8468024dddd1a357822f5227ebcc04e32d19b296e6891f1f429ab53b4755b2f172de9dd1c',
    'test'
);

INSERT INTO Food_Ingredient (FoodID, Ingredient)
VALUES ('f101_0016', N'400g fresh white fish (e.g. sea bass or snapper, diced)');

INSERT INTO Food_Ingredient (FoodID, Ingredient)
VALUES ('f101_0016', N'1 cup freshly squeezed lime juice (about 8–10 limes)');

INSERT INTO Food_Ingredient (FoodID, Ingredient)
VALUES ('f101_0016', N'1 small red onion (thinly sliced)');

INSERT INTO Food_Ingredient (FoodID, Ingredient)
VALUES ('f101_0016', N'1 small red chili or jalapeño (finely chopped)');

INSERT INTO Food_Ingredient (FoodID, Ingredient)
VALUES ('f101_0016', N'1 medium tomato (deseeded and diced)');

INSERT INTO Food_Ingredient (FoodID, Ingredient)
VALUES ('f101_0016', N'1/2 cup chopped cilantro (coriander leaves)');

INSERT INTO Food_Ingredient (FoodID, Ingredient)
VALUES ('f101_0016', N'1 small cucumber (diced, optional)');

INSERT INTO Food_Ingredient (FoodID, Ingredient)
VALUES ('f101_0016', N'Salt to taste');

INSERT INTO Food_Ingredient (FoodID, Ingredient)
VALUES ('f101_0016', N'Black pepper to taste');

INSERT INTO Food_Ingredient (FoodID, Ingredient)
VALUES ('f101_0016', N'1 avocado (diced, for topping)');

INSERT INTO Food_Ingredient (FoodID, Ingredient)
VALUES ('f101_0016', N'Tortilla chips or tostadas (for serving)');

INSERT INTO Food (FoodID, Title, Description, Calories, Instructions, ImageURL, SourceURL, Partition)
VALUES (
    'f101_0017',
    N'Cheese Plate',
    N'Cheese Plate is a classic appetizer featuring an assortment of artisanal cheeses, from creamy brie to sharp cheddar, paired with sweet grapes, crunchy nuts, and crusty bread, often served with a drizzle of honey or fruit preserves.',
    401,
    N'1. Arrange cheeses on a large wooden board or serving platter, spaced evenly. 2. Add fresh fruits like grapes or figs in small clusters around the cheeses. 3. Fill in gaps with dried fruits and nuts for variety and texture. 4. Place crackers or bread on the side or in a separate basket. 5. Optional: drizzle honey over blue or goat cheese, or serve preserves in a small bowl. 6. Let cheese sit at room temperature for 20–30 minutes before serving for best flavor.',
    'https://storage.googleapis.com/kagglesdsdata/datasets/7399389/11785112/food-101/food-101/images/cheese_plate/100370.jpg?X-Goog-Algorithm=GOOG4-RSA-SHA256&X-Goog-Credential=databundle-worker-v2%40kaggle-161607.iam.gserviceaccount.com%2F20250607%2Fauto%2Fstorage%2Fgoog4_request&X-Goog-Date=20250607T084654Z&X-Goog-Expires=345600&X-Goog-SignedHeaders=host&X-Goog-Signature=4dc9bd5121e1453f8abc070f1d3375281be4af942d57002f1a55d2b6e4d906f8f18d6d96261378516b916a0a24d7379cabac959c5d99728fd9f159f51a68898dba5226c89db9ff871b950443e581836092d80120f53d2ae59815e675f0e703b217c5a20ce7cef2ea7884faa4572a691d6166cde5652bb904344a29056fd73b1c5370a943c267f0daaf8f334464b983475157dad1b9f66467d567a4b046299431a58235a235ae1a699d1fb3f9622f063e9426671990e0e14691c8b9cdae462ca7ba9ca67b7a34cca8a081c7d529ec9bd4ee7c6b2ee8ced572537843c8a3d56584689ba8a2040ecbf7a89446124eaa2cd973f7d0f64840a64a8f0f55045aaa647a',
    'https://storage.googleapis.com/kagglesdsdata/datasets/7399389/11785112/food-101/food-101/images/cheese_plate/100370.jpg?X-Goog-Algorithm=GOOG4-RSA-SHA256&X-Goog-Credential=databundle-worker-v2%40kaggle-161607.iam.gserviceaccount.com%2F20250607%2Fauto%2Fstorage%2Fgoog4_request&X-Goog-Date=20250607T084654Z&X-Goog-Expires=345600&X-Goog-SignedHeaders=host&X-Goog-Signature=4dc9bd5121e1453f8abc070f1d3375281be4af942d57002f1a55d2b6e4d906f8f18d6d96261378516b916a0a24d7379cabac959c5d99728fd9f159f51a68898dba5226c89db9ff871b950443e581836092d80120f53d2ae59815e675f0e703b217c5a20ce7cef2ea7884faa4572a691d6166cde5652bb904344a29056fd73b1c5370a943c267f0daaf8f334464b983475157dad1b9f66467d567a4b046299431a58235a235ae1a699d1fb3f9622f063e9426671990e0e14691c8b9cdae462ca7ba9ca67b7a34cca8a081c7d529ec9bd4ee7c6b2ee8ced572537843c8a3d56584689ba8a2040ecbf7a89446124eaa2cd973f7d0f64840a64a8f0f55045aaa647a',
    'train'
);

INSERT INTO Food_Ingredient (FoodID, Ingredient)
VALUES ('f101_0017', N'100g soft cheese (e.g., Brie or Camembert)');

INSERT INTO Food_Ingredient (FoodID, Ingredient)
VALUES ('f101_0017', N'100g hard cheese (e.g., aged Cheddar or Manchego)');

INSERT INTO Food_Ingredient (FoodID, Ingredient)
VALUES ('f101_0017', N'100g blue cheese (e.g., Gorgonzola or Roquefort)');

INSERT INTO Food_Ingredient (FoodID, Ingredient)
VALUES ('f101_0017', N'100g fresh cheese (e.g., goat cheese)');

INSERT INTO Food_Ingredient (FoodID, Ingredient)
VALUES ('f101_0017', N'1/2 cup seedless grapes or fresh figs');

INSERT INTO Food_Ingredient (FoodID, Ingredient)
VALUES ('f101_0017', N'1/4 cup dried fruits (e.g., apricots, cranberries)');

INSERT INTO Food_Ingredient (FoodID, Ingredient)
VALUES ('f101_0017', N'1/4 cup mixed nuts (e.g., almonds, walnuts)');

INSERT INTO Food_Ingredient (FoodID, Ingredient)
VALUES ('f101_0017', N'Crackers or sliced baguette (for serving)');

INSERT INTO Food_Ingredient (FoodID, Ingredient)
VALUES ('f101_0017', N'Honey or fruit preserves (optional)');

INSERT INTO Food (FoodID, Title, Description, Calories, Instructions, ImageURL, SourceURL, Partition)
VALUES (
    'f101_0018',
    N'Cheesecake',
    N'Cheesecake is a classic American dessert featuring a creamy, velvety filling made from rich cream cheese on a buttery graham cracker crust, often topped with sweet fruit compote or a drizzle of caramel.',
    452,
    N'1. Preheat oven to 160°C (325°F). Grease a 23cm (9-inch) springform pan. 2. In a bowl, mix crushed biscuits with melted butter. Press mixture firmly into the bottom of the pan to form the crust. 3. Bake the crust for 10 minutes, then remove and let cool. 4. In a large bowl, beat cream cheese until smooth. Add sugar and mix until combined. 5. Add eggs one at a time, mixing well after each addition. 6. Stir in sour cream, vanilla, flour, and lemon juice if using. Mix until smooth but avoid overbeating. 7. Pour the filling over the cooled crust. 8. Bake for 50–60 minutes or until edges are set and center is slightly jiggly. 9. Turn off oven, crack the door, and let cheesecake cool inside for 1 hour to prevent cracking. 10. Chill in the refrigerator for at least 4 hours or overnight. 11. Top with berries or fruit before serving if desired.',
    'https://storage.googleapis.com/kagglesdsdata/datasets/7399389/11785112/food-101/food-101/images/cheesecake/1001446.jpg?X-Goog-Algorithm=GOOG4-RSA-SHA256&X-Goog-Credential=databundle-worker-v2%40kaggle-161607.iam.gserviceaccount.com%2F20250607%2Fauto%2Fstorage%2Fgoog4_request&X-Goog-Date=20250607T084907Z&X-Goog-Expires=345600&X-Goog-SignedHeaders=host&X-Goog-Signature=ac9dc63544a484ee0bca71e4c934f986bb218ea6735347d6ca8457c54da36d8d2ea561fcf0614ce547133729f5a7a76af5402a3b8b380b2f3a98daaa864e0ee3b6c1440b8a7b7644a44966bdeeb1400db23b5428f21dcaad68bfe3c42cd5849cbf7132b27dcf9006f2ecb3229abce1f275ddda0014ae344f219aa878bc90547b0d605857195fce1b16138bb0c98f0e18cbc9362db95b3c5c591aa8862a90c8df49fce8e73d59914d1ae0c9204ae2015f6d110462b72f39ec4ef3a5e106ef609e80542e7b49c530031d086828f660574fd3c8b5c93440c01f01f055470610e4d4fe804d0b819f6a1dce3240575b694657e0baf518ddfbaa675fbf239939656e9c',
    'https://storage.googleapis.com/kagglesdsdata/datasets/7399389/11785112/food-101/food-101/images/cheesecake/1001446.jpg?X-Goog-Algorithm=GOOG4-RSA-SHA256&X-Goog-Credential=databundle-worker-v2%40kaggle-161607.iam.gserviceaccount.com%2F20250607%2Fauto%2Fstorage%2Fgoog4_request&X-Goog-Date=20250607T084907Z&X-Goog-Expires=345600&X-Goog-SignedHeaders=host&X-Goog-Signature=ac9dc63544a484ee0bca71e4c934f986bb218ea6735347d6ca8457c54da36d8d2ea561fcf0614ce547133729f5a7a76af5402a3b8b380b2f3a98daaa864e0ee3b6c1440b8a7b7644a44966bdeeb1400db23b5428f21dcaad68bfe3c42cd5849cbf7132b27dcf9006f2ecb3229abce1f275ddda0014ae344f219aa878bc90547b0d605857195fce1b16138bb0c98f0e18cbc9362db95b3c5c591aa8862a90c8df49fce8e73d59914d1ae0c9204ae2015f6d110462b72f39ec4ef3a5e106ef609e80542e7b49c530031d086828f660574fd3c8b5c93440c01f01f055470610e4d4fe804d0b819f6a1dce3240575b694657e0baf518ddfbaa675fbf239939656e9c',
    'train'
);

INSERT INTO Food_Ingredient (FoodID, Ingredient)
VALUES ('f101_0018', N'200g graham crackers or digestive biscuits (crushed)');

INSERT INTO Food_Ingredient (FoodID, Ingredient)
VALUES ('f101_0018', N'100g unsalted butter (melted)');

INSERT INTO Food_Ingredient (FoodID, Ingredient)
VALUES ('f101_0018', N'600g cream cheese (softened)');

INSERT INTO Food_Ingredient (FoodID, Ingredient)
VALUES ('f101_0018', N'200g granulated sugar');

INSERT INTO Food_Ingredient (FoodID, Ingredient)
VALUES ('f101_0018', N'200ml sour cream or heavy cream');

INSERT INTO Food_Ingredient (FoodID, Ingredient)
VALUES ('f101_0018', N'3 large eggs');

INSERT INTO Food_Ingredient (FoodID, Ingredient)
VALUES ('f101_0018', N'1 tsp vanilla extract');

INSERT INTO Food_Ingredient (FoodID, Ingredient)
VALUES ('f101_0018', N'1 tbsp all-purpose flour');

INSERT INTO Food_Ingredient (FoodID, Ingredient)
VALUES ('f101_0018', N'1 tbsp lemon juice (optional)');

INSERT INTO Food_Ingredient (FoodID, Ingredient)
VALUES ('f101_0018', N'Fresh berries or fruit topping (optional, for serving)');

INSERT INTO Food (FoodID, Title, Description, Calories, Instructions, ImageURL, SourceURL, Partition)
VALUES (
    'f101_0019',
    N'Chicken Curry',
    N'Chicken Curry is a vibrant and aromatic dish featuring tender chicken pieces simmered in a rich, spiced sauce made from a blend of fragrant herbs, warm spices like turmeric, cumin, and coriander, and creamy coconut milk, often served with steamed rice or warm naan bread for a comforting, flavorful meal.',
    401,
    N'1. Heat oil in a large pan over medium heat. Add chopped onion and sauté until soft and golden. 2. Add garlic and ginger. Cook for 1 minute until fragrant. 3. Stir in curry powder, cumin, coriander, turmeric, and chili powder. Toast the spices for 30 seconds. 4. Add chicken pieces and cook until lightly browned on all sides. 5. Add chopped tomato or tomato paste and stir to combine. 6. Pour in coconut milk (or stir in yogurt), reduce heat, and simmer for 20–25 minutes until chicken is cooked through and sauce thickens. 7. Season with salt to taste. 8. Garnish with chopped cilantro and serve hot with steamed rice or naan.',
    'https://storage.googleapis.com/kagglesdsdata/datasets/7399389/11785112/food-101/food-101/images/chicken_curry/1068592.jpg?X-Goog-Algorithm=GOOG4-RSA-SHA256&X-Goog-Credential=databundle-worker-v2%40kaggle-161607.iam.gserviceaccount.com%2F20250607%2Fauto%2Fstorage%2Fgoog4_request&X-Goog-Date=20250607T084933Z&X-Goog-Expires=345600&X-Goog-SignedHeaders=host&X-Goog-Signature=059ee6dd60f3897fcdcbd125dc161138b4c32edcf29821c7572bb935444822377ad4a4734e48e158422d07cc0aff27a5f856bbf1ffbfc979c3c432da7fe8c474c3bb8c0328b810b89fba9c8fe41547217d46e1c69f72ec7ec3600fe428ee2490147163306169fc2948a8523e8c37edf67b0798f59a05a536217e1ab962d52d8101953f50adcca3aeb0eb1efb8f6871c4ebd55f7e4dbfc88492dc58a0c7ec08cf1a010787899cccb654cecca5a668e9672b12face5593c775d6fd5e86763e432c997e3eadb4154a0559a5d47395f5670fec3237bb437129adcd2f2385ece576de5996c3cebc9d9d417e8cf43292c575112a15a8aef0a89c41d68006c7944168cc',
    'https://storage.googleapis.com/kagglesdsdata/datasets/7399389/11785112/food-101/food-101/images/chicken_curry/1068592.jpg?X-Goog-Algorithm=GOOG4-RSA-SHA256&X-Goog-Credential=databundle-worker-v2%40kaggle-161607.iam.gserviceaccount.com%2F20250607%2Fauto%2Fstorage%2Fgoog4_request&X-Goog-Date=20250607T084933Z&X-Goog-Expires=345600&X-Goog-SignedHeaders=host&X-Goog-Signature=059ee6dd60f3897fcdcbd125dc161138b4c32edcf29821c7572bb935444822377ad4a4734e48e158422d07cc0aff27a5f856bbf1ffbfc979c3c432da7fe8c474c3bb8c0328b810b89fba9c8fe41547217d46e1c69f72ec7ec3600fe428ee2490147163306169fc2948a8523e8c37edf67b0798f59a05a536217e1ab962d52d8101953f50adcca3aeb0eb1efb8f6871c4ebd55f7e4dbfc88492dc58a0c7ec08cf1a010787899cccb654cecca5a668e9672b12face5593c775d6fd5e86763e432c997e3eadb4154a0559a5d47395f5670fec3237bb437129adcd2f2385ece576de5996c3cebc9d9d417e8cf43292c575112a15a8aef0a89c41d68006c7944168cc',
    'test'
);

INSERT INTO Food_Ingredient (FoodID, Ingredient)
VALUES ('f101_0019', N'500g boneless chicken thighs or breasts (cut into chunks)');

INSERT INTO Food_Ingredient (FoodID, Ingredient)
VALUES ('f101_0019', N'2 tbsp vegetable oil');

INSERT INTO Food_Ingredient (FoodID, Ingredient)
VALUES ('f101_0019', N'1 large onion (finely chopped)');

INSERT INTO Food_Ingredient (FoodID, Ingredient)
VALUES ('f101_0019', N'3 cloves garlic (minced)');

INSERT INTO Food_Ingredient (FoodID, Ingredient)
VALUES ('f101_0019', N'1 tbsp fresh ginger (grated)');

INSERT INTO Food_Ingredient (FoodID, Ingredient)
VALUES ('f101_0019', N'2 tbsp curry powder');

INSERT INTO Food_Ingredient (FoodID, Ingredient)
VALUES ('f101_0019', N'1 tsp ground cumin');

INSERT INTO Food_Ingredient (FoodID, Ingredient)
VALUES ('f101_0019', N'1 tsp ground coriander');

INSERT INTO Food_Ingredient (FoodID, Ingredient)
VALUES ('f101_0019', N'1/2 tsp turmeric');

INSERT INTO Food_Ingredient (FoodID, Ingredient)
VALUES ('f101_0019', N'1/2 tsp chili powder (optional)');

INSERT INTO Food_Ingredient (FoodID, Ingredient)
VALUES ('f101_0019', N'400ml coconut milk or 1 cup plain yogurt');

INSERT INTO Food_Ingredient (FoodID, Ingredient)
VALUES ('f101_0019', N'1 large tomato (chopped) or 2 tbsp tomato paste');

INSERT INTO Food_Ingredient (FoodID, Ingredient)
VALUES ('f101_0019', N'Salt to taste');

INSERT INTO Food_Ingredient (FoodID, Ingredient)
VALUES ('f101_0019', N'Fresh cilantro (chopped, for garnish)');

INSERT INTO Food_Ingredient (FoodID, Ingredient)
VALUES ('f101_0019', N'Steamed rice or naan (for serving)');

INSERT INTO Food (FoodID, Title, Description, Calories, Instructions, ImageURL, SourceURL, Partition)
VALUES (
    'f101_0020',
    N'Chicken Quesadilla',
    N'Chicken Quesadilla is a savory Mexican delight featuring golden, crispy flour tortillas filled with tender, seasoned chicken, melted cheddar and Monterey Jack cheeses, and a medley of sautéed peppers and onions, served with a side of zesty salsa and creamy guacamole for dipping.',
    392,
    N'1. Heat a skillet over medium heat and add a little oil or butter. 2. Sauté onions and bell peppers (if using) until slightly soft, about 3–4 minutes. Set aside. 3. Place one tortilla in the skillet. Sprinkle half of the cheese evenly over the tortilla. 4. Add the cooked chicken, sautéed vegetables, and remaining cheese. 5. Top with the second tortilla and press gently. 6. Cook for 2–3 minutes until the bottom is golden and cheese starts to melt. Carefully flip and cook the other side until golden. 7. Transfer to a cutting board and let rest for 1 minute. Cut into wedges. 8. Serve hot with salsa, sour cream, or guacamole.',
    'https://storage.googleapis.com/kagglesdsdata/datasets/7399389/11785112/food-101/food-101/images/chicken_quesadilla/1089941.jpg?X-Goog-Algorithm=GOOG4-RSA-SHA256&X-Goog-Credential=databundle-worker-v2%40kaggle-161607.iam.gserviceaccount.com%2F20250607%2Fauto%2Fstorage%2Fgoog4_request&X-Goog-Date=20250607T085019Z&X-Goog-Expires=345600&X-Goog-SignedHeaders=host&X-Goog-Signature=9639cf592a8268635cf21ee362fd87bcc34684dd0c142e3649dee5ce7c579699e1256c67d2407420fa00234848072d5c8440dcface19e1089e857e574651b6c34bd55fe63869a54e9ebc24a57e6965f44f94e9ce09da12ff637b90b5827f40be23f5b640896ac60667738c37f8c68d843afda9245b4d3fede325d1f820fdabf990f53e1843e25c24016a8f8b453281c00adb283d3af6ef00a07214edc3b3cff1cf13f45b49a21fc3d5314d31d278164808f04ac2b05bea03cf479ae387de1ddf30865eff92234318bd2f99c290936e964f9161fcf6e848828bf815d4b6f8dc8b5dd9b92f40f8728ed5910d88e8b1c4c378061eb61e2a7ba86033969a03c6df52',
    'https://storage.googleapis.com/kagglesdsdata/datasets/7399389/11785112/food-101/food-101/images/chicken_quesadilla/1089941.jpg?X-Goog-Algorithm=GOOG4-RSA-SHA256&X-Goog-Credential=databundle-worker-v2%40kaggle-161607.iam.gserviceaccount.com%2F20250607%2Fauto%2Fstorage%2Fgoog4_request&X-Goog-Date=20250607T085019Z&X-Goog-Expires=345600&X-Goog-SignedHeaders=host&X-Goog-Signature=9639cf592a8268635cf21ee362fd87bcc34684dd0c142e3649dee5ce7c579699e1256c67d2407420fa00234848072d5c8440dcface19e1089e857e574651b6c34bd55fe63869a54e9ebc24a57e6965f44f94e9ce09da12ff637b90b5827f40be23f5b640896ac60667738c37f8c68d843afda9245b4d3fede325d1f820fdabf990f53e1843e25c24016a8f8b453281c00adb283d3af6ef00a07214edc3b3cff1cf13f45b49a21fc3d5314d31d278164808f04ac2b05bea03cf479ae387de1ddf30865eff92234318bd2f99c290936e964f9161fcf6e848828bf815d4b6f8dc8b5dd9b92f40f8728ed5910d88e8b1c4c378061eb61e2a7ba86033969a03c6df52',
    'train'
);

INSERT INTO Food_Ingredient (FoodID, Ingredient)
VALUES ('f101_0020', N'2 large flour tortillas');

INSERT INTO Food_Ingredient (FoodID, Ingredient)
VALUES ('f101_0020', N'200g cooked chicken breast (shredded or diced)');

INSERT INTO Food_Ingredient (FoodID, Ingredient)
VALUES ('f101_0020', N'1 cup shredded cheddar or Mexican blend cheese');

INSERT INTO Food_Ingredient (FoodID, Ingredient)
VALUES ('f101_0020', N'1/4 cup bell peppers (sliced, optional)');

INSERT INTO Food_Ingredient (FoodID, Ingredient)
VALUES ('f101_0020', N'1/4 cup onions (sliced, optional)');

INSERT INTO Food_Ingredient (FoodID, Ingredient)
VALUES ('f101_0020', N'1 tbsp olive oil or butter');

INSERT INTO Food_Ingredient (FoodID, Ingredient)
VALUES ('f101_0020', N'Salt and pepper to taste');

INSERT INTO Food_Ingredient (FoodID, Ingredient)
VALUES ('f101_0020', N'Salsa, sour cream, or guacamole (for serving)');

INSERT INTO Food (FoodID, Title, Description, Calories, Instructions, ImageURL, SourceURL, Partition)
VALUES (
    'f101_0021',
    N'Chicken Wings',
    N'Chicken Wings are a crowd-pleasing favorite, featuring crispy, golden-fried chicken wings tossed in a bold, tangy sauce, ranging from classic buffalo with a spicy kick to sweet and sticky barbecue, often served with cool ranch or blue cheese dressing and crunchy celery sticks on the side.',
    381,
    N'1. Preheat oven to 220°C (425°F). Line a baking sheet with parchment paper or foil and place a wire rack on top. 2. Pat chicken wings dry with paper towels. Toss with oil, salt, pepper, garlic powder, paprika, and cayenne (if using). 3. Arrange wings in a single layer on the rack. Bake for 40–45 minutes, flipping halfway, until crispy and cooked through. 4. While wings bake, mix hot sauce, melted butter, and honey (if using) in a bowl. 5. Toss baked wings in the sauce until well coated. 6. Serve immediately with ranch or blue cheese dressing and celery sticks.',
    'https://storage.googleapis.com/kagglesdsdata/datasets/7399389/11785112/food-101/food-101/images/chicken_wings/1003533.jpg?X-Goog-Algorithm=GOOG4-RSA-SHA256&X-Goog-Credential=databundle-worker-v2%40kaggle-161607.iam.gserviceaccount.com%2F20250607%2Fauto%2Fstorage%2Fgoog4_request&X-Goog-Date=20250607T085108Z&X-Goog-Expires=345600&X-Goog-SignedHeaders=host&X-Goog-Signature=8c4c7442f0070e09ee57bcb6dde8edfcdd5131111f90be0dc51fd112b1e1984e63e45eeb62281cb68163c0b16e26b1e88615551257755e3e7877d814499f6282080b671309c537475e07f9d9c03ab4b66264637df750a870bdea6651cb3fef60a4d6c2ff535031f61a5a9e1587210de56209cf977fed408abec25333c46cb5a930a5521fffd80cf790067c5bb4f186cf33661f3c7a39b5ae1c936219fa89a128f98c4c56f4e83f5d7b15c9dc43a86e16f2fd6f12c00d1ad32269881efef979f04616fbcbeca04b203c937fb106c7696f993c42a6449d2477fa5f4a13fc1a446a24f7404d53d83296a7c75d0e54d44b789166953a7cbb7ae8e4c2468e9172de1f',
    'https://storage.googleapis.com/kagglesdsdata/datasets/7399389/11785112/food-101/food-101/images/chicken_wings/1003533.jpg?X-Goog-Algorithm=GOOG4-RSA-SHA256&X-Goog-Credential=databundle-worker-v2%40kaggle-161607.iam.gserviceaccount.com%2F20250607%2Fauto%2Fstorage%2Fgoog4_request&X-Goog-Date=20250607T085108Z&X-Goog-Expires=345600&X-Goog-SignedHeaders=host&X-Goog-Signature=8c4c7442f0070e09ee57bcb6dde8edfcdd5131111f90be0dc51fd112b1e1984e63e45eeb62281cb68163c0b16e26b1e88615551257755e3e7877d814499f6282080b671309c537475e07f9d9c03ab4b66264637df750a870bdea6651cb3fef60a4d6c2ff535031f61a5a9e1587210de56209cf977fed408abec25333c46cb5a930a5521fffd80cf790067c5bb4f186cf33661f3c7a39b5ae1c936219fa89a128f98c4c56f4e83f5d7b15c9dc43a86e16f2fd6f12c00d1ad32269881efef979f04616fbcbeca04b203c937fb106c7696f993c42a6449d2477fa5f4a13fc1a446a24f7404d53d83296a7c75d0e54d44b789166953a7cbb7ae8e4c2468e9172de1f',
    'train'
);

INSERT INTO Food_Ingredient (FoodID, Ingredient)
VALUES ('f101_0021', N'1 kg chicken wings (split at joints, tips removed)');

INSERT INTO Food_Ingredient (FoodID, Ingredient)
VALUES ('f101_0021', N'2 tbsp vegetable oil');

INSERT INTO Food_Ingredient (FoodID, Ingredient)
VALUES ('f101_0021', N'1 tsp salt');

INSERT INTO Food_Ingredient (FoodID, Ingredient)
VALUES ('f101_0021', N'1/2 tsp black pepper');

INSERT INTO Food_Ingredient (FoodID, Ingredient)
VALUES ('f101_0021', N'1 tsp garlic powder');

INSERT INTO Food_Ingredient (FoodID, Ingredient)
VALUES ('f101_0021', N'1 tsp paprika');

INSERT INTO Food_Ingredient (FoodID, Ingredient)
VALUES ('f101_0021', N'1/2 tsp cayenne pepper (optional)');

INSERT INTO Food_Ingredient (FoodID, Ingredient)
VALUES ('f101_0021', N'1/2 cup hot sauce (e.g., Frank''s RedHot)');

INSERT INTO Food_Ingredient (FoodID, Ingredient)
VALUES ('f101_0021', N'2 tbsp unsalted butter (melted)');

INSERT INTO Food_Ingredient (FoodID, Ingredient)
VALUES ('f101_0021', N'1 tbsp honey (optional, for sweetness)');

INSERT INTO Food_Ingredient (FoodID, Ingredient)
VALUES ('f101_0021', N'Ranch or blue cheese dressing (for serving)');

INSERT INTO Food_Ingredient (FoodID, Ingredient)
VALUES ('f101_0021', N'Celery sticks (for serving)');

INSERT INTO Food (FoodID, Title, Description, Calories, Instructions, ImageURL, SourceURL, Partition)
VALUES (
    'f101_0022',
    N'Chocolate Cake',
    N'Chocolate Cake is a decadent dessert featuring moist, rich layers of deep chocolate sponge, enveloped in a silky, velvety chocolate frosting, often accented with a sprinkle of cocoa or fresh berries for an indulgent, melt-in-your-mouth experience.',
    312,
    N'1. Preheat oven to 175°C (350°F). Grease and flour two 20cm (8-inch) round cake pans. 2. In a large bowl, whisk together flour, sugar, cocoa powder, baking powder, baking soda, and salt. 3. Add eggs, milk, oil, and vanilla. Beat until well combined. 4. Slowly stir in boiling water (batter will be thin). 5. Pour batter evenly into prepared pans. 6. Bake for 30–35 minutes or until a toothpick inserted into the center comes out clean. 7. Cool cakes in pans for 10 minutes, then transfer to wire racks to cool completely. 8. Frost with your favorite chocolate frosting or ganache and serve.',
    'https://storage.googleapis.com/kagglesdsdata/datasets/7399389/11785112/food-101/food-101/images/chocolate_cake/1012239.jpg?X-Goog-Algorithm=GOOG4-RSA-SHA256&X-Goog-Credential=databundle-worker-v2%40kaggle-161607.iam.gserviceaccount.com%2F20250607%2Fauto%2Fstorage%2Fgoog4_request&X-Goog-Date=20250607T085157Z&X-Goog-Expires=345600&X-Goog-SignedHeaders=host&X-Goog-Signature=486e5e35c430ed9054a2b7931534fc53b3a0b2bb237a35b71ec6fe79a999bd71034e5ae9cf635bb7f3e61e6341ae33814aaf1172468f83f015ee9da3003d86cebe401162acd03b50d399b08f0b687ea7f183ecef592bb5bc1e9fd015140d5bc980a6db7dd0e737c81e6817b4e522a48b67327bfe8164967e143008013aaa2c233f285466a27f4ee1e16c3d22b4f4a0f117d2a32e2160f8a8eb74399ccf3ec60a57e70e22c150049409a28cbd54eae2f8a9829b3130703b072336005c4e82370fe0273a024c709213e7ff55c4c5346ad36fd4d75a6d3c9c164483186929e517353c16adf761d16a258d408fcad45a49ef5052bdb285a289e22ccbb6504b3cbcc9',
    'https://storage.googleapis.com/kagglesdsdata/datasets/7399389/11785112/food-101/food-101/images/chocolate_cake/1012239.jpg?X-Goog-Algorithm=GOOG4-RSA-SHA256&X-Goog-Credential=databundle-worker-v2%40kaggle-161607.iam.gserviceaccount.com%2F20250607%2Fauto%2Fstorage%2Fgoog4_request&X-Goog-Date=20250607T085157Z&X-Goog-Expires=345600&X-Goog-SignedHeaders=host&X-Goog-Signature=486e5e35c430ed9054a2b7931534fc53b3a0b2bb237a35b71ec6fe79a999bd71034e5ae9cf635bb7f3e61e6341ae33814aaf1172468f83f015ee9da3003d86cebe401162acd03b50d399b08f0b687ea7f183ecef592bb5bc1e9fd015140d5bc980a6db7dd0e737c81e6817b4e522a48b67327bfe8164967e143008013aaa2c233f285466a27f4ee1e16c3d22b4f4a0f117d2a32e2160f8a8eb74399ccf3ec60a57e70e22c150049409a28cbd54eae2f8a9829b3130703b072336005c4e82370fe0273a024c709213e7ff55c4c5346ad36fd4d75a6d3c9c164483186929e517353c16adf761d16a258d408fcad45a49ef5052bdb285a289e22ccbb6504b3cbcc9',
    'train'
);

INSERT INTO Food_Ingredient (FoodID, Ingredient)
VALUES ('f101_0022', N'200g all-purpose flour');

INSERT INTO Food_Ingredient (FoodID, Ingredient)
VALUES ('f101_0022', N'250g granulated sugar');

INSERT INTO Food_Ingredient (FoodID, Ingredient)
VALUES ('f101_0022', N'75g unsweetened cocoa powder');

INSERT INTO Food_Ingredient (FoodID, Ingredient)
VALUES ('f101_0022', N'1.5 tsp baking powder');

INSERT INTO Food_Ingredient (FoodID, Ingredient)
VALUES ('f101_0022', N'1.5 tsp baking soda');

INSERT INTO Food_Ingredient (FoodID, Ingredient)
VALUES ('f101_0022', N'1/2 tsp salt');

INSERT INTO Food_Ingredient (FoodID, Ingredient)
VALUES ('f101_0022', N'2 large eggs');

INSERT INTO Food_Ingredient (FoodID, Ingredient)
VALUES ('f101_0022', N'240ml whole milk');

INSERT INTO Food_Ingredient (FoodID, Ingredient)
VALUES ('f101_0022', N'120ml vegetable oil');

INSERT INTO Food_Ingredient (FoodID, Ingredient)
VALUES ('f101_0022', N'2 tsp vanilla extract');

INSERT INTO Food_Ingredient (FoodID, Ingredient)
VALUES ('f101_0022', N'240ml boiling water');

INSERT INTO Food_Ingredient (FoodID, Ingredient)
VALUES ('f101_0022', N'Butter or non-stick spray (for greasing pans)');

INSERT INTO Food (FoodID, Title, Description, Calories, Instructions, ImageURL, SourceURL, Partition)
VALUES (
    'f101_0023',
    N'Chocolate Mousse',
    N'Chocolate Mousse is an elegant, airy dessert featuring a light, velvety blend of rich dark chocolate and whipped cream, delicately sweetened and chilled to perfection, often garnished with shaved chocolate or fresh raspberries for a luxurious, melt-in-your-mouth treat.',
    351,
    N'1. Melt the chocolate in a heatproof bowl over a pot of simmering water (double boiler) or microwave in short bursts. Let cool slightly. 2. In a clean bowl, whisk egg whites with a pinch of salt until soft peaks form. Gradually add sugar and beat until glossy stiff peaks form. 3. In another bowl, whip the chilled cream to soft peaks. Set aside. 4. Stir egg yolks and vanilla into the melted chocolate until smooth. 5. Gently fold whipped cream into the chocolate mixture. 6. Carefully fold in the beaten egg whites in 2–3 additions, just until combined. 7. Spoon mousse into serving glasses or bowls. Chill for at least 2 hours before serving. 8. Top with whipped cream or chocolate shavings if desired.',
    'https://storage.googleapis.com/kagglesdsdata/datasets/7399389/11785112/food-101/food-101/images/chocolate_mousse/1008451.jpg?X-Goog-Algorithm=GOOG4-RSA-SHA256&X-Goog-Credential=databundle-worker-v2%40kaggle-161607.iam.gserviceaccount.com%2F20250607%2Fauto%2Fstorage%2Fgoog4_request&X-Goog-Date=20250607T085234Z&X-Goog-Expires=345600&X-Goog-SignedHeaders=host&X-Goog-Signature=9abf2afb5107d5790784d84597b3bd82e791a0f99999c32f8dc77a4ee6288c4e9d193f6da038e993b0988339d6e3a00aa2ccacf1ef4740c4471216578ebc2f8c4cb35d54e1546a7866a527f5e6b6c3014c0098a77a5d3163d50c47433785585b95de1ad4e964b2fca5ccc0265c093e1c46c8055dd54e511b239d74507974a1d2a61f73bd308a5c259a7ed3517a8d273a1d7a3dff391ca003237f4821ca0fecb3c4a4206ada5dc51cf52108b821868374a27b08fe6744c9c3d62fb954f20b53f330a54c894698ee878f05ab951985583526c1c3a64a80978b245559153d8f6ad150befcb94606cc67a38740fe18045be296b8a456830f925520ee1edc1438eec1',
    'https://storage.googleapis.com/kagglesdsdata/datasets/7399389/11785112/food-101/food-101/images/chocolate_mousse/1008451.jpg?X-Goog-Algorithm=GOOG4-RSA-SHA256&X-Goog-Credential=databundle-worker-v2%40kaggle-161607.iam.gserviceaccount.com%2F20250607%2Fauto%2Fstorage%2Fgoog4_request&X-Goog-Date=20250607T085234Z&X-Goog-Expires=345600&X-Goog-SignedHeaders=host&X-Goog-Signature=9abf2afb5107d5790784d84597b3bd82e791a0f99999c32f8dc77a4ee6288c4e9d193f6da038e993b0988339d6e3a00aa2ccacf1ef4740c4471216578ebc2f8c4cb35d54e1546a7866a527f5e6b6c3014c0098a77a5d3163d50c47433785585b95de1ad4e964b2fca5ccc0265c093e1c46c8055dd54e511b239d74507974a1d2a61f73bd308a5c259a7ed3517a8d273a1d7a3dff391ca003237f4821ca0fecb3c4a4206ada5dc51cf52108b821868374a27b08fe6744c9c3d62fb954f20b53f330a54c894698ee878f05ab951985583526c1c3a64a80978b245559153d8f6ad150befcb94606cc67a38740fe18045be296b8a456830f925520ee1edc1438eec1',
    'train'
);

INSERT INTO Food_Ingredient (FoodID, Ingredient)
VALUES ('f101_0023', N'200g dark chocolate (chopped)');

INSERT INTO Food_Ingredient (FoodID, Ingredient)
VALUES ('f101_0023', N'3 large eggs (separated)');

INSERT INTO Food_Ingredient (FoodID, Ingredient)
VALUES ('f101_0023', N'1/4 cup granulated sugar');

INSERT INTO Food_Ingredient (FoodID, Ingredient)
VALUES ('f101_0023', N'1 tsp vanilla extract');

INSERT INTO Food_Ingredient (FoodID, Ingredient)
VALUES ('f101_0023', N'1 cup heavy cream (chilled)');

INSERT INTO Food_Ingredient (FoodID, Ingredient)
VALUES ('f101_0023', N'A pinch of salt');

INSERT INTO Food_Ingredient (FoodID, Ingredient)
VALUES ('f101_0023', N'Whipped cream or chocolate shavings (for topping, optional)');

INSERT INTO Food (FoodID, Title, Description, Calories, Instructions, ImageURL, SourceURL, Partition)
VALUES (
    'f101_0024',
    N'Churros',
    N'Churros are a delightful Spanish treat featuring golden, crispy fried dough sticks dusted with a generous coating of cinnamon sugar, offering a perfect balance of crunchy exterior and soft, fluffy interior, often served with a side of thick, rich chocolate sauce for dipping.',
    281,
    N'1. In a saucepan over medium heat, combine water, sugar, salt, and butter. Bring to a boil. 2. Remove from heat and stir in flour until a ball forms. 3. Let the dough cool slightly, then beat in eggs one at a time, followed by vanilla extract, until smooth and thick. 4. Transfer dough to a piping bag fitted with a large star tip. 5. Heat oil in a deep pot to 180°C (350°F). 6. Pipe dough into hot oil in 10–15 cm lengths, cutting with scissors. Fry in batches until golden and crisp, about 2–3 minutes per side. 7. Drain on paper towels. 8. Mix cinnamon and sugar in a shallow bowl. Roll warm churros in the mixture to coat evenly. 9. Serve immediately, optionally with chocolate sauce for dipping.',
    'https://storage.googleapis.com/kagglesdsdata/datasets/7399389/11785112/food-101/food-101/images/churros/1004234.jpg?X-Goog-Algorithm=GOOG4-RSA-SHA256&X-Goog-Credential=databundle-worker-v2%40kaggle-161607.iam.gserviceaccount.com%2F20250607%2Fauto%2Fstorage%2Fgoog4_request&X-Goog-Date=20250607T085316Z&X-Goog-Expires=345600&X-Goog-SignedHeaders=host&X-Goog-Signature=64e58ac8c2c89f61bac94719336a6ee75bf412be99867ae2ea9c9312448ae99a127379d5c5ac5f39dd707ef31640ae25d448de485bb03075e2470fd1d20a4b32ff47c8f974c9e0d78382e0acea1d7b03367f21347a67b5d8d0f91de9064b60b1e0d32d9c9a2319d81f89c3aad926492735d8494fc7775589078df28adb0533bbeb1aab37a9994d3b3e2ebb87707d4091b1e2334d3f19c9342f37e1a280ef87932eddef08fe092bb80a1e823ebbbc6be8d349b75d631e02e53aff70b54ac24912bc15e8d7d66b442b9b216a40a39caef73231277d65e1847487ea7a830ab8976327f29ae857adc85cb1a5cfc6cee1ae1c128d7e21c1998bce8d3c9a626d1e4dd2',
    'https://storage.googleapis.com/kagglesdsdata/datasets/7399389/11785112/food-101/food-101/images/churros/1004234.jpg?X-Goog-Algorithm=GOOG4-RSA-SHA256&X-Goog-Credential=databundle-worker-v2%40kaggle-161607.iam.gserviceaccount.com%2F20250607%2Fauto%2Fstorage%2Fgoog4_request&X-Goog-Date=20250607T085316Z&X-Goog-Expires=345600&X-Goog-SignedHeaders=host&X-Goog-Signature=64e58ac8c2c89f61bac94719336a6ee75bf412be99867ae2ea9c9312448ae99a127379d5c5ac5f39dd707ef31640ae25d448de485bb03075e2470fd1d20a4b32ff47c8f974c9e0d78382e0acea1d7b03367f21347a67b5d8d0f91de9064b60b1e0d32d9c9a2319d81f89c3aad926492735d8494fc7775589078df28adb0533bbeb1aab37a9994d3b3e2ebb87707d4091b1e2334d3f19c9342f37e1a280ef87932eddef08fe092bb80a1e823ebbbc6be8d349b75d631e02e53aff70b54ac24912bc15e8d7d66b442b9b216a40a39caef73231277d65e1847487ea7a830ab8976327f29ae857adc85cb1a5cfc6cee1ae1c128d7e21c1998bce8d3c9a626d1e4dd2',
    'train'
);

INSERT INTO Food_Ingredient (FoodID, Ingredient)
VALUES ('f101_0024', N'1 cup water');

INSERT INTO Food_Ingredient (FoodID, Ingredient)
VALUES ('f101_0024', N'2 tbsp granulated sugar');

INSERT INTO Food_Ingredient (FoodID, Ingredient)
VALUES ('f101_0024', N'1/2 tsp salt');

INSERT INTO Food_Ingredient (FoodID, Ingredient)
VALUES ('f101_0024', N'2 tbsp unsalted butter');

INSERT INTO Food_Ingredient (FoodID, Ingredient)
VALUES ('f101_0024', N'1 cup all-purpose flour');

INSERT INTO Food_Ingredient (FoodID, Ingredient)
VALUES ('f101_0024', N'2 large eggs');

INSERT INTO Food_Ingredient (FoodID, Ingredient)
VALUES ('f101_0024', N'1/2 tsp vanilla extract');

INSERT INTO Food_Ingredient (FoodID, Ingredient)
VALUES ('f101_0024', N'Vegetable oil (for frying)');

INSERT INTO Food_Ingredient (FoodID, Ingredient)
VALUES ('f101_0024', N'1/2 cup granulated sugar (for coating)');

INSERT INTO Food_Ingredient (FoodID, Ingredient)
VALUES ('f101_0024', N'1 tsp ground cinnamon (for coating)');

INSERT INTO Food (FoodID, Title, Description, Calories, Instructions, ImageURL, SourceURL, Partition)
VALUES (
    'f101_0025',
    N'Clam Chowder',
    N'Clam Chowder is a comforting New England classic, featuring a creamy, velvety broth brimming with tender clams, diced potatoes, and sweet onions, seasoned with a hint of thyme and served piping hot, often in a crusty sourdough bread bowl for a hearty, soul-warming meal.',
    301,
    N'1. In a large pot, melt butter over medium heat. Add onion, garlic, and celery. Cook until soft, about 5 minutes. 2. Stir in flour and cook for 1–2 minutes to form a roux. 3. Gradually add clam juice while stirring to avoid lumps. Add potatoes and bay leaf. 4. Bring to a boil, then reduce heat and simmer until potatoes are tender, about 15 minutes. 5. Add milk, cream, and clams (with their juice). Simmer for another 5–10 minutes. Do not boil. 6. Season with salt and pepper to taste. Remove bay leaf. 7. Garnish with parsley and serve hot with oyster crackers or crusty bread.',
    'https://storage.googleapis.com/kagglesdsdata/datasets/7399389/11785112/food-101/food-101/images/clam_chowder/1012183.jpg?X-Goog-Algorithm=GOOG4-RSA-SHA256&X-Goog-Credential=databundle-worker-v2%40kaggle-161607.iam.gserviceaccount.com%2F20250607%2Fauto%2Fstorage%2Fgoog4_request&X-Goog-Date=20250607T085340Z&X-Goog-Expires=345600&X-Goog-SignedHeaders=host&X-Goog-Signature=3e188a6293f17a66b9a3db5a1cb1480eeab3e5863bb235cdb57dbc1200e1bb148044ab513bf72e3227c610d807b72ca1c0639f225cfce9618d50c70783dfddb218c258be1e4b579756818079778bc46e0504dc8b1d751b2fe356217b663d279a15ac2c6ff2753a20f6435220a831858a0daa471c4050f8869ad7ce5edda5e0980af14ec1ff5df1181127748863ce42ad450f9a4b038a9b7c83b2b402f8c4e3216b8e0d90aca9cfc733372a5db941799abd939c3a04dd272cdf299037c5b24526e5a763bf08acf27e2e62a2a0b05b66b7277b2ee05efb2063a3288edf7b61661931d21e04ed5de24fe0d26c5abec31dc69de0aaa1effdf36d34f29c5fa5964296',
    'https://storage.googleapis.com/kagglesdsdata/datasets/7399389/11785112/food-101/food-101/images/clam_chowder/1012183.jpg?X-Goog-Algorithm=GOOG4-RSA-SHA256&X-Goog-Credential=databundle-worker-v2%40kaggle-161607.iam.gserviceaccount.com%2F20250607%2Fauto%2Fstorage%2Fgoog4_request&X-Goog-Date=20250607T085340Z&X-Goog-Expires=345600&X-Goog-SignedHeaders=host&X-Goog-Signature=3e188a6293f17a66b9a3db5a1cb1480eeab3e5863bb235cdb57dbc1200e1bb148044ab513bf72e3227c610d807b72ca1c0639f225cfce9618d50c70783dfddb218c258be1e4b579756818079778bc46e0504dc8b1d751b2fe356217b663d279a15ac2c6ff2753a20f6435220a831858a0daa471c4050f8869ad7ce5edda5e0980af14ec1ff5df1181127748863ce42ad450f9a4b038a9b7c83b2b402f8c4e3216b8e0d90aca9cfc733372a5db941799abd939c3a04dd272cdf299037c5b24526e5a763bf08acf27e2e62a2a0b05b66b7277b2ee05efb2063a3288edf7b61661931d21e04ed5de24fe0d26c5abec31dc69de0aaa1effdf36d34f29c5fa5964296',
    'train'
);

INSERT INTO Food_Ingredient (FoodID, Ingredient)
VALUES ('f101_0025', N'2 tbsp unsalted butter');

INSERT INTO Food_Ingredient (FoodID, Ingredient)
VALUES ('f101_0025', N'1 small onion (finely chopped)');

INSERT INTO Food_Ingredient (FoodID, Ingredient)
VALUES ('f101_0025', N'2 cloves garlic (minced)');

INSERT INTO Food_Ingredient (FoodID, Ingredient)
VALUES ('f101_0025', N'2 stalks celery (diced)');

INSERT INTO Food_Ingredient (FoodID, Ingredient)
VALUES ('f101_0025', N'2 medium potatoes (peeled and diced)');

INSERT INTO Food_Ingredient (FoodID, Ingredient)
VALUES ('f101_0025', N'1/4 cup all-purpose flour');

INSERT INTO Food_Ingredient (FoodID, Ingredient)
VALUES ('f101_0025', N'1 1/2 cups clam juice or seafood stock');

INSERT INTO Food_Ingredient (FoodID, Ingredient)
VALUES ('f101_0025', N'1 cup milk');

INSERT INTO Food_Ingredient (FoodID, Ingredient)
VALUES ('f101_0025', N'1 cup heavy cream');

INSERT INTO Food_Ingredient (FoodID, Ingredient)
VALUES ('f101_0025', N'1 can (about 300g) chopped clams (with juice)');

INSERT INTO Food_Ingredient (FoodID, Ingredient)
VALUES ('f101_0025', N'1 bay leaf');

INSERT INTO Food_Ingredient (FoodID, Ingredient)
VALUES ('f101_0025', N'Salt to taste');

INSERT INTO Food_Ingredient (FoodID, Ingredient)
VALUES ('f101_0025', N'Black pepper to taste');

INSERT INTO Food_Ingredient (FoodID, Ingredient)
VALUES ('f101_0025', N'2 tbsp fresh parsley (chopped, for garnish)');

INSERT INTO Food_Ingredient (FoodID, Ingredient)
VALUES ('f101_0025', N'Oyster crackers or crusty bread (for serving)');

INSERT INTO Food (FoodID, Title, Description, Calories, Instructions, ImageURL, SourceURL, Partition)
VALUES (
    'f101_0026',
    N'Club Sandwich',
    N'Club Sandwich is a classic American favorite, featuring layers of toasted white bread stacked with crispy bacon, tender sliced turkey, fresh lettuce, juicy tomato, and creamy mayonnaise, often served with a side of crunchy pickles and golden fries for a satisfying, timeless meal.',
    352,
    N'1. Toast all 3 slices of bread until golden. 2. Spread mayonnaise on one side of each slice. 3. Place one slice of bread (mayo side up) on a clean surface. Add lettuce, tomato, and turkey. Season with salt and pepper. 4. Place the second slice of bread on top (mayo side down), then layer with cheese and cooked bacon. 5. Top with the third slice of bread (mayo side down). 6. Secure sandwich with toothpicks at each corner and cut diagonally into quarters. 7. Serve with fries, chips, or a pickle if desired.',
    'https://storage.googleapis.com/kagglesdsdata/datasets/7399389/11785112/food-101/food-101/images/club_sandwich/1018254.jpg?X-Goog-Algorithm=GOOG4-RSA-SHA256&X-Goog-Credential=databundle-worker-v2%40kaggle-161607.iam.gserviceaccount.com%2F20250607%2Fauto%2Fstorage%2Fgoog4_request&X-Goog-Date=20250607T085423Z&X-Goog-Expires=345600&X-Goog-SignedHeaders=host&X-Goog-Signature=593c447fd0ea76b2a3852b34630e214bcb82a43bd56f9a86b61653f101974e9b5ac9325e65c47077f1aa8edd11593f4042c5c8e88b0393cbf0f0a4186fed1eedb2d15b0d06fc8641688aaaa050051d96c0d85d577deaaf4be2ed0427f4d42c836ffc5f65acabbf2d8884f25a512c947be87dbd1920946a7ebb756fc8ad57e22db53a61b130def3ad425c5f3e22b0b3f205023955f663bb6a234fe713c4c472e3401f5819ee05af8543eb2d7c742ef28a5368b2f92f0a950dc2c1bcdff63cb3d0e3b82fc68944737de9f6b563472ff9a5be961f55b38c4285c86d965b047646600a06920fa57eecf11d36c6b82f582372ef2c1a55ed87bff2a936ad61df763ba9',
    'https://storage.googleapis.com/kagglesdsdata/datasets/7399389/11785112/food-101/food-101/images/club_sandwich/1018254.jpg?X-Goog-Algorithm=GOOG4-RSA-SHA256&X-Goog-Credential=databundle-worker-v2%40kaggle-161607.iam.gserviceaccount.com%2F20250607%2Fauto%2Fstorage%2Fgoog4_request&X-Goog-Date=20250607T085423Z&X-Goog-Expires=345600&X-Goog-SignedHeaders=host&X-Goog-Signature=593c447fd0ea76b2a3852b34630e214bcb82a43bd56f9a86b61653f101974e9b5ac9325e65c47077f1aa8edd11593f4042c5c8e88b0393cbf0f0a4186fed1eedb2d15b0d06fc8641688aaaa050051d96c0d85d577deaaf4be2ed0427f4d42c836ffc5f65acabbf2d8884f25a512c947be87dbd1920946a7ebb756fc8ad57e22db53a61b130def3ad425c5f3e22b0b3f205023955f663bb6a234fe713c4c472e3401f5819ee05af8543eb2d7c742ef28a5368b2f92f0a950dc2c1bcdff63cb3d0e3b82fc68944737de9f6b563472ff9a5be961f55b38c4285c86d965b047646600a06920fa57eecf11d36c6b82f582372ef2c1a55ed87bff2a936ad61df763ba9',
    'train'
);

INSERT INTO Food_Ingredient (FoodID, Ingredient)
VALUES ('f101_0026', N'3 slices white or whole wheat sandwich bread (toasted)');

INSERT INTO Food_Ingredient (FoodID, Ingredient)
VALUES ('f101_0026', N'2 slices cooked bacon');

INSERT INTO Food_Ingredient (FoodID, Ingredient)
VALUES ('f101_0026', N'2 slices deli turkey or chicken breast');

INSERT INTO Food_Ingredient (FoodID, Ingredient)
VALUES ('f101_0026', N'1 slice cheddar or Swiss cheese');

INSERT INTO Food_Ingredient (FoodID, Ingredient)
VALUES ('f101_0026', N'2 slices tomato');

INSERT INTO Food_Ingredient (FoodID, Ingredient)
VALUES ('f101_0026', N'2 leaves lettuce');

INSERT INTO Food_Ingredient (FoodID, Ingredient)
VALUES ('f101_0026', N'1 tbsp mayonnaise');

INSERT INTO Food_Ingredient (FoodID, Ingredient)
VALUES ('f101_0026', N'Salt and pepper to taste');

INSERT INTO Food_Ingredient (FoodID, Ingredient)
VALUES ('f101_0026', N'Toothpicks (for assembly)');

INSERT INTO Food (FoodID, Title, Description, Calories, Instructions, ImageURL, SourceURL, Partition)
VALUES (
    'f101_0027',
    N'Crab Cakes',
    N'Crab Cakes are a coastal delicacy featuring golden, pan-seared patties of sweet, succulent crab meat blended with delicate breadcrumbs, fresh herbs, and a hint of zesty lemon, served with a creamy remoulade sauce and a crisp side salad for a refined, flavorful dish.',
    271,
    N'1. In a bowl, whisk together mayonnaise, egg, mustard, Worcestershire sauce, and seasoning. 2. Add crab meat, breadcrumbs, and parsley. Gently fold to combine, being careful not to break up the crab. 3. Form mixture into 6–8 small patties. Chill in the refrigerator for 20–30 minutes to firm up. 4. Optional: coat each cake lightly in extra breadcrumbs for a crispier crust. 5. Heat butter or oil in a skillet over medium heat. Fry crab cakes for 3–4 minutes per side until golden and heated through. 6. Drain on paper towels and serve hot with lemon wedges.',
    'https://storage.googleapis.com/kagglesdsdata/datasets/7399389/11785112/food-101/food-101/images/crab_cakes/1005068.jpg?X-Goog-Algorithm=GOOG4-RSA-SHA256&X-Goog-Credential=databundle-worker-v2%40kaggle-161607.iam.gserviceaccount.com%2F20250607%2Fauto%2Fstorage%2Fgoog4_request&X-Goog-Date=20250607T085528Z&X-Goog-Expires=345600&X-Goog-SignedHeaders=host&X-Goog-Signature=9cf39d86eb285104881405a561f8a5a5d684a171f06ed5e6936309541b2346728c32b1d7039227ac4eef83abf0d2c44bf5378439bbdb36feaa9627a4dd3e285804c0da73f2f3129bf72aa7c0b7559e0e6e9e2040584f00120ea3bcba40178c8fd89389b29ff2e408a210fd9bf4e0782eddc1515845df72e78491ffc0f61119f680bbb5d6239716a669f006815dade3dc28d59679ee4eff3090b2b2547a2d6680a474bc07f93e6a9d9bda7ca02d6cc749b2ef4c25d1cbc1c1813c7cea3091924e022ac8fdd1ad4cda51850feae247e66b3ab1cbb3b3ce9024cde92724c34762f336a1a04deb11bb8c1e4aabc019bc5ddcec8eef3c201b8d4253a919967ea8cd77',
    'https://storage.googleapis.com/kagglesdsdata/datasets/7399389/11785112/food-101/food-101/images/crab_cakes/1005068.jpg?X-Goog-Algorithm=GOOG4-RSA-SHA256&X-Goog-Credential=databundle-worker-v2%40kaggle-161607.iam.gserviceaccount.com%2F20250607%2Fauto%2Fstorage%2Fgoog4_request&X-Goog-Date=20250607T085528Z&X-Goog-Expires=345600&X-Goog-SignedHeaders=host&X-Goog-Signature=9cf39d86eb285104881405a561f8a5a5d684a171f06ed5e6936309541b2346728c32b1d7039227ac4eef83abf0d2c44bf5378439bbdb36feaa9627a4dd3e285804c0da73f2f3129bf72aa7c0b7559e0e6e9e2040584f00120ea3bcba40178c8fd89389b29ff2e408a210fd9bf4e0782eddc1515845df72e78491ffc0f61119f680bbb5d6239716a669f006815dade3dc28d59679ee4eff3090b2b2547a2d6680a474bc07f93e6a9d9bda7ca02d6cc749b2ef4c25d1cbc1c1813c7cea3091924e022ac8fdd1ad4cda51850feae247e66b3ab1cbb3b3ce9024cde92724c34762f336a1a04deb11bb8c1e4aabc019bc5ddcec8eef3c201b8d4253a919967ea8cd77',
    'train'
);

INSERT INTO Food_Ingredient (FoodID, Ingredient)
VALUES ('f101_0027', N'300g lump crab meat (picked over for shells)');

INSERT INTO Food_Ingredient (FoodID, Ingredient)
VALUES ('f101_0027', N'1/4 cup mayonnaise');

INSERT INTO Food_Ingredient (FoodID, Ingredient)
VALUES ('f101_0027', N'1 large egg');

INSERT INTO Food_Ingredient (FoodID, Ingredient)
VALUES ('f101_0027', N'1 tsp Dijon mustard');

INSERT INTO Food_Ingredient (FoodID, Ingredient)
VALUES ('f101_0027', N'1 tsp Worcestershire sauce');

INSERT INTO Food_Ingredient (FoodID, Ingredient)
VALUES ('f101_0027', N'1/2 tsp Old Bay seasoning (or paprika + celery salt)');

INSERT INTO Food_Ingredient (FoodID, Ingredient)
VALUES ('f101_0027', N'1/2 cup breadcrumbs (plus extra for coating, if desired)');

INSERT INTO Food_Ingredient (FoodID, Ingredient)
VALUES ('f101_0027', N'2 tbsp chopped fresh parsley');

INSERT INTO Food_Ingredient (FoodID, Ingredient)
VALUES ('f101_0027', N'Salt and pepper to taste');

INSERT INTO Food_Ingredient (FoodID, Ingredient)
VALUES ('f101_0027', N'2 tbsp butter or vegetable oil (for frying)');

INSERT INTO Food_Ingredient (FoodID, Ingredient)
VALUES ('f101_0027', N'Lemon wedges (for serving)');

INSERT INTO Food (FoodID, Title, Description, Calories, Instructions, ImageURL, SourceURL, Partition)
VALUES (
    'f101_0028',
    N'Creme Brulee',
    N'Creme Brulee is a luxurious French dessert featuring a silky, vanilla-infused custard base, chilled to perfection and topped with a crisp, caramelized sugar crust that shatters with each spoonful, offering a delightful contrast of textures and rich, creamy flavors.',
    401,
    N'1. Preheat oven to 150°C (300°F). 2. In a saucepan, heat cream and vanilla (bean and seeds or extract) over medium heat until just simmering. Remove from heat and let steep 10 minutes. Remove vanilla bean if used. 3. In a bowl, whisk egg yolks and sugar until pale and slightly thickened. 4. Slowly pour warm cream into egg mixture while whisking constantly to temper. 5. Strain the mixture through a fine sieve into a pouring jug. 6. Divide the custard into 4–6 ramekins. Place them in a baking dish and add hot water to the dish until it comes halfway up the sides of the ramekins. 7. Bake for 30–40 minutes, until custards are set but still slightly wobbly in the center. 8. Remove ramekins from water bath and let cool, then refrigerate for at least 2 hours (or overnight). 9. Before serving, sprinkle a thin, even layer of sugar on top of each custard and caramelize with a kitchen torch until golden and crisp. 10. Let sit 1–2 minutes for the sugar to harden, then serve.',
    'https://storage.googleapis.com/kagglesdsdata/datasets/7399389/11785112/food-101/food-101/images/creme_brulee/1000711.jpg?X-Goog-Algorithm=GOOG4-RSA-SHA256&X-Goog-Credential=databundle-worker-v2%40kaggle-161607.iam.gserviceaccount.com%2F20250607%2Fauto%2Fstorage%2Fgoog4_request&X-Goog-Date=20250607T085603Z&X-Goog-Expires=345600&X-Goog-SignedHeaders=host&X-Goog-Signature=3db546d3dc59bd0bacf07baaabf1dd539d85dbb365e6efbf84a2bed412a4b3e8614453646f46c38a43dc93e2e8ca4623459cc540aa27840bd2dcbe68f9a82679d92aeeb62c823b5084cb4743665f00806ade9f3e99bf507e69e3df37b75a76a5c32b74ac3ede77f1b3b3bb6002d4ae8daf4a57843c90063188043d399a5086ec40fe97bc23f5976341bc751dc2bf6308d5615ed62bab7923bc49b53fa7ce5fbfd63cd03675c601cd3ddb8e6ae2c50b5d65919aa7b1495dd1a9e6c5732a673153ce8c747fe602e1ec26d8cf75c1017d6f485091c125c590c395edb6c938b8709b169d047b8541ac6f9fba492e522fdfff840cd1425d0b173d9034690a114df5bf',
    'https://storage.googleapis.com/kagglesdsdata/datasets/7399389/11785112/food-101/food-101/images/creme_brulee/1000711.jpg?X-Goog-Algorithm=GOOG4-RSA-SHA256&X-Goog-Credential=databundle-worker-v2%40kaggle-161607.iam.gserviceaccount.com%2F20250607%2Fauto%2Fstorage%2Fgoog4_request&X-Goog-Date=20250607T085603Z&X-Goog-Expires=345600&X-Goog-SignedHeaders=host&X-Goog-Signature=3db546d3dc59bd0bacf07baaabf1dd539d85dbb365e6efbf84a2bed412a4b3e8614453646f46c38a43dc93e2e8ca4623459cc540aa27840bd2dcbe68f9a82679d92aeeb62c823b5084cb4743665f00806ade9f3e99bf507e69e3df37b75a76a5c32b74ac3ede77f1b3b3bb6002d4ae8daf4a57843c90063188043d399a5086ec40fe97bc23f5976341bc751dc2bf6308d5615ed62bab7923bc49b53fa7ce5fbfd63cd03675c601cd3ddb8e6ae2c50b5d65919aa7b1495dd1a9e6c5732a673153ce8c747fe602e1ec26d8cf75c1017d6f485091c125c590c395edb6c938b8709b169d047b8541ac6f9fba492e522fdfff840cd1425d0b173d9034690a114df5bf',
    'test'
);

INSERT INTO Food_Ingredient (FoodID, Ingredient)
VALUES ('f101_0028', N'500ml heavy cream');

INSERT INTO Food_Ingredient (FoodID, Ingredient)
VALUES ('f101_0028', N'1 vanilla bean (split and scraped) or 1 tsp vanilla extract');

INSERT INTO Food_Ingredient (FoodID, Ingredient)
VALUES ('f101_0028', N'5 large egg yolks');

INSERT INTO Food_Ingredient (FoodID, Ingredient)
VALUES ('f101_0028', N'100g granulated sugar');

INSERT INTO Food_Ingredient (FoodID, Ingredient)
VALUES ('f101_0028', N'Extra granulated sugar (for caramelized topping)');

INSERT INTO Food (FoodID, Title, Description, Calories, Instructions, ImageURL, SourceURL, Partition)
VALUES (
    'f101_0029',
    N'Croque Madame',
    N'Croque Madame is a classic French bistro dish featuring golden, toasted bread layered with savory ham and melted Gruyère cheese, smothered in a creamy béchamel sauce and crowned with a perfectly fried sunny-side-up egg, offering a rich, indulgent twist on the traditional Croque Monsieur.',
    451,
    N'1. Preheat oven to 200°C (400°F). 2. Make béchamel sauce: melt 1 tbsp butter in a saucepan, stir in flour and cook 1 minute. Gradually whisk in warm milk until smooth and thickened. Season with salt, pepper, and nutmeg. Remove from heat. 3. Spread Dijon mustard on 2 slices of bread. Layer each with ham and a bit of cheese. Top with the other bread slices. 4. Spread a thin layer of béchamel on top of each sandwich and sprinkle with remaining cheese. 5. Place sandwiches on a baking sheet and bake for 10–12 minutes until golden and bubbly. 6. While baking, fry eggs in a skillet with oil or butter until whites are set but yolks remain runny. 7. Top each sandwich with a fried egg. Serve hot.',
    'https://storage.googleapis.com/kagglesdsdata/datasets/7399389/11785112/food-101/food-101/images/croque_madame/1009303.jpg?X-Goog-Algorithm=GOOG4-RSA-SHA256&X-Goog-Credential=databundle-worker-v2%40kaggle-161607.iam.gserviceaccount.com%2F20250607%2Fauto%2Fstorage%2Fgoog4_request&X-Goog-Date=20250607T085630Z&X-Goog-Expires=345600&X-Goog-SignedHeaders=host&X-Goog-Signature=76f5c642c572b2eeeb2a899052a6ae6cd2c74354173a85ea3d40e0c4a3d2919d22c94e7b6e1ba27e76b2799419bfbb9e97a0377b0bbbfdd25478a9e2d52768ce2fcf9156d7897ee449f458121a8a7034069ad82b1852d4fbae098e52a0eaf74dcde50d83e1ff4a6a3f6f6b90d05b935ccba8250e60cc36cd4e3e1dc17962dd5f900a85e096596244a65587824bc70a0082069b6bff99e30ea1b06b5eef1add59da9aecb9be487f337ce618d08845bdb4b2bf09d60592b948528e859cb51416435724aa95a626495f8b8ffeb5c981423cb9a9999b28e6501cb31d8a0bbe3d52283271ae19934133cb4295e9fdc4e1e31ff2c178b969feded977821db0fb75c468',
    'https://storage.googleapis.com/kagglesdsdata/datasets/7399389/11785112/food-101/food-101/images/croque_madame/1009303.jpg?X-Goog-Algorithm=GOOG4-RSA-SHA256&X-Goog-Credential=databundle-worker-v2%40kaggle-161607.iam.gserviceaccount.com%2F20250607%2Fauto%2Fstorage%2Fgoog4_request&X-Goog-Date=20250607T085630Z&X-Goog-Expires=345600&X-Goog-SignedHeaders=host&X-Goog-Signature=76f5c642c572b2eeeb2a899052a6ae6cd2c74354173a85ea3d40e0c4a3d2919d22c94e7b6e1ba27e76b2799419bfbb9e97a0377b0bbbfdd25478a9e2d52768ce2fcf9156d7897ee449f458121a8a7034069ad82b1852d4fbae098e52a0eaf74dcde50d83e1ff4a6a3f6f6b90d05b935ccba8250e60cc36cd4e3e1dc17962dd5f900a85e096596244a65587824bc70a0082069b6bff99e30ea1b06b5eef1add59da9aecb9be487f337ce618d08845bdb4b2bf09d60592b948528e859cb51416435724aa95a626495f8b8ffeb5c981423cb9a9999b28e6501cb31d8a0bbe3d52283271ae19934133cb4295e9fdc4e1e31ff2c178b969feded977821db0fb75c468',
    'train'
);

INSERT INTO Food_Ingredient (FoodID, Ingredient)
VALUES ('f101_0029', N'4 slices white bread');

INSERT INTO Food_Ingredient (FoodID, Ingredient)
VALUES ('f101_0029', N'2 tsp Dijon mustard');

INSERT INTO Food_Ingredient (FoodID, Ingredient)
VALUES ('f101_0029', N'2 slices ham');

INSERT INTO Food_Ingredient (FoodID, Ingredient)
VALUES ('f101_0029', N'1/2 cup grated Gruyère or Swiss cheese');

INSERT INTO Food_Ingredient (FoodID, Ingredient)
VALUES ('f101_0029', N'2 tbsp unsalted butter');

INSERT INTO Food_Ingredient (FoodID, Ingredient)
VALUES ('f101_0029', N'1 tbsp all-purpose flour');

INSERT INTO Food_Ingredient (FoodID, Ingredient)
VALUES ('f101_0029', N'1/2 cup milk (warm)');

INSERT INTO Food_Ingredient (FoodID, Ingredient)
VALUES ('f101_0029', N'Salt and pepper to taste');

INSERT INTO Food_Ingredient (FoodID, Ingredient)
VALUES ('f101_0029', N'1/4 tsp ground nutmeg (optional)');

INSERT INTO Food_Ingredient (FoodID, Ingredient)
VALUES ('f101_0029', N'2 eggs');

INSERT INTO Food_Ingredient (FoodID, Ingredient)
VALUES ('f101_0029', N'1 tbsp vegetable oil or extra butter (for frying eggs)');

INSERT INTO Food (FoodID, Title, Description, Calories, Instructions, ImageURL, SourceURL, Partition)
VALUES (
    'f101_0030',
    N'Cup Cakes',
    N'Cupcakes are delightful, single-serving treats featuring fluffy, moist cake in a variety of flavors like vanilla, chocolate, or red velvet, topped with swirls of creamy frosting, often adorned with colorful sprinkles, edible glitter, or fresh berries for a whimsical, indulgent bite.',
    251,
    N'1. Preheat oven to 175°C (350°F) and line a muffin tin with paper cupcake liners. 2. In a bowl, whisk together flour, baking powder, and salt. 3. In a separate bowl, beat butter and sugar until light and fluffy. 4. Add eggs one at a time, beating well after each addition. Stir in vanilla extract. 5. Add dry ingredients in batches, alternating with milk, and mix until just combined. 6. Divide batter evenly among cupcake liners, filling each about 2/3 full. 7. Bake for 18–22 minutes, or until a toothpick inserted in the center comes out clean. 8. Cool cupcakes in the tin for 5 minutes, then transfer to a wire rack to cool completely. 9. Frost as desired and serve.',
    'https://storage.googleapis.com/kagglesdsdata/datasets/7399389/11785112/food-101/food-101/images/cup_cakes/106501.jpg?X-Goog-Algorithm=GOOG4-RSA-SHA256&X-Goog-Credential=databundle-worker-v2%40kaggle-161607.iam.gserviceaccount.com%2F20250607%2Fauto%2Fstorage%2Fgoog4_request&X-Goog-Date=20250607T085717Z&X-Goog-Expires=345600&X-Goog-SignedHeaders=host&X-Goog-Signature=74310faf13cd8101711e52f6416926dbd01bb3f8700d6a5a30da55102f6dc8546250de354269cc93dc47d2b76e84e9a6ab2055c4bc2df58101f4060eaa696efc30c9212589a8a7ed64941c1f5e1958ac16960a783b429012cfcfd518ba227da397c2f5913bb5a28c17d9355aee6bf18fab3b93193de27f952c9bf97a08d3b0e68007518a1b57c6483f82f178057efda5c89c1a7b4eb0c1053bee34585014c898390148a7055fe20f723984fc8d2924b10355fc20363b11f8af43fd3bce2d4e5015f3313aa7ae06b3b8fd7cccd43acbc757993249196618afd501339742de729003b5ec2023131471d52b6fd88ea2a8968a83e74bb0b4516f5ddc89bc5e4bcae3',
    'https://storage.googleapis.com/kagglesdsdata/datasets/7399389/11785112/food-101/food-101/images/cup_cakes/106501.jpg?X-Goog-Algorithm=GOOG4-RSA-SHA256&X-Goog-Credential=databundle-worker-v2%40kaggle-161607.iam.gserviceaccount.com%2F20250607%2Fauto%2Fstorage%2Fgoog4_request&X-Goog-Date=20250607T085717Z&X-Goog-Expires=345600&X-Goog-SignedHeaders=host&X-Goog-Signature=74310faf13cd8101711e52f6416926dbd01bb3f8700d6a5a30da55102f6dc8546250de354269cc93dc47d2b76e84e9a6ab2055c4bc2df58101f4060eaa696efc30c9212589a8a7ed64941c1f5e1958ac16960a783b429012cfcfd518ba227da397c2f5913bb5a28c17d9355aee6bf18fab3b93193de27f952c9bf97a08d3b0e68007518a1b57c6483f82f178057efda5c89c1a7b4eb0c1053bee34585014c898390148a7055fe20f723984fc8d2924b10355fc20363b11f8af43fd3bce2d4e5015f3313aa7ae06b3b8fd7cccd43acbc757993249196618afd501339742de729003b5ec2023131471d52b6fd88ea2a8968a83e74bb0b4516f5ddc89bc5e4bcae3',
    'train'
);

INSERT INTO Food_Ingredient (FoodID, Ingredient)
VALUES ('f101_0030', N'150g all-purpose flour');

INSERT INTO Food_Ingredient (FoodID, Ingredient)
VALUES ('f101_0030', N'1 1/2 tsp baking powder');

INSERT INTO Food_Ingredient (FoodID, Ingredient)
VALUES ('f101_0030', N'1/4 tsp salt');

INSERT INTO Food_Ingredient (FoodID, Ingredient)
VALUES ('f101_0030', N'100g unsalted butter (softened)');

INSERT INTO Food_Ingredient (FoodID, Ingredient)
VALUES ('f101_0030', N'150g granulated sugar');

INSERT INTO Food_Ingredient (FoodID, Ingredient)
VALUES ('f101_0030', N'2 large eggs');

INSERT INTO Food_Ingredient (FoodID, Ingredient)
VALUES ('f101_0030', N'1 tsp vanilla extract');

INSERT INTO Food_Ingredient (FoodID, Ingredient)
VALUES ('f101_0030', N'120ml whole milk');

INSERT INTO Food_Ingredient (FoodID, Ingredient)
VALUES ('f101_0030', N'Butter or non-stick spray (for greasing, optional)');

INSERT INTO Food_Ingredient (FoodID, Ingredient)
VALUES ('f101_0030', N'Frosting of choice (e.g., buttercream or cream cheese frosting, optional)');

INSERT INTO Food (FoodID, Title, Description, Calories, Instructions, ImageURL, SourceURL, Partition)
VALUES (
    'f101_0031',
    N'Deviled Eggs',
    N'Deviled Eggs are a classic appetizer featuring hard-boiled eggs halved and filled with a creamy, tangy mixture of egg yolks, mayonnaise, mustard, and a hint of paprika, garnished with fresh chives or a sprinkle of smoked paprika for a flavorful, crowd-pleasing bite.',
    151,
    N'1. Place eggs in a saucepan and cover with cold water. Bring to a boil, then cover and remove from heat. Let sit for 10–12 minutes. 2. Drain and cool eggs under cold running water. Peel the shells and slice eggs in half lengthwise. 3. Remove yolks and place them in a bowl. Mash with a fork until smooth. 4. Add mayonnaise, mustard, vinegar (or lemon juice), salt, and pepper. Mix until creamy. 5. Spoon or pipe the yolk mixture back into the egg whites. 6. Sprinkle with paprika and garnish with chopped herbs if desired. 7. Refrigerate until ready to serve.',
    'https://storage.googleapis.com/kagglesdsdata/datasets/7399389/11785112/food-101/food-101/images/deviled_eggs/101298.jpg?X-Goog-Algorithm=GOOG4-RSA-SHA256&X-Goog-Credential=databundle-worker-v2%40kaggle-161607.iam.gserviceaccount.com%2F20250607%2Fauto%2Fstorage%2Fgoog4_request&X-Goog-Date=20250607T085803Z&X-Goog-Expires=345600&X-Goog-SignedHeaders=host&X-Goog-Signature=3a14990fa4b41102191aed144a3a01fc380504d05f40c0a517286183cf9fd6dfbb7776a085bac387776cd4409d22a6c88962106593de6d7d0a6d9e03e9178ff0a71e93abfcf8e290bb0b94c28bafa97016c4752317744e02063e8655008feff3012c57998a3d6131b094eb2bb302cedc579ff89071f41b1095ad4b7010bbbac0bacfcc794dedcd9ac766f3ea0fd52ec3b9379fdf72ec9acec230f93ef249121522d0a2c6af39726f5dcde7a96f4df90f003ea656822d606d3baf47fbad57e8d998eb9120082fc1f0318764f631a6b84e644ba1ab444465fe15345262fd2cf506badd0859d910c44d594788923b3021deec49f996c3a23275d9ba709162cd6228',
    'https://storage.googleapis.com/kagglesdsdata/datasets/7399389/11785112/food-101/food-101/images/deviled_eggs/101298.jpg?X-Goog-Algorithm=GOOG4-RSA-SHA256&X-Goog-Credential=databundle-worker-v2%40kaggle-161607.iam.gserviceaccount.com%2F20250607%2Fauto%2Fstorage%2Fgoog4_request&X-Goog-Date=20250607T085803Z&X-Goog-Expires=345600&X-Goog-SignedHeaders=host&X-Goog-Signature=3a14990fa4b41102191aed144a3a01fc380504d05f40c0a517286183cf9fd6dfbb7776a085bac387776cd4409d22a6c88962106593de6d7d0a6d9e03e9178ff0a71e93abfcf8e290bb0b94c28bafa97016c4752317744e02063e8655008feff3012c57998a3d6131b094eb2bb302cedc579ff89071f41b1095ad4b7010bbbac0bacfcc794dedcd9ac766f3ea0fd52ec3b9379fdf72ec9acec230f93ef249121522d0a2c6af39726f5dcde7a96f4df90f003ea656822d606d3baf47fbad57e8d998eb9120082fc1f0318764f631a6b84e644ba1ab444465fe15345262fd2cf506badd0859d910c44d594788923b3021deec49f996c3a23275d9ba709162cd6228',
    'test'
);

INSERT INTO Food_Ingredient (FoodID, Ingredient)
VALUES ('f101_0031', N'6 large eggs');

INSERT INTO Food_Ingredient (FoodID, Ingredient)
VALUES ('f101_0031', N'3 tbsp mayonnaise');

INSERT INTO Food_Ingredient (FoodID, Ingredient)
VALUES ('f101_0031', N'1 tsp Dijon mustard');

INSERT INTO Food_Ingredient (FoodID, Ingredient)
VALUES ('f101_0031', N'1 tsp white vinegar or lemon juice');

INSERT INTO Food_Ingredient (FoodID, Ingredient)
VALUES ('f101_0031', N'Salt to taste');

INSERT INTO Food_Ingredient (FoodID, Ingredient)
VALUES ('f101_0031', N'Black pepper to taste');

INSERT INTO Food_Ingredient (FoodID, Ingredient)
VALUES ('f101_0031', N'Paprika (for garnish)');

INSERT INTO Food_Ingredient (FoodID, Ingredient)
VALUES ('f101_0031', N'Chopped chives or parsley (optional, for garnish)');

INSERT INTO Food (FoodID, Title, Description, Calories, Instructions, ImageURL, SourceURL, Partition)
VALUES (
    'f101_0032',
    N'Donuts',
    N'Donuts are irresistible, pillowy pastries fried to golden perfection, often glazed with sweet, glossy sugar, drizzled with rich chocolate, or dusted with powdered sugar, featuring classic flavors like vanilla or cinnamon, and sometimes filled with creamy custard or fruity jam for a delightful, indulgent treat.',
    295,
    N'1. In a bowl, dissolve yeast in warm milk with a pinch of sugar. Let sit for 5–10 minutes until foamy. 2. Add sugar, melted butter, egg, flour, and salt. Mix until a soft dough forms. 3. Knead the dough on a floured surface for 5–7 minutes until smooth. Place in a greased bowl, cover, and let rise for 1 hour or until doubled in size. 4. Roll out dough to about 1–1.5 cm thickness. Cut into donut shapes using a cutter or two round objects (e.g., a glass and bottle cap). 5. Place donuts on parchment-lined tray. Cover loosely and let rise again for 30 minutes. 6. Heat oil in a deep pot to 175°C (350°F). Fry donuts in batches, 1–2 minutes per side, until golden brown. Drain on paper towels. 7. For glaze, mix powdered sugar, vanilla, and milk until smooth. Dip warm donuts into glaze and let set on a wire rack. 8. Serve fresh or store in an airtight container.',
    'https://storage.googleapis.com/kagglesdsdata/datasets/7399389/11785112/food-101/food-101/images/donuts/1006079.jpg?X-Goog-Algorithm=GOOG4-RSA-SHA256&X-Goog-Credential=databundle-worker-v2%40kaggle-161607.iam.gserviceaccount.com%2F20250607%2Fauto%2Fstorage%2Fgoog4_request&X-Goog-Date=20250607T085855Z&X-Goog-Expires=345600&X-Goog-SignedHeaders=host&X-Goog-Signature=adb15a079f6adf1db3bfdb625d607e1dfa1f68aad2468d3a07ff434eb51a2fb5e1701f2835447538040412e86c30faa47e09ed120368f9648e2e14b25179ea944f45d21d5af6e29f5e04a458401c66527ac9da9d23028a0325d1ee40bb8e0ca9fa85febb9c217318dded271cb94774fe3da50f3b3516020fd8bfb24d12bedabaf882490469492eb468d721b4f8f49a317845c859e15362d4ffe31be1f808aec59ed2cf6256d61e25b2093d9bd100c474153dd2ac15801e2e630de245b1f4d291792e11bd7747cb1267f4e994323213be33b2507b86d8abc081032ab753efaf5b1c47d3a51da6253eaf5a6056abb8a0103de55bece9efbca426a5174c8513a68e',
    'https://storage.googleapis.com/kagglesdsdata/datasets/7399389/11785112/food-101/food-101/images/donuts/1006079.jpg?X-Goog-Algorithm=GOOG4-RSA-SHA256&X-Goog-Credential=databundle-worker-v2%40kaggle-161607.iam.gserviceaccount.com%2F20250607%2Fauto%2Fstorage%2Fgoog4_request&X-Goog-Date=20250607T085855Z&X-Goog-Expires=345600&X-Goog-SignedHeaders=host&X-Goog-Signature=adb15a079f6adf1db3bfdb625d607e1dfa1f68aad2468d3a07ff434eb51a2fb5e1701f2835447538040412e86c30faa47e09ed120368f9648e2e14b25179ea944f45d21d5af6e29f5e04a458401c66527ac9da9d23028a0325d1ee40bb8e0ca9fa85febb9c217318dded271cb94774fe3da50f3b3516020fd8bfb24d12bedabaf882490469492eb468d721b4f8f49a317845c859e15362d4ffe31be1f808aec59ed2cf6256d61e25b2093d9bd100c474153dd2ac15801e2e630de245b1f4d291792e11bd7747cb1267f4e994323213be33b2507b86d8abc081032ab753efaf5b1c47d3a51da6253eaf5a6056abb8a0103de55bece9efbca426a5174c8513a68e',
    'train'
);

INSERT INTO Food_Ingredient (FoodID, Ingredient)
VALUES ('f101_0032', N'2 1/4 tsp active dry yeast (1 packet)');

INSERT INTO Food_Ingredient (FoodID, Ingredient)
VALUES ('f101_0032', N'1/2 cup warm milk (about 43°C)');

INSERT INTO Food_Ingredient (FoodID, Ingredient)
VALUES ('f101_0032', N'1/4 cup granulated sugar');

INSERT INTO Food_Ingredient (FoodID, Ingredient)
VALUES ('f101_0032', N'2 tbsp unsalted butter (melted)');

INSERT INTO Food_Ingredient (FoodID, Ingredient)
VALUES ('f101_0032', N'1 large egg');

INSERT INTO Food_Ingredient (FoodID, Ingredient)
VALUES ('f101_0032', N'2 cups all-purpose flour');

INSERT INTO Food_Ingredient (FoodID, Ingredient)
VALUES ('f101_0032', N'1/2 tsp salt');

INSERT INTO Food_Ingredient (FoodID, Ingredient)
VALUES ('f101_0032', N'Vegetable oil (for frying)');

INSERT INTO Food_Ingredient (FoodID, Ingredient)
VALUES ('f101_0032', N'1 cup powdered sugar (for glaze)');

INSERT INTO Food_Ingredient (FoodID, Ingredient)
VALUES ('f101_0032', N'2–3 tbsp milk (for glaze)');

INSERT INTO Food_Ingredient (FoodID, Ingredient)
VALUES ('f101_0032', N'1/2 tsp vanilla extract (for glaze)');

INSERT INTO Food (FoodID, Title, Description, Calories, Instructions, ImageURL, SourceURL, Partition)
VALUES (
    'f101_0033',
    N'Dumplings',
    N'Dumplings are delicate, savory parcels featuring tender dough wrapped around a flavorful filling of seasoned pork, shrimp, or vegetables, steamed or pan-fried to perfection, often served with a tangy soy-vinegar dipping sauce and a sprinkle of green onions for a comforting, bite-sized delight.',
    231,
    N'1. In a large bowl, mix ground meat, cabbage, green onions, soy sauce, sesame oil, ginger, garlic, salt, and pepper until well combined. 2. Place a small spoonful of filling in the center of each wrapper. 3. Moisten the edge of the wrapper with water, fold in half, and pinch to seal (pleat edges if desired). 4. To pan-fry: heat oil in a nonstick pan over medium heat. Add dumplings flat-side down and cook until bottoms are golden (2–3 minutes). 5. Add 1/4 cup water, cover, and steam for 5–6 minutes until filling is cooked through and water evaporates. 6. Uncover and cook for 1 more minute to re-crisp the bottoms. 7. Serve host with dipping sauce (soy sauce + vinegar + chili oil).',
    'https://storage.googleapis.com/kagglesdsdata/datasets/7399389/11785112/food-101/food-101/images/dumplings/100251.jpg?X-Goog-Algorithm=GOOG4-RSA-SHA256&X-Goog-Credential=databundle-worker-v2%40kaggle-161607.iam.gserviceaccount.com%2F20250607%2Fauto%2Fstorage%2Fgoog4_request&X-Goog-Date=20250607T090008Z&X-Goog-Expires=345600&X-Goog-SignedHeaders=host&X-Goog-Signature=6ce497c6113eaf27b58d9f1b05b72fe3721f5e2e761ff90660db4bb5101da988e39802d61f6fc7a0d56cf1346d17c43355249e40015cc6bafa219b24ebe93c071681516add1b3398e68e4c61cce28de26e4b543783ea7409ced0c82d6510cfd3776fabc249c35d26acbe137857dc49a5cbc4da82ac75c92c4d7a78edd5e7b312127a5984e2c237c2ebe1dfa2c945d1a30c3f0de428740acb4b11530b912925e3ceb8eb81f33f3b63fb43e4ae54ee4f858a5b989adc99ed74bbebaace76c2980bf14ec12ba7254d07a1c76e19f986199e44b93fa5be4e249b2b729b6f70aa05a4b1b832698b621a88992a93347ab1075c89e59ad4e4549adce1e2c3cdab186b4d',
    'https://storage.googleapis.com/kagglesdsdata/datasets/7399389/11785112/food-101/food-101/images/dumplings/100251.jpg?X-Goog-Algorithm=GOOG4-RSA-SHA256&X-Goog-Credential=databundle-worker-v2%40kaggle-161607.iam.gserviceaccount.com%2F20250607%2Fauto%2Fstorage%2Fgoog4_request&X-Goog-Date=20250607T090008Z&X-Goog-Expires=345600&X-Goog-SignedHeaders=host&X-Goog-Signature=6ce497c6113eaf27b58d9f1b05b72fe3721f5e2e761ff90660db4bb5101da988e39802d61f6fc7a0d56cf1346d17c43355249e40015cc6bafa219b24ebe93c071681516add1b3398e68e4c61cce28de26e4b543783ea7409ced0c82d6510cfd3776fabc249c35d26acbe137857dc49a5cbc4da82ac75c92c4d7a78edd5e7b312127a5984e2c237c2ebe1dfa2c945d1a30c3f0de428740acb4b11530b912925e3ceb8eb81f33f3b63fb43e4ae54ee4f858a5b989adc99ed74bbebaace76c2980bf14ec12ba7254d07a1c76e19f986199e44b93fa5be4e249b2b729b6f70aa05a4b1b832698b621a88992a93347ab1075c89e59ad4e4549adce1e2c3cdab186b4d',
    'train'
);

INSERT INTO Food_Ingredient (FoodID, Ingredient)
VALUES ('f101_0033', N'250g ground pork or chicken');

INSERT INTO Food_Ingredient (FoodID, Ingredient)
VALUES ('f101_0033', N'1 cup napa cabbage (finely chopped and drained)');

INSERT INTO Food_Ingredient (FoodID, Ingredient)
VALUES ('f101_0033', N'2 green onions (finely chopped)');

INSERT INTO Food_Ingredient (FoodID, Ingredient)
VALUES ('f101_0033', N'1 tbsp soy sauce');

INSERT INTO Food_Ingredient (FoodID, Ingredient)
VALUES ('f101_0033', N'1 tbsp sesame oil');

INSERT INTO Food_Ingredient (FoodID, Ingredient)
VALUES ('f101_0033', N'1 tsp ginger (grated)');

INSERT INTO Food_Ingredient (FoodID, Ingredient)
VALUES ('f101_0033', N'1 clove garlic (minced)');

INSERT INTO Food_Ingredient (FoodID, Ingredient)
VALUES ('f101_0033', N'1/2 tsp salt');

INSERT INTO Food_Ingredient (FoodID, Ingredient)
VALUES ('f101_0033', N'1/4 tsp black or white pepper');

INSERT INTO Food_Ingredient (FoodID, Ingredient)
VALUES ('f101_0033', N'30 round dumpling wrappers');

INSERT INTO Food_Ingredient (FoodID, Ingredient)
VALUES ('f101_0033', N'Vegetable oil (for pan-frying)');

INSERT INTO Food_Ingredient (FoodID, Ingredient)
VALUES ('f101_0033', N'Water (for steaming)');

INSERT INTO Food (FoodID, Title, Description, Calories, Instructions, ImageURL, SourceURL, Partition)
VALUES (
    'f101_0034',
    N'Edamame',
    N'Edamame are vibrant, young soybeans steamed to tender perfection, lightly sprinkled with flaky sea salt, offering a fresh, nutty flavor and satisfying crunch, often served as a healthy, protein-packed appetizer or snack, perfect for popping straight from the pod.',
    121,
    N'1. Bring a large pot of water to a boil and add 1 tbsp salt. 2. Add edamame pods and boil for 4–5 minutes (or until tender but still firm). 3. Drain and transfer to a bowl. 4. Sprinkle with coarse sea salt while still hot and toss to coat. 5. Serve warm or at room temperature. Eat by squeezing the beans from the pods directly into your mouth.',
    'https://storage.googleapis.com/kagglesdsdata/datasets/7399389/11785112/food-101/food-101/images/edamame/1041400.jpg?X-Goog-Algorithm=GOOG4-RSA-SHA256&X-Goog-Credential=databundle-worker-v2%40kaggle-161607.iam.gserviceaccount.com%2F20250607%2Fauto%2Fstorage%2Fgoog4_request&X-Goog-Date=20250607T090039Z&X-Goog-Expires=345600&X-Goog-SignedHeaders=host&X-Goog-Signature=0c0c065aeea756a08d224658a749ae2af2be02ed5c74183174a365115a5e65dd6c99b574a26c5f9541f926842d01a090d4d9d2a1918f15857e381b604815069cc00c620387adb088fa6f67d62c228809c7212a0d13b7449f97ca882bc4e97748685aa003d50a93f4f3c63a50e76611ef70be84732bb3dac6289cd269e3bc3cd94f05385b9b17f01108f4fa4923232094dec9bc23a99595350e8a40027bc9664a5e335efdebcb7844bdc6f80561308b487ebccc62883d9e757a475ac6c854ccd9bb5fa888107fb9b9792155c8014ec5e9f4d7cadee912f2b0bce0c1d4da9d9c7ea297c4c75c4ebf02a56df82cf9efcb7d3a9f0ad5f4b77571b30239b0174c7fd7',
    'https://storage.googleapis.com/kagglesdsdata/datasets/7399389/11785112/food-101/food-101/images/edamame/1041400.jpg?X-Goog-Algorithm=GOOG4-RSA-SHA256&X-Goog-Credential=databundle-worker-v2%40kaggle-161607.iam.gserviceaccount.com%2F20250607%2Fauto%2Fstorage%2Fgoog4_request&X-Goog-Date=20250607T090039Z&X-Goog-Expires=345600&X-Goog-SignedHeaders=host&X-Goog-Signature=0c0c065aeea756a08d224658a749ae2af2be02ed5c74183174a365115a5e65dd6c99b574a26c5f9541f926842d01a090d4d9d2a1918f15857e381b604815069cc00c620387adb088fa6f67d62c228809c7212a0d13b7449f97ca882bc4e97748685aa003d50a93f4f3c63a50e76611ef70be84732bb3dac6289cd269e3bc3cd94f05385b9b17f01108f4fa4923232094dec9bc23a99595350e8a40027bc9664a5e335efdebcb7844bdc6f80561308b487ebccc62883d9e757a475ac6c854ccd9bb5fa888107fb9b9792155c8014ec5e9f4d7cadee912f2b0bce0c1d4da9d9c7ea297c4c75c4ebf02a56df82cf9efcb7d3a9f0ad5f4b77571b30239b0174c7fd7',
    'train'
);

INSERT INTO Food_Ingredient (FoodID, Ingredient)
VALUES ('f101_0034', N'400g edamame (young soybeans in pods, fresh or frozen)');

INSERT INTO Food_Ingredient (FoodID, Ingredient)
VALUES ('f101_0034', N'1 tbsp salt (for boiling water)');

INSERT INTO Food_Ingredient (FoodID, Ingredient)
VALUES ('f101_0034', N'1 tsp coarse sea salt (for serving, optional)');

INSERT INTO Food (FoodID, Title, Description, Calories, Instructions, ImageURL, SourceURL, Partition)
VALUES (
    'f101_0035',
    N'Eggs Benedict',
    N'Eggs Benedict is a luxurious brunch classic featuring toasted English muffins topped with warm, thinly sliced Canadian bacon, perfectly poached eggs, and a rich, velvety hollandaise sauce, garnished with a sprinkle of fresh chives for an indulgent, savory delight.',
    401,
    N'1. Toast English muffins until golden and set aside. 2. In a skillet, cook Canadian bacon or ham until lightly browned. Keep warm. 3. Fill a wide saucepan with water, add vinegar, and bring to a gentle simmer. 4. Crack eggs into small bowls and gently slide into the simmering water. Poach for 3–4 minutes until whites are set but yolks remain runny. 5. Remove eggs with a slotted spoon and drain on paper towels. 6. Spread butter on toasted muffin halves. Top each with a slice of bacon or ham, a poached egg, and drizzle with hollandaise sauce. 7. Garnish with parsley or chives if desired. Serve immediately.',
    'https://storage.googleapis.com/kagglesdsdata/datasets/7399389/11785112/food-101/food-101/images/eggs_benedict/1002786.jpg?X-Goog-Algorithm=GOOG4-RSA-SHA256&X-Goog-Credential=databundle-worker-v2%40kaggle-161607.iam.gserviceaccount.com%2F20250607%2Fauto%2Fstorage%2Fgoog4_request&X-Goog-Date=20250607T090154Z&X-Goog-Expires=345600&X-Goog-SignedHeaders=host&X-Goog-Signature=b1a797cd5488aa08067c7f04785995e873c977a6c3d5549941833f8fcf05ddc2b3501c0edd728ccb46bdae6abc4426946393ca08e40b22a4706d5ac72c5cef5cc8b6d0b3a43d79c02a8a5b6b6366bb5233a15b297d1f1dd53f6924435cffb584726df6bc5e739761461ae987f31252c3b7d0006db71856b5e6c1487e549eaf40a49d60476cde0af2fe962f7d0936ad64c66380cf862d18aba93cc4cefd56931c419ed1c196671ef0675c0dc9ae6b695171375e6a5daae9c39eaf5af3d7089fc52938130d4119f2886a84844dce36cb912b1f16081519fe981f6a1139957bc4b6d3926f216507ca18c83b26ba4b852637fbc664f9acee51e2b20c11048b9594c9',
    'https://storage.googleapis.com/kagglesdsdata/datasets/7399389/11785112/food-101/food-101/images/eggs_benedict/1002786.jpg?X-Goog-Algorithm=GOOG4-RSA-SHA256&X-Goog-Credential=databundle-worker-v2%40kaggle-161607.iam.gserviceaccount.com%2F20250607%2Fauto%2Fstorage%2Fgoog4_request&X-Goog-Date=20250607T090154Z&X-Goog-Expires=345600&X-Goog-SignedHeaders=host&X-Goog-Signature=b1a797cd5488aa08067c7f04785995e873c977a6c3d5549941833f8fcf05ddc2b3501c0edd728ccb46bdae6abc4426946393ca08e40b22a4706d5ac72c5cef5cc8b6d0b3a43d79c02a8a5b6b6366bb5233a15b297d1f1dd53f6924435cffb584726df6bc5e739761461ae987f31252c3b7d0006db71856b5e6c1487e549eaf40a49d60476cde0af2fe962f7d0936ad64c66380cf862d18aba93cc4cefd56931c419ed1c196671ef0675c0dc9ae6b695171375e6a5daae9c39eaf5af3d7089fc52938130d4119f2886a84844dce36cb912b1f16081519fe981f6a1139957bc4b6d3926f216507ca18c83b26ba4b852637fbc664f9acee51e2b20c11048b9594c9',
    'train'
);

INSERT INTO Food_Ingredient (FoodID, Ingredient)
VALUES ('f101_0035', N'2 English muffins (split in half)');

INSERT INTO Food_Ingredient (FoodID, Ingredient)
VALUES ('f101_0035', N'4 slices Canadian bacon or ham');

INSERT INTO Food_Ingredient (FoodID, Ingredient)
VALUES ('f101_0035', N'4 large eggs');

INSERT INTO Food_Ingredient (FoodID, Ingredient)
VALUES ('f101_0035', N'1 tbsp white vinegar (for poaching)');

INSERT INTO Food_Ingredient (FoodID, Ingredient)
VALUES ('f101_0035', N'2 tbsp unsalted butter (for toasting)');

INSERT INTO Food_Ingredient (FoodID, Ingredient)
VALUES ('f101_0035', N'Chopped parsley or chives (optional, for garnish)');

INSERT INTO Food (FoodID, Title, Description, Calories, Instructions, ImageURL, SourceURL, Partition)
VALUES (
    'f101_0036',
    N'Oysters',
    N'Oysters are a luxurious seafood delicacy, served fresh and raw on the half shell, offering a briny, oceanic flavor with a silky texture, often enhanced with a squeeze of lemon, a dash of hot sauce, or a delicate mignonette for an elegant, refreshing treat.',
    52,
    N'1. In a bowl, combine ginger, garlic, chili, sesame oil, olive oil, water, lime juice, fish sauce, coconut sugar, Tamari, spring onions, and cilantro to create the zesty dressing. 2. Arrange the shucked oysters on a serving platter. 3. Spoon a small amount of the dressing over each oyster. 4. Serve immediately as an appetizer. 5. This recipe yields 8 servings.',
    'https://storage.googleapis.com/kagglesdsdata/datasets/7399389/11785112/food-101/food-101/images/oysters/1005672.jpg?X-Goog-Algorithm=GOOG4-RSA-SHA256&X-Goog-Credential=databundle-worker-v2%40kaggle-161607.iam.gserviceaccount.com%2F20250607%2Fauto%2Fstorage%2Fgoog4_request&X-Goog-Date=20250607T095640Z&X-Goog-Expires=345600&X-Goog-SignedHeaders=host&X-Goog-Signature=234bafb0fba8f83caa1817661113597c2a48f799ef2b41c00cb69a3f0790f163f67d0c5ec6ccae731f00dc4ff5498785a9895446f5818041fbbcf7b2d99ba6e78e47fe6ccbaf2b288d6848cd66b20fae4bcaf0e959f4dc34932918522ebf6ee14d566d491f641d45de766884d59b5defaa1486ef83a57b1faecb19ec0564952e9fa621adf42938c7a51c2553cf3d148fff94ea842c670248e4a4297640a899ac676ed6d206fa2e51a308ff03f7784092463990038357bffd0003588e769afae1436de770143178d3462644c2e3cef440b8ad839beb716652ad2be4f92fbf440121553036d1273c8f3c905f350b95a604604c8bc4859e578783ceb50039d5212c',
    'https://storage.googleapis.com/kagglesdsdata/datasets/7399389/11785112/food-101/food-101/images/oysters/1005672.jpg?X-Goog-Algorithm=GOOG4-RSA-SHA256&X-Goog-Credential=databundle-worker-v2%40kaggle-161607.iam.gserviceaccount.com%2F20250607%2Fauto%2Fstorage%2Fgoog4_request&X-Goog-Date=20250607T095640Z&X-Goog-Expires=345600&X-Goog-SignedHeaders=host&X-Goog-Signature=234bafb0fba8f83caa1817661113597c2a48f799ef2b41c00cb69a3f0790f163f67d0c5ec6ccae731f00dc4ff5498785a9895446f5818041fbbcf7b2d99ba6e78e47fe6ccbaf2b288d6848cd66b20fae4bcaf0e959f4dc34932918522ebf6ee14d566d491f641d45de766884d59b5defaa1486ef83a57b1faecb19ec0564952e9fa621adf42938c7a51c2553cf3d148fff94ea842c670248e4a4297640a899ac676ed6d206fa2e51a308ff03f7784092463990038357bffd0003588e769afae1436de770143178d3462644c2e3cef440b8ad839beb716652ad2be4f92fbf440121553036d1273c8f3c905f350b95a604604c8bc4859e578783ceb50039d5212c',
    'train'
);

INSERT INTO Food_Ingredient (FoodID, Ingredient)
VALUES ('f101_0036', N'24 fresh oysters, shucked');

INSERT INTO Food_Ingredient (FoodID, Ingredient)
VALUES ('f101_0036', N'1 teaspoon fresh ginger, grated');

INSERT INTO Food_Ingredient (FoodID, Ingredient)
VALUES ('f101_0036', N'1 small garlic clove, grated or minced');

INSERT INTO Food_Ingredient (FoodID, Ingredient)
VALUES ('f101_0036', N'1/2 long red chili, finely diced (or chili flakes)');

INSERT INTO Food_Ingredient (FoodID, Ingredient)
VALUES ('f101_0036', N'1 teaspoon sesame oil');

INSERT INTO Food_Ingredient (FoodID, Ingredient)
VALUES ('f101_0036', N'1 tablespoon extra-virgin olive oil');

INSERT INTO Food_Ingredient (FoodID, Ingredient)
VALUES ('f101_0036', N'2 tablespoons water');

INSERT INTO Food_Ingredient (FoodID, Ingredient)
VALUES ('f101_0036', N'Juice of 1 fresh lime');

INSERT INTO Food_Ingredient (FoodID, Ingredient)
VALUES ('f101_0036', N'2 tablespoons fish sauce');

INSERT INTO Food_Ingredient (FoodID, Ingredient)
VALUES ('f101_0036', N'2 teaspoons coconut sugar or palm sugar');

INSERT INTO Food_Ingredient (FoodID, Ingredient)
VALUES ('f101_0036', N'1 teaspoon Tamari (or coconut aminos)');

INSERT INTO Food_Ingredient (FoodID, Ingredient)
VALUES ('f101_0036', N'1 tablespoon chopped spring onions');

INSERT INTO Food_Ingredient (FoodID, Ingredient)
VALUES ('f101_0036', N'1 tablespoon chopped fresh cilantro');

INSERT INTO Food (FoodID, Title, Description, Calories, Instructions, ImageURL, SourceURL, Partition)
VALUES (
    'f101_0037',
    N'Escargots',
    N'Escargots are a refined French delicacy featuring tender, plump snails baked in their shells with a fragrant garlic-herb butter sauce, offering a rich, earthy flavor and melt-in-your-mouth texture, typically served with crusty baguette slices to soak up the savory, aromatic juices.',
    82,
    N'1. Preheat the oven to 375°F (190°C). 2. Melt 1 tablespoon of butter in a pan over medium heat. Add the diced shallot and sauté until softened. 3. Add the drained escargots to the pan and cook for about 2 minutes. Remove from heat. 4. In a food processor or blender, combine 5 tablespoons of softened butter, minced garlic, chopped parsley, and white wine. Blend until a smooth garlic butter is formed. 5. Place one escargot into each snail shell or compartment of an escargot dish. Cover each with the garlic butter mixture and sprinkle with breadcrumbs. 6. Bake in the preheated oven for 10-15 minutes, until the butter is bubbling and the breadcrumbs are golden brown. 7. While the escargots are baking, slice the baguette into 1/4-inch thick slices. Place them on a baking sheet. 8. Melt the remaining 4 tablespoons of butter and brush over the baguette slices. 9. After removing the escargots from the oven, switch the oven to broil. Place the baguette slices under the broiler for 1-2 minutes, until toasted. 10. Serve the escargots hot, accompanied by the toasted baguette slices.',
    'https://storage.googleapis.com/kagglesdsdata/datasets/7399389/11785112/food-101/food-101/images/escargots/1007283.jpg?X-Goog-Algorithm=GOOG4-RSA-SHA256&X-Goog-Credential=databundle-worker-v2%40kaggle-161607.iam.gserviceaccount.com%2F20250607%2Fauto%2Fstorage%2Fgoog4_request&X-Goog-Date=20250607T090524Z&X-Goog-Expires=345600&X-Goog-SignedHeaders=host&X-Goog-Signature=58e28d42e5471fd156995d48523833866f8cff899107b7e71357d18798dcb5399dc064a2ff4a3d6e89f12de8748b53c5ab18e153b7d807815743f64925e36a00f04fa430842cfa022d7f6b6ec4197654e0ed8b864d40bf12c3bd552c528743a72bdaf48c61c9e9edad91648bb4484138bcecffffea44db7cc3beef9d0ea203a081339d08fa53964dc6dd1335527f47f9ada3d21e3737e59ec3684493df76b83db6eb8050b6f30ca82799bcb60c432a756b64cae9955e1e049754184d3aa538b842f38091c1e55cd208742f3d86d3541d04696a26a69952a54121b29c38236773dfd2c84a28ca3d4c5c3027aa81f65c7121511d012675d56711b72c747a543094',
    'https://storage.googleapis.com/kagglesdsdata/datasets/7399389/11785112/food-101/food-101/images/escargots/1007283.jpg?X-Goog-Algorithm=GOOG4-RSA-SHA256&X-Goog-Credential=databundle-worker-v2%40kaggle-161607.iam.gserviceaccount.com%2F20250607%2Fauto%2Fstorage%2Fgoog4_request&X-Goog-Date=20250607T090524Z&X-Goog-Expires=345600&X-Goog-SignedHeaders=host&X-Goog-Signature=58e28d42e5471fd156995d48523833866f8cff899107b7e71357d18798dcb5399dc064a2ff4a3d6e89f12de8748b53c5ab18e153b7d807815743f64925e36a00f04fa430842cfa022d7f6b6ec4197654e0ed8b864d40bf12c3bd552c528743a72bdaf48c61c9e9edad91648bb4484138bcecffffea44db7cc3beef9d0ea203a081339d08fa53964dc6dd1335527f47f9ada3d21e3737e59ec3684493df76b83db6eb8050b6f30ca82799bcb60c432a756b64cae9955e1e049754184d3aa538b842f38091c1e55cd208742f3d86d3541d04696a26a69952a54121b29c38236773dfd2c84a28ca3d4c5c3027aa81f65c7121511d012675d56711b72c747a543094',
    'train'
);

INSERT INTO Food_Ingredient (FoodID, Ingredient)
VALUES ('f101_0037', N'7 oz canned escargots, drained and rinsed');

INSERT INTO Food_Ingredient (FoodID, Ingredient)
VALUES ('f101_0037', N'1 shallot, finely diced');

INSERT INTO Food_Ingredient (FoodID, Ingredient)
VALUES ('f101_0037', N'10 tablespoons unsalted butter, softened');

INSERT INTO Food_Ingredient (FoodID, Ingredient)
VALUES ('f101_0037', N'3 teaspoons minced garlic');

INSERT INTO Food_Ingredient (FoodID, Ingredient)
VALUES ('f101_0037', N'1/4 cup chopped fresh parsley');

INSERT INTO Food_Ingredient (FoodID, Ingredient)
VALUES ('f101_0037', N'1 tablespoon dry white wine');

INSERT INTO Food_Ingredient (FoodID, Ingredient)
VALUES ('f101_0037', N'2 tablespoons breadcrumbs');

INSERT INTO Food_Ingredient (FoodID, Ingredient)
VALUES ('f101_0037', N'1 French baguette, sliced');

INSERT INTO Food_Ingredient (FoodID, Ingredient)
VALUES ('f101_0037', N'24 empty snail shells (optional)');

INSERT INTO Food (FoodID, Title, Description, Calories, Instructions, ImageURL, SourceURL, Partition)
VALUES (
    'f101_0038',
    N'Falafel',
    N'Falafel is a vibrant Middle Eastern delight featuring crispy, golden-fried balls of ground chickpeas blended with fresh herbs, garlic, and warm spices like cumin, served in soft pita bread with creamy tahini sauce, crisp lettuce, and tangy pickles for a flavorful, satisfying bite.',
    93,
    N'1. Drain and rinse the soaked chickpeas. 2. In a food processor, combine chickpeas, parsley, cilantro, onion, and garlic. Pulse until the mixture is coarse and holds together when pressed. 3. Add cumin, coriander, cayenne pepper, salt, baking soda, lemon juice, and flour. Pulse until well combined. 4. Transfer the mixture to a bowl, cover, and refrigerate for at least 1 hour. 5. Form the mixture into small balls or patties, about the size of a walnut. 6. Heat vegetable oil in a deep skillet to 350°F (175°C). 7. Fry the falafel in batches until golden brown and crispy, about 3-4 minutes per side. 8. Remove and drain on paper towels. 9. Serve hot with pita bread, tahini sauce, and fresh vegetables.',
    'https://storage.googleapis.com/kagglesdsdata/datasets/7399389/11785112/food-101/food-101/images/falafel/1033721.jpg?X-Goog-Algorithm=GOOG4-RSA-SHA256&X-Goog-Credential=databundle-worker-v2%40kaggle-161607.iam.gserviceaccount.com%2F20250607%2Fauto%2Fstorage%2Fgoog4_request&X-Goog-Date=20250607T092138Z&X-Goog-Expires=345600&X-Goog-SignedHeaders=host&X-Goog-Signature=01b5fb8b3dcdb1623c9243eb6f2c4009320d7808d3ee9f698ef2c342b5ffcc01971f8ee2cdddc77c5159e790b5f972a3ea26d4284146cf4cb2ee352bc95762841cca6aae570ca2bc4825d5eea3e9036ffb4ec4678c55e5aff17a71967344e86176e93fb81a31595fc4ff24942db58871ed16b2d2eec707622c6951adcd4de5e8f6c75fed53a5a4cb74eb82607a24665df4c0781589104ad6d27843c355e25694189ceae9db14b634fa0dc3a66de0cc8e44bcbb8b35e58af77cb244b5e8e2b482aaf9592043a2935d6ae7a50485f3ae7020815de57ffdf24a58b270f625f7babea1487a29060bf60fdf4556f4dfefe4e44d285b464e46ee66f573d5e33fabbfc4',
    'https://storage.googleapis.com/kagglesdsdata/datasets/7399389/11785112/food-101/food-101/images/falafel/1033721.jpg?X-Goog-Algorithm=GOOG4-RSA-SHA256&X-Goog-Credential=databundle-worker-v2%40kaggle-161607.iam.gserviceaccount.com%2F20250607%2Fauto%2Fstorage%2Fgoog4_request&X-Goog-Date=20250607T092138Z&X-Goog-Expires=345600&X-Goog-SignedHeaders=host&X-Goog-Signature=01b5fb8b3dcdb1623c9243eb6f2c4009320d7808d3ee9f698ef2c342b5ffcc01971f8ee2cdddc77c5159e790b5f972a3ea26d4284146cf4cb2ee352bc95762841cca6aae570ca2bc4825d5eea3e9036ffb4ec4678c55e5aff17a71967344e86176e93fb81a31595fc4ff24942db58871ed16b2d2eec707622c6951adcd4de5e8f6c75fed53a5a4cb74eb82607a24665df4c0781589104ad6d27843c355e25694189ceae9db14b634fa0dc3a66de0cc8e44bcbb8b35e58af77cb244b5e8e2b482aaf9592043a2935d6ae7a50485f3ae7020815de57ffdf24a58b270f625f7babea1487a29060bf60fdf4556f4dfefe4e44d285b464e46ee66f573d5e33fabbfc4',
    'train'
);

INSERT INTO Food_Ingredient (FoodID, Ingredient)
VALUES ('f101_0038', N'1 cup dried chickpeas (soaked overnight)');

INSERT INTO Food_Ingredient (FoodID, Ingredient)
VALUES ('f101_0038', N'1/2 cup chopped fresh parsley');

INSERT INTO Food_Ingredient (FoodID, Ingredient)
VALUES ('f101_0038', N'1/2 cup chopped fresh cilantro');

INSERT INTO Food_Ingredient (FoodID, Ingredient)
VALUES ('f101_0038', N'1 small onion, roughly chopped');

INSERT INTO Food_Ingredient (FoodID, Ingredient)
VALUES ('f101_0038', N'4 cloves garlic');

INSERT INTO Food_Ingredient (FoodID, Ingredient)
VALUES ('f101_0038', N'1 teaspoon ground cumin');

INSERT INTO Food_Ingredient (FoodID, Ingredient)
VALUES ('f101_0038', N'1 teaspoon ground coriander');

INSERT INTO Food_Ingredient (FoodID, Ingredient)
VALUES ('f101_0038', N'1/2 teaspoon cayenne pepper (optional)');

INSERT INTO Food_Ingredient (FoodID, Ingredient)
VALUES ('f101_0038', N'1 teaspoon salt');

INSERT INTO Food_Ingredient (FoodID, Ingredient)
VALUES ('f101_0038', N'1/2 teaspoon baking soda');

INSERT INTO Food_Ingredient (FoodID, Ingredient)
VALUES ('f101_0038', N'1 tablespoon lemon juice');

INSERT INTO Food_Ingredient (FoodID, Ingredient)
VALUES ('f101_0038', N'2 tablespoons all-purpose flour');

INSERT INTO Food_Ingredient (FoodID, Ingredient)
VALUES ('f101_0038', N'Vegetable oil for frying');

INSERT INTO Food (FoodID, Title, Description, Calories, Instructions, ImageURL, SourceURL, Partition)
VALUES (
    'f101_0039',
    N'Filet Mignon',
    N'Filet Mignon is an exquisite, melt-in-your-mouth beef tenderloin steak, expertly seared to a perfect medium-rare, boasting a buttery texture and rich, savory flavor, often served with a velvety red wine reduction or creamy béarnaise sauce and paired with roasted vegetables for a luxurious dining experience.',
    429,
    N'1. Preheat the oven to 425°F (220°C). 2. Allow the steaks to sit at room temperature for 30 minutes before cooking. 3. Season both sides of the steaks with kosher salt and freshly ground black pepper. 4. Heat olive oil in a large oven-proof skillet over high heat. 5. Place the steaks in the skillet and sear for 2-3 minutes on each side until a golden-brown crust forms. 6. Add butter, crushed garlic, rosemary, and thyme to the skillet. 7. Transfer the skillet to the preheated oven and cook for 4-5 minutes for medium-rare, or until desired doneness. 8. Remove the skillet from the oven and transfer the steaks to a plate. Tent with foil and let rest for 5-10 minutes before serving. 9. This recipe yields 2 servings, one filet per person.',
    'https://storage.googleapis.com/kagglesdsdata/datasets/7399389/11785112/food-101/food-101/images/filet_mignon/1007877.jpg?X-Goog-Algorithm=GOOG4-RSA-SHA256&X-Goog-Credential=databundle-worker-v2%40kaggle-161607.iam.gserviceaccount.com%2F20250607%2Fauto%2Fstorage%2Fgoog4_request&X-Goog-Date=20250607T140933Z&X-Goog-Expires=345600&X-Goog-SignedHeaders=host&X-Goog-Signature=9dd88aea146e5c84c8d58676c35768662b0364ade2cc10dd10e9101f3821d1052c4fd4ad694e3f0f7e989273858d66688d941bea8ca1adae629ce87818613a323cfa04e36be74bd9ed8c607c0487fd436acfc4eb746ea3e4061cb9b95b6294c5fee36e7e7a80793b96f9bb5145ef294df672a81f7b1314764e967f736d1f8514365d40c33a7f74a1119a0ce4ebb81777058b57aaf888b487b00d2e5f77111bc4c5f8fcb364db12331f25f59c00d384a329392290786ba8570ac1f41572b2bb7f6ed5d99349856ebde1673fa57cab1f562f74b9410405d6f523fe5a44a84ebba22f363bf8938dff18e4abaff06f2744a0ecd05470d7e96d319ac530281fbc274c',
    'https://storage.googleapis.com/kagglesdsdata/datasets/7399389/11785112/food-101/food-101/images/filet_mignon/1007877.jpg?X-Goog-Algorithm=GOOG4-RSA-SHA256&X-Goog-Credential=databundle-worker-v2%40kaggle-161607.iam.gserviceaccount.com%2F20250607%2Fauto%2Fstorage%2Fgoog4_request&X-Goog-Date=20250607T140933Z&X-Goog-Expires=345600&X-Goog-SignedHeaders=host&X-Goog-Signature=9dd88aea146e5c84c8d58676c35768662b0364ade2cc10dd10e9101f3821d1052c4fd4ad694e3f0f7e989273858d66688d941bea8ca1adae629ce87818613a323cfa04e36be74bd9ed8c607c0487fd436acfc4eb746ea3e4061cb9b95b6294c5fee36e7e7a80793b96f9bb5145ef294df672a81f7b1314764e967f736d1f8514365d40c33a7f74a1119a0ce4ebb81777058b57aaf888b487b00d2e5f77111bc4c5f8fcb364db12331f25f59c00d384a329392290786ba8570ac1f41572b2bb7f6ed5d99349856ebde1673fa57cab1f562f74b9410405d6f523fe5a44a84ebba22f363bf8938dff18e4abaff06f2744a0ecd05470d7e96d319ac530281fbc274c',
    'train'
);

INSERT INTO Food_Ingredient (FoodID, Ingredient)
VALUES ('f101_0039', N'2 (8-ounce) filet mignon steaks');

INSERT INTO Food_Ingredient (FoodID, Ingredient)
VALUES ('f101_0039', N'2 teaspoons kosher salt');

INSERT INTO Food_Ingredient (FoodID, Ingredient)
VALUES ('f101_0039', N'1 teaspoon freshly ground black pepper');

INSERT INTO Food_Ingredient (FoodID, Ingredient)
VALUES ('f101_0039', N'2 tablespoons olive oil');

INSERT INTO Food_Ingredient (FoodID, Ingredient)
VALUES ('f101_0039', N'2 tablespoons unsalted butter');

INSERT INTO Food_Ingredient (FoodID, Ingredient)
VALUES ('f101_0039', N'2 cloves garlic, crushed');

INSERT INTO Food_Ingredient (FoodID, Ingredient)
VALUES ('f101_0039', N'2 sprigs fresh rosemary');

INSERT INTO Food_Ingredient (FoodID, Ingredient)
VALUES ('f101_0039', N'2 sprigs fresh thyme');

INSERT INTO Food (FoodID, Title, Description, Calories, Instructions, ImageURL, SourceURL, Partition)
VALUES (
    'f101_0040',
    N'Fish And Chips',
    N'Fish and Chips is a beloved British classic featuring flaky, white fish like cod or haddock, coated in a crisp, golden batter and fried to perfection, served alongside thick-cut, crunchy potato fries, often accompanied by a tangy tartar sauce and a sprinkle of malt vinegar for a hearty, satisfying meal.',
    688,
    N'1. Set aside 2 tablespoons of all-purpose flour. In a large bowl, mix the remaining 5 tablespoons flour with cornstarch and baking powder. Season lightly with salt and pepper. 2. Whisk in the cold beer and sparkling water until the batter is smooth. Let it rest while preparing the chips. 3. Rinse the cut potatoes in cold water and pat them dry with a clean towel. 4. Heat vegetable oil in a deep fryer or large pot to 320°F (160°C). Fry the potatoes in batches for about 2-3 minutes until soft but not colored. Remove and drain on paper towels. 5. Increase the oil temperature to 375°F (190°C). 6. Lightly coat the fish fillets with the reserved flour, then dip them into the batter, allowing excess to drip off. 7. Carefully lower the battered fish into the hot oil and fry for 4-5 minutes until golden brown and crispy. Remove and drain on paper towels. 8. Return the pre-fried chips to the hot oil and fry for an additional 2-3 minutes until golden and crispy. Remove and drain. 9. Season the fish and chips with salt and serve immediately with malt vinegar or tartar sauce. 10. This recipe yields 4 servings.',
    'https://storage.googleapis.com/kagglesdsdata/datasets/7399389/11785112/food-101/food-101/images/fish_and_chips/1003726.jpg?X-Goog-Algorithm=GOOG4-RSA-SHA256&X-Goog-Credential=databundle-worker-v2%40kaggle-161607.iam.gserviceaccount.com%2F20250607%2Fauto%2Fstorage%2Fgoog4_request&X-Goog-Date=20250607T140959Z&X-Goog-Expires=345600&X-Goog-SignedHeaders=host&X-Goog-Signature=ba22ba03628b0bf87b77fbf09c4b9154400cddfdaa0c042ed1462c3e00b83ba48d03a70b6018fabd4c1f36fc629b47073822fc7417a8585f76dea0968702cb4042d6cfb41c43e05bbdfc5039b5b743d786e0339cbae1d9eeb91d37068dd3ac56261350e4e2a8d7332851537f5fc75a6c9bc5250f4412acbebdec1920f8701847114d0a846317bc92003536ef80cc225fe57d1b3a1a7a792e40d52fa60f957ce383af8a96251d85de27c6dbb66d574afd6b9c1cf6690fd3e8172ee557e7cb18b5479373f4b49689b89ec82308ac2e3b952d93596c6994e7b8b83d19368a7a0f42189e111a91a95a5dc982922b9e12762710aaeccf453a2a045d210e0ff09e562d',
    'https://storage.googleapis.com/kagglesdsdata/datasets/7399389/11785112/food-101/food-101/images/fish_and_chips/1003726.jpg?X-Goog-Algorithm=GOOG4-RSA-SHA256&X-Goog-Credential=databundle-worker-v2%40kaggle-161607.iam.gserviceaccount.com%2F20250607%2Fauto%2Fstorage%2Fgoog4_request&X-Goog-Date=20250607T140959Z&X-Goog-Expires=345600&X-Goog-SignedHeaders=host&X-Goog-Signature=ba22ba03628b0bf87b77fbf09c4b9154400cddfdaa0c042ed1462c3e00b83ba48d03a70b6018fabd4c1f36fc629b47073822fc7417a8585f76dea0968702cb4042d6cfb41c43e05bbdfc5039b5b743d786e0339cbae1d9eeb91d37068dd3ac56261350e4e2a8d7332851537f5fc75a6c9bc5250f4412acbebdec1920f8701847114d0a846317bc92003536ef80cc225fe57d1b3a1a7a792e40d52fa60f957ce383af8a96251d85de27c6dbb66d574afd6b9c1cf6690fd3e8172ee557e7cb18b5479373f4b49689b89ec82308ac2e3b952d93596c6994e7b8b83d19368a7a0f42189e111a91a95a5dc982922b9e12762710aaeccf453a2a045d210e0ff09e562d',
    'train'
);

INSERT INTO Food_Ingredient (FoodID, Ingredient)
VALUES ('f101_0040', N'4 (7-ounce) thick white fish fillets (e.g., cod or haddock)');

INSERT INTO Food_Ingredient (FoodID, Ingredient)
VALUES ('f101_0040', N'7 tablespoons all-purpose flour, divided');

INSERT INTO Food_Ingredient (FoodID, Ingredient)
VALUES ('f101_0040', N'7 tablespoons cornstarch');

INSERT INTO Food_Ingredient (FoodID, Ingredient)
VALUES ('f101_0040', N'1 teaspoon baking powder');

INSERT INTO Food_Ingredient (FoodID, Ingredient)
VALUES ('f101_0040', N'Fine salt, to taste');

INSERT INTO Food_Ingredient (FoodID, Ingredient)
VALUES ('f101_0040', N'Freshly ground black pepper, to taste');

INSERT INTO Food_Ingredient (FoodID, Ingredient)
VALUES ('f101_0040', N'1/3 cup cold dark beer');

INSERT INTO Food_Ingredient (FoodID, Ingredient)
VALUES ('f101_0040', N'1/3 cup cold sparkling water');

INSERT INTO Food_Ingredient (FoodID, Ingredient)
VALUES ('f101_0040', N'2 pounds potatoes, peeled and cut into thick fries');

INSERT INTO Food_Ingredient (FoodID, Ingredient)
VALUES ('f101_0040', N'Vegetable oil, for frying');

INSERT INTO Food (FoodID, Title, Description, Calories, Instructions, ImageURL, SourceURL, Partition)
VALUES (
    'f101_0041',
    N'Foie Gras',
    N'Foie Gras is a luxurious French delicacy featuring silky, buttery duck or goose liver, expertly seared or prepared as a smooth pâté, offering a rich, melt-in-your-mouth flavor, often served with toasted brioche, a sweet fruit chutney, or a drizzle of balsamic reduction for an indulgent, elegant experience.',
    352,
    N'1. Cut the country bread into rounds using a biscuit cutter. 2. In a small bowl, combine halved figs, cognac, honey, thyme, salt, and pepper. Let marinate for at least 15 minutes. 3. Score the foie gras slices with a crisscross pattern and season with salt and pepper. 4. Heat a dry cast-iron skillet over high heat. Sear the foie gras slices for 30-60 seconds per side until golden brown. Remove and place on paper towels. 5. Quickly toast the bread rounds in the same pan for 30-45 seconds per side. 6. Place the figs cut-side down in the pan. After a minute, add the marinade and cook until the figs are caramelized and the sauce thickens. 7. Assemble by placing toasted bread on plates, topping with foie gras slices, and arranging caramelized figs around. Drizzle with the sauce and garnish with minced chives. 8. This recipe yields 2 servings.',
    'https://storage.googleapis.com/kagglesdsdata/datasets/7399389/11785112/food-101/food-101/images/foie_gras/1023512.jpg?X-Goog-Algorithm=GOOG4-RSA-SHA256&X-Goog-Credential=databundle-worker-v2%40kaggle-161607.iam.gserviceaccount.com%2F20250607%2Fauto%2Fstorage%2Fgoog4_request&X-Goog-Date=20250607T141032Z&X-Goog-Expires=345600&X-Goog-SignedHeaders=host&X-Goog-Signature=7c76bc994a3d97c3a37368bef9097ee10baa86cc4fe40c32bcfd93de962edd0e6504b2f75ceb8eb6592e24b54aed57048da9b22c39d8ee8b983fc9ac09bcc927e5b4cc5febb1f58b0335e16172248431a401120171378e1664b94423c4b5a29889c83764a136c33348ed17c021e5e75771ae79b5496da12e66a4f186c16977153acfd27adc28b4a586a61df070f1ebe80503b7e20245462f0961793aa511f8084b450d17cc1aea26e16e8f5687299bcfedaa7a883b5cb0c33f96e69a5a5ca2731b527718d51cdd75fe79c61ea3487d43767a72e0d96ca72e3972af76f02b63fb7588e3f0d739ff02dfe7e584dc70f781dc360511254176730d9ecd9873e8d684',
    'https://storage.googleapis.com/kagglesdsdata/datasets/7399389/11785112/food-101/food-101/images/foie_gras/1023512.jpg?X-Goog-Algorithm=GOOG4-RSA-SHA256&X-Goog-Credential=databundle-worker-v2%40kaggle-161607.iam.gserviceaccount.com%2F20250607%2Fauto%2Fstorage%2Fgoog4_request&X-Goog-Date=20250607T141032Z&X-Goog-Expires=345600&X-Goog-SignedHeaders=host&X-Goog-Signature=7c76bc994a3d97c3a37368bef9097ee10baa86cc4fe40c32bcfd93de962edd0e6504b2f75ceb8eb6592e24b54aed57048da9b22c39d8ee8b983fc9ac09bcc927e5b4cc5febb1f58b0335e16172248431a401120171378e1664b94423c4b5a29889c83764a136c33348ed17c021e5e75771ae79b5496da12e66a4f186c16977153acfd27adc28b4a586a61df070f1ebe80503b7e20245462f0961793aa511f8084b450d17cc1aea26e16e8f5687299bcfedaa7a883b5cb0c33f96e69a5a5ca2731b527718d51cdd75fe79c61ea3487d43767a72e0d96ca72e3972af76f02b63fb7588e3f0d739ff02dfe7e584dc70f781dc360511254176730d9ecd9873e8d684',
    'train'
);

INSERT INTO Food_Ingredient (FoodID, Ingredient)
VALUES ('f101_0041', N'2 slices grade A foie gras (approximately 3 ounces each)');

INSERT INTO Food_Ingredient (FoodID, Ingredient)
VALUES ('f101_0041', N'2 slices country bread, cut into rounds');

INSERT INTO Food_Ingredient (FoodID, Ingredient)
VALUES ('f101_0041', N'3 fresh figs, halved');

INSERT INTO Food_Ingredient (FoodID, Ingredient)
VALUES ('f101_0041', N'1/3 cup cognac');

INSERT INTO Food_Ingredient (FoodID, Ingredient)
VALUES ('f101_0041', N'1/2 tablespoon honey');

INSERT INTO Food_Ingredient (FoodID, Ingredient)
VALUES ('f101_0041', N'1/2 tablespoon minced chives');

INSERT INTO Food_Ingredient (FoodID, Ingredient)
VALUES ('f101_0041', N'1/2 teaspoon minced thyme');

INSERT INTO Food_Ingredient (FoodID, Ingredient)
VALUES ('f101_0041', N'1/2 teaspoon salt');

INSERT INTO Food_Ingredient (FoodID, Ingredient)
VALUES ('f101_0041', N'1/4 teaspoon black pepper');

INSERT INTO Food (FoodID, Title, Description, Calories, Instructions, ImageURL, SourceURL, Partition)
VALUES (
    'f101_0042',
    N'French Fries',
    N'Foie Gras is a luxurious French delicacy featuring silky, buttery duck or goose liver, expertly seared or prepared as a smooth pâté, offering a rich, melt-in-your-mouth flavor, often served with toasted brioche, a sweet fruit chutney, or a drizzle of balsamic reduction for an indulgent, elegant experience.',
    175,
    N'1. Peel the potatoes and cut them into 1/4-inch thick sticks. 2. Place the cut potatoes in a bowl of cold water and soak for at least 30 minutes to remove excess starch. 3. Drain the potatoes and pat them dry thoroughly with paper towels. 4. Preheat the oven to 450°F (230°C). 5. In a large bowl, toss the dried potato sticks with vegetable oil and salt until evenly coated. 6. Arrange the potatoes in a single layer on a baking sheet lined with parchment paper. 7. Bake in the preheated oven for 25-30 minutes, flipping halfway through, until golden brown and crispy. 8. Remove from the oven and season with additional salt if desired. 9. This recipe yields 2 servings.',
    'https://storage.googleapis.com/kagglesdsdata/datasets/7399389/11785112/food-101/food-101/images/french_fries/1009455.jpg?X-Goog-Algorithm=GOOG4-RSA-SHA256&X-Goog-Credential=databundle-worker-v2%40kaggle-161607.iam.gserviceaccount.com%2F20250607%2Fauto%2Fstorage%2Fgoog4_request&X-Goog-Date=20250607T141130Z&X-Goog-Expires=345600&X-Goog-SignedHeaders=host&X-Goog-Signature=915c292fa9acfcda522784db078d1c70a70a44403dc796ac65601107a2df616fc0288271244dd68ef38cee69b0f1d86e1bbad2143a02354abeb1776d2947f4390c0936dcadaf20086b9427277914a23bff8418718cc6818683556ed4e98324acc8b1e570750f13b4a4047c46a074845ef56c097169f74373063d5f9b28b76c3eb2312063df9787fcbbdf7d0f995598b0320cbb67486dc9b282cf23bb7b31bb3010e93d3947b8fa3002284b34b1bcc9335edf7d1432d45c601e5765933ecc72c067711018ac729887aa525b58d29c06e64984b08ea4453fde70ddda232880eab2fb362a56bf0dae6db39be6dec3dd104e4d2b1d3a9fd6ca72a103ce635c5b711c',
    'https://storage.googleapis.com/kagglesdsdata/datasets/7399389/11785112/food-101/food-101/images/french_fries/1009455.jpg?X-Goog-Algorithm=GOOG4-RSA-SHA256&X-Goog-Credential=databundle-worker-v2%40kaggle-161607.iam.gserviceaccount.com%2F20250607%2Fauto%2Fstorage%2Fgoog4_request&X-Goog-Date=20250607T141130Z&X-Goog-Expires=345600&X-Goog-SignedHeaders=host&X-Goog-Signature=915c292fa9acfcda522784db078d1c70a70a44403dc796ac65601107a2df616fc0288271244dd68ef38cee69b0f1d86e1bbad2143a02354abeb1776d2947f4390c0936dcadaf20086b9427277914a23bff8418718cc6818683556ed4e98324acc8b1e570750f13b4a4047c46a074845ef56c097169f74373063d5f9b28b76c3eb2312063df9787fcbbdf7d0f995598b0320cbb67486dc9b282cf23bb7b31bb3010e93d3947b8fa3002284b34b1bcc9335edf7d1432d45c601e5765933ecc72c067711018ac729887aa525b58d29c06e64984b08ea4453fde70ddda232880eab2fb362a56bf0dae6db39be6dec3dd104e4d2b1d3a9fd6ca72a103ce635c5b711c',
    'train'
);

INSERT INTO Food_Ingredient (FoodID, Ingredient)
VALUES ('f101_0042', N'2 large russet potatoes (about 1 pound total)');

INSERT INTO Food_Ingredient (FoodID, Ingredient)
VALUES ('f101_0042', N'2 tablespoons vegetable oil');

INSERT INTO Food_Ingredient (FoodID, Ingredient)
VALUES ('f101_0042', N'1/2 teaspoon salt (or to taste)');

INSERT INTO Food (FoodID, Title, Description, Calories, Instructions, ImageURL, SourceURL, Partition)
VALUES (
    'f101_0043',
    N'French Onion Soup',
    N'French Onion Soup is a comforting French classic featuring a rich, savory beef broth infused with caramelized onions, simmered to perfection and topped with a crusty baguette slice and a generous layer of melted Gruyère cheese, baked until golden and bubbly for a warm, soul-satisfying dish.',
    642,
    N'1. In a large Dutch oven or soup pot, melt the butter over medium heat. Add the oil, onions, salt, pepper, and sugar. Cook, uncovered, stirring occasionally, until onions are deep golden brown and caramelized, about 45 to 55 minutes. 2. Add the wine and raise the heat to high. Cook, stirring to scrape any fond from the bottom of the pan, until almost all of the liquid has evaporated and the onions are jammy, about 8 to 10 minutes. 3. Add the flour and cook, stirring constantly, for one minute. 4. Add the broth, Worcestershire sauce, thyme, and bay leaves to the pot. Bring to a boil, reduce the heat to a simmer, and cook, covered, for about 30 minutes. 5. While the soup simmers, preheat the oven to 400°F (200°C). Arrange the baguette slices in a single layer on a baking sheet and bake until the bread is dry, crisp, and golden at the edges, about 10 minutes. Set aside. 6. When the soup is finished, remove the bay leaves and taste for seasoning. Adjust if necessary. 7. Preheat the broiler. Place oven-proof bowls on a baking sheet. Fill them with hot soup, top each with 1 or 2 baguette slices, and sprinkle evenly with Gruyère and Parmigiano Reggiano. 8. Broil until the cheese is melted and bubbly around the edges, 3 to 5 minutes. Let the bowls cool for a few minutes before serving. 9. This recipe yields 6 servings.',
    'https://storage.googleapis.com/kagglesdsdata/datasets/7399389/11785112/food-101/food-101/images/french_onion_soup/1033245.jpg?X-Goog-Algorithm=GOOG4-RSA-SHA256&X-Goog-Credential=databundle-worker-v2%40kaggle-161607.iam.gserviceaccount.com%2F20250607%2Fauto%2Fstorage%2Fgoog4_request&X-Goog-Date=20250607T141158Z&X-Goog-Expires=345600&X-Goog-SignedHeaders=host&X-Goog-Signature=5e256cecd56f6aea799a9101b35d68c2c1f0efe1ebd060291f8c4acad6aac4d6a8f7d87f35fa566b6d7b9ee898dc8b9ad06d8e62e685e6fcea9a0b745103f32df756bcf0b98a97c9dbb8ab13d58406831e11fa5d52e992ec8248ef94aa099c8e1ffe014b0439b86cb5b58d55c3beb42cf090eb03e470ff95ee0be54d3f45841bba1e2ea7e28355ae85e7e2008e2bf93f697a6692168d02f84f8f4e49edaa171f46d01167697705fff3be7d9e8d001848c0d042857d0f7b83013c7be2c05fce53ee41b79133671bf5c2d97625a821384f7b9b5d378ccb00056d76cd153adcafeead32241daacfd81843b292f493c798611d9939590b861710f3b99c27a35ad622',
    'https://storage.googleapis.com/kagglesdsdata/datasets/7399389/11785112/food-101/food-101/images/french_onion_soup/1033245.jpg?X-Goog-Algorithm=GOOG4-RSA-SHA256&X-Goog-Credential=databundle-worker-v2%40kaggle-161607.iam.gserviceaccount.com%2F20250607%2Fauto%2Fstorage%2Fgoog4_request&X-Goog-Date=20250607T141158Z&X-Goog-Expires=345600&X-Goog-SignedHeaders=host&X-Goog-Signature=5e256cecd56f6aea799a9101b35d68c2c1f0efe1ebd060291f8c4acad6aac4d6a8f7d87f35fa566b6d7b9ee898dc8b9ad06d8e62e685e6fcea9a0b745103f32df756bcf0b98a97c9dbb8ab13d58406831e11fa5d52e992ec8248ef94aa099c8e1ffe014b0439b86cb5b58d55c3beb42cf090eb03e470ff95ee0be54d3f45841bba1e2ea7e28355ae85e7e2008e2bf93f697a6692168d02f84f8f4e49edaa171f46d01167697705fff3be7d9e8d001848c0d042857d0f7b83013c7be2c05fce53ee41b79133671bf5c2d97625a821384f7b9b5d378ccb00056d76cd153adcafeead32241daacfd81843b292f493c798611d9939590b861710f3b99c27a35ad622',
    'train'
);

INSERT INTO Food_Ingredient (FoodID, Ingredient)
VALUES ('f101_0043', N'4 tablespoons unsalted butter');

INSERT INTO Food_Ingredient (FoodID, Ingredient)
VALUES ('f101_0043', N'1 tablespoon vegetable oil');

INSERT INTO Food_Ingredient (FoodID, Ingredient)
VALUES ('f101_0043', N'3 pounds Vidalia (or sweet) onions, halved lengthwise and thinly sliced');

INSERT INTO Food_Ingredient (FoodID, Ingredient)
VALUES ('f101_0043', N'3/4 teaspoon salt');

INSERT INTO Food_Ingredient (FoodID, Ingredient)
VALUES ('f101_0043', N'1/2 teaspoon freshly ground black pepper');

INSERT INTO Food_Ingredient (FoodID, Ingredient)
VALUES ('f101_0043', N'3/4 teaspoon granulated sugar');

INSERT INTO Food_Ingredient (FoodID, Ingredient)
VALUES ('f101_0043', N'1 cup dry white wine');

INSERT INTO Food_Ingredient (FoodID, Ingredient)
VALUES ('f101_0043', N'2 tablespoons all-purpose flour');

INSERT INTO Food_Ingredient (FoodID, Ingredient)
VALUES ('f101_0043', N'6 cups beef broth');

INSERT INTO Food_Ingredient (FoodID, Ingredient)
VALUES ('f101_0043', N'1 teaspoon Worcestershire sauce');

INSERT INTO Food_Ingredient (FoodID, Ingredient)
VALUES ('f101_0043', N'1/2 teaspoon dried thyme');

INSERT INTO Food_Ingredient (FoodID, Ingredient)
VALUES ('f101_0043', N'2 bay leaves');

INSERT INTO Food_Ingredient (FoodID, Ingredient)
VALUES ('f101_0043', N'1 small baguette, cut into 1/2-inch slices');

INSERT INTO Food_Ingredient (FoodID, Ingredient)
VALUES ('f101_0043', N'8 ounces Gruyère cheese, grated');

INSERT INTO Food_Ingredient (FoodID, Ingredient)
VALUES ('f101_0043', N'1/2 cup grated Parmigiano Reggiano');

INSERT INTO Food (FoodID, Title, Description, Calories, Instructions, ImageURL, SourceURL, Partition)
VALUES (
    'f101_0044',
    N'French Toast',
    N'French Toast is a delightful breakfast classic featuring thick slices of bread soaked in a sweet custard of eggs, milk, and vanilla, griddled to golden perfection, and dusted with powdered sugar, often served with a drizzle of maple syrup and fresh berries for a warm, comforting treat.',
    310,
    N'1. In a large mixing bowl, whisk together the eggs, milk, sugar, vanilla extract, cinnamon, and salt until well combined. 2. Heat a skillet or griddle over medium heat and add 1 tablespoon of butter. 3. Dip each slice of bread into the egg mixture, ensuring both sides are well coated. 4. Place the soaked bread slices onto the skillet and cook until golden brown, approximately 2-3 minutes per side. 5. Repeat the process with the remaining bread slices, adding more butter to the skillet as needed. 6. Serve the French toast hot with your choice of toppings such as maple syrup, fresh fruit, or powdered sugar. 7. This recipe yields 4 servings.',
    'https://storage.googleapis.com/kagglesdsdata/datasets/7399389/11785112/food-101/food-101/images/french_toast/1057911.jpg?X-Goog-Algorithm=GOOG4-RSA-SHA256&X-Goog-Credential=databundle-worker-v2%40kaggle-161607.iam.gserviceaccount.com%2F20250607%2Fauto%2Fstorage%2Fgoog4_request&X-Goog-Date=20250607T141344Z&X-Goog-Expires=345600&X-Goog-SignedHeaders=host&X-Goog-Signature=b04b8e6f3267f31f84d8ff9ea34cc75a7885c35a33f16af2afa2ef495e7e78f2d7f91df9a5b480c6b67f81a70f519675b6d0d7fc64ae138aeca6deadb40f356413a0722e7589553eca7b9873e11e2cdfafb0777e56965a566fd2944aa06dbbfc613d3fca8897f5fbbb25ee3c7769326d4e3c60ce415e6b6e7fbe80e59c7fcbf66d52ba45a1eb7d4385ed17e988951737bfda3120eef94abe4ffd685c5c4f3fd4ee92d072578864436c921770e5026990337373979f39dbca01b6f695bd6d7ae0beedab8187b70dca84d3cbef619f50eb86136a91d425fe7e0ed7f48a130d7b649342dce0c5f935d13177fc245fbe4e7a7503599fe228286ed2857b554359254e',
    'https://storage.googleapis.com/kagglesdsdata/datasets/7399389/11785112/food-101/food-101/images/french_toast/1057911.jpg?X-Goog-Algorithm=GOOG4-RSA-SHA256&X-Goog-Credential=databundle-worker-v2%40kaggle-161607.iam.gserviceaccount.com%2F20250607%2Fauto%2Fstorage%2Fgoog4_request&X-Goog-Date=20250607T141344Z&X-Goog-Expires=345600&X-Goog-SignedHeaders=host&X-Goog-Signature=b04b8e6f3267f31f84d8ff9ea34cc75a7885c35a33f16af2afa2ef495e7e78f2d7f91df9a5b480c6b67f81a70f519675b6d0d7fc64ae138aeca6deadb40f356413a0722e7589553eca7b9873e11e2cdfafb0777e56965a566fd2944aa06dbbfc613d3fca8897f5fbbb25ee3c7769326d4e3c60ce415e6b6e7fbe80e59c7fcbf66d52ba45a1eb7d4385ed17e988951737bfda3120eef94abe4ffd685c5c4f3fd4ee92d072578864436c921770e5026990337373979f39dbca01b6f695bd6d7ae0beedab8187b70dca84d3cbef619f50eb86136a91d425fe7e0ed7f48a130d7b649342dce0c5f935d13177fc245fbe4e7a7503599fe228286ed2857b554359254e',
    'train'
);

INSERT INTO Food_Ingredient (FoodID, Ingredient)
VALUES ('f101_0044', N'4 large eggs');

INSERT INTO Food_Ingredient (FoodID, Ingredient)
VALUES ('f101_0044', N'1 cup milk');

INSERT INTO Food_Ingredient (FoodID, Ingredient)
VALUES ('f101_0044', N'1 tablespoon granulated sugar');

INSERT INTO Food_Ingredient (FoodID, Ingredient)
VALUES ('f101_0044', N'1 teaspoon vanilla extract');

INSERT INTO Food_Ingredient (FoodID, Ingredient)
VALUES ('f101_0044', N'1/2 teaspoon ground cinnamon');

INSERT INTO Food_Ingredient (FoodID, Ingredient)
VALUES ('f101_0044', N'1/4 teaspoon salt');

INSERT INTO Food_Ingredient (FoodID, Ingredient)
VALUES ('f101_0044', N'8 slices of thick-cut bread (e.g., brioche or challah)');

INSERT INTO Food_Ingredient (FoodID, Ingredient)
VALUES ('f101_0044', N'2 tablespoons unsalted butter');

INSERT INTO Food (FoodID, Title, Description, Calories, Instructions, ImageURL, SourceURL, Partition)
VALUES (
    'f101_0045',
    N'Fried Calamari',
    N'Fried Calamari is a crispy, coastal favorite featuring tender squid rings and tentacles lightly battered and fried to a golden crunch, served with a zesty marinara sauce or creamy aioli for dipping, often garnished with a squeeze of fresh lemon for a delightful, savory appetizer.',
    227,
    N'1. Place the sliced calamari in a bowl with the buttermilk and 1 teaspoon of kosher salt. Stir to combine and refrigerate for 30 minutes to tenderize. 2. In a separate bowl, whisk together the flour, cornstarch, baking powder, dried oregano, black pepper, and cayenne pepper. 3. Remove the calamari from the buttermilk, allowing excess to drip off. Dredge the calamari in the flour mixture until well coated. 4. Heat vegetable oil in a deep fryer or large pot to 350°F (175°C). 5. Fry the calamari in batches for 2-3 minutes until golden brown and crispy. Do not overcrowd the pan. 6. Remove the fried calamari with a slotted spoon and drain on paper towels. 7. Serve immediately with lemon wedges and your choice of dipping sauce. 8. This recipe yields 4 servings.',
    'https://storage.googleapis.com/kagglesdsdata/datasets/7399389/11785112/food-101/food-101/images/fried_calamari/1021613.jpg?X-Goog-Algorithm=GOOG4-RSA-SHA256&X-Goog-Credential=databundle-worker-v2%40kaggle-161607.iam.gserviceaccount.com%2F20250607%2Fauto%2Fstorage%2Fgoog4_request&X-Goog-Date=20250607T141455Z&X-Goog-Expires=345600&X-Goog-SignedHeaders=host&X-Goog-Signature=a88e7bb3c9a377ce315c0c1114a685ed0a9ae19ec640e4a6278a9a0612aa5dace857453ca8560d55a0d2f2caa189f54e557887a0bd9d40cd239b8eaaea31e4e2953b83fd243354b01ea23f3aa82bdaf30c6fc12304df454b551177471e75cacb34d7b058b4725324369dff646f642c865e7b0167a1fe0af072e7e95bac5eaabeb789ec9e3866bb418fab6c664be03481e39f37ef500fb86019cfdc4dd852e689b0793862feb0a13641de097764e6504d2afce4dc32b93246d9444481bb962064a0d0f6468f858a755ddb2546be7a4846c5f1a65275d9281f003f1acf7dd2c74043e4e3573bc1e60a98fd28c1037f296b3b27db76ed7019e750fa3d40b0964503',
    'https://storage.googleapis.com/kagglesdsdata/datasets/7399389/11785112/food-101/food-101/images/fried_calamari/1021613.jpg?X-Goog-Algorithm=GOOG4-RSA-SHA256&X-Goog-Credential=databundle-worker-v2%40kaggle-161607.iam.gserviceaccount.com%2F20250607%2Fauto%2Fstorage%2Fgoog4_request&X-Goog-Date=20250607T141455Z&X-Goog-Expires=345600&X-Goog-SignedHeaders=host&X-Goog-Signature=a88e7bb3c9a377ce315c0c1114a685ed0a9ae19ec640e4a6278a9a0612aa5dace857453ca8560d55a0d2f2caa189f54e557887a0bd9d40cd239b8eaaea31e4e2953b83fd243354b01ea23f3aa82bdaf30c6fc12304df454b551177471e75cacb34d7b058b4725324369dff646f642c865e7b0167a1fe0af072e7e95bac5eaabeb789ec9e3866bb418fab6c664be03481e39f37ef500fb86019cfdc4dd852e689b0793862feb0a13641de097764e6504d2afce4dc32b93246d9444481bb962064a0d0f6468f858a755ddb2546be7a4846c5f1a65275d9281f003f1acf7dd2c74043e4e3573bc1e60a98fd28c1037f296b3b27db76ed7019e750fa3d40b0964503',
    'train'
);

INSERT INTO Food_Ingredient (FoodID, Ingredient)
VALUES ('f101_0045', N'1 pound calamari tubes and tentacles, cleaned and sliced into 3/4-inch rings');

INSERT INTO Food_Ingredient (FoodID, Ingredient)
VALUES ('f101_0045', N'1 cup buttermilk');

INSERT INTO Food_Ingredient (FoodID, Ingredient)
VALUES ('f101_0045', N'1 1/2 cups all-purpose flour');

INSERT INTO Food_Ingredient (FoodID, Ingredient)
VALUES ('f101_0045', N'1/3 cup cornstarch');

INSERT INTO Food_Ingredient (FoodID, Ingredient)
VALUES ('f101_0045', N'1/2 teaspoon baking powder');

INSERT INTO Food_Ingredient (FoodID, Ingredient)
VALUES ('f101_0045', N'3/4 teaspoon dried oregano');

INSERT INTO Food_Ingredient (FoodID, Ingredient)
VALUES ('f101_0045', N'1/2 teaspoon black pepper');

INSERT INTO Food_Ingredient (FoodID, Ingredient)
VALUES ('f101_0045', N'1/2 teaspoon cayenne pepper');

INSERT INTO Food_Ingredient (FoodID, Ingredient)
VALUES ('f101_0045', N'1 teaspoon kosher salt');

INSERT INTO Food_Ingredient (FoodID, Ingredient)
VALUES ('f101_0045', N'Vegetable oil for frying');

INSERT INTO Food_Ingredient (FoodID, Ingredient)
VALUES ('f101_0045', N'Lemon wedges, for serving');

INSERT INTO Food (FoodID, Title, Description, Calories, Instructions, ImageURL, SourceURL, Partition)
VALUES (
    'f101_0046',
    N'Fried Rice',
    N'Fried Rice is a flavorful Asian staple featuring fragrant, stir-fried rice tossed with tender vegetables, scrambled egg, and savory proteins like chicken or shrimp, seasoned with soy sauce and a hint of sesame oil, often garnished with green onions for a vibrant, satisfying dish.',
    501,
    N'1. Heat 1 tablespoon of vegetable oil in a large wok or skillet over medium-high heat. 2. Pour in the beaten eggs and scramble until just set. Remove the eggs from the pan and set aside. 3. Add the remaining 1 tablespoon of vegetable oil to the pan. 4. Add the cooked jasmine rice to the pan, breaking up any clumps, and stir-fry for 2-3 minutes until heated through. 5. Return the scrambled eggs to the pan and mix with the rice. 6. Add the soy sauce and sesame oil, pouring them along the edges of the pan to enhance flavor, and stir-fry until the rice is evenly coated and lightly browned. 7. Stir in the chopped green onion and cook for an additional 1 minute. 8. Serve hot. 9. This recipe yields 2 servings.',
    'https://storage.googleapis.com/kagglesdsdata/datasets/7399389/11785112/food-101/food-101/images/fried_rice/1043233.jpg?X-Goog-Algorithm=GOOG4-RSA-SHA256&X-Goog-Credential=databundle-worker-v2%40kaggle-161607.iam.gserviceaccount.com%2F20250607%2Fauto%2Fstorage%2Fgoog4_request&X-Goog-Date=20250607T141542Z&X-Goog-Expires=345600&X-Goog-SignedHeaders=host&X-Goog-Signature=4d5834e9c0bcf341c3c4d192650fb793932d75bb779e35a082bd732e54a4da9ef14bc17c7e8702f02f1dd4005e345eac8c8701ed6d562783e4625b27d7f9101d57a1127199e076ab6dd8c9218d7dc07b5b926bd8908a4ca402a750986c0d00774a7555b938c812c8af89a2aeb6c54f43475b43139ec9c9f6005910e8cd3b1e9c9f61e2ea7b6feaf2edc5470c1752de2adbfdea5329d7958ee870121ab2b16496303a82fad5aab32fdc2b78d00faaf1302aa7e39883fdeb9d03cdf9c19be03333f2169997ac2cf55bdc3866a0abda872e4d540e6c0a7293e6d50f256c371b0638383dcced752ffe6517a1cc97dd76ed81c6bffd421c4ee70aec3d6b0213130942',
    'https://storage.googleapis.com/kagglesdsdata/datasets/7399389/11785112/food-101/food-101/images/fried_rice/1043233.jpg?X-Goog-Algorithm=GOOG4-RSA-SHA256&X-Goog-Credential=databundle-worker-v2%40kaggle-161607.iam.gserviceaccount.com%2F20250607%2Fauto%2Fstorage%2Fgoog4_request&X-Goog-Date=20250607T141542Z&X-Goog-Expires=345600&X-Goog-SignedHeaders=host&X-Goog-Signature=4d5834e9c0bcf341c3c4d192650fb793932d75bb779e35a082bd732e54a4da9ef14bc17c7e8702f02f1dd4005e345eac8c8701ed6d562783e4625b27d7f9101d57a1127199e076ab6dd8c9218d7dc07b5b926bd8908a4ca402a750986c0d00774a7555b938c812c8af89a2aeb6c54f43475b43139ec9c9f6005910e8cd3b1e9c9f61e2ea7b6feaf2edc5470c1752de2adbfdea5329d7958ee870121ab2b16496303a82fad5aab32fdc2b78d00faaf1302aa7e39883fdeb9d03cdf9c19be03333f2169997ac2cf55bdc3866a0abda872e4d540e6c0a7293e6d50f256c371b0638383dcced752ffe6517a1cc97dd76ed81c6bffd421c4ee70aec3d6b0213130942',
    'train'
);

INSERT INTO Food_Ingredient (FoodID, Ingredient)
VALUES ('f101_0046', N'2 cups cooked jasmine rice (preferably day-old)');

INSERT INTO Food_Ingredient (FoodID, Ingredient)
VALUES ('f101_0046', N'4 large eggs, beaten');

INSERT INTO Food_Ingredient (FoodID, Ingredient)
VALUES ('f101_0046', N'2 tablespoons vegetable oil');

INSERT INTO Food_Ingredient (FoodID, Ingredient)
VALUES ('f101_0046', N'2.5 tablespoons soy sauce');

INSERT INTO Food_Ingredient (FoodID, Ingredient)
VALUES ('f101_0046', N'1/2 tablespoon sesame oil');

INSERT INTO Food_Ingredient (FoodID, Ingredient)
VALUES ('f101_0046', N'1 green onion, finely chopped');

INSERT INTO Food (FoodID, Title, Description, Calories, Instructions, ImageURL, SourceURL, Partition)
VALUES (
    'f101_0047',
    N'Frozen Yogurt',
    N'Frozen Yogurt is a refreshing, tangy dessert featuring creamy, chilled yogurt swirled into a soft, velvety texture, available in a variety of flavors like vanilla, strawberry, or tart original, often topped with fresh fruit, crunchy granola, or sweet drizzles of honey or chocolate for a customizable, guilt-free treat.',
    146,
    N'1. In a food processor, combine the frozen strawberries, frozen bananas, Greek yogurt, extract, honey, sugar, and corn syrup. 2. Blend until the mixture is smooth and creamy. 3. Taste and adjust sweetness if necessary. 4. Transfer the mixture to a freezer-safe container and smooth the top. 5. Press a piece of parchment paper directly onto the surface to prevent ice crystals. 6. Freeze for at least 6 hours or until firm. 7. Before serving, let the frozen yogurt sit at room temperature for a few minutes to soften. 8. This recipe yields 6 servings.',
    'https://storage.googleapis.com/kagglesdsdata/datasets/7399389/11785112/food-101/food-101/images/frozen_yogurt/100093.jpg?X-Goog-Algorithm=GOOG4-RSA-SHA256&X-Goog-Credential=databundle-worker-v2%40kaggle-161607.iam.gserviceaccount.com%2F20250607%2Fauto%2Fstorage%2Fgoog4_request&X-Goog-Date=20250607T141627Z&X-Goog-Expires=345600&X-Goog-SignedHeaders=host&X-Goog-Signature=b27e8a1f220f47b4773452706828723d96ec0df39123b3ffc4c1738a74ce282f7343a4c52484b5bbf89c9b5a05b0d7c2591910a92033a4e1f96782b813051ec2788dafec071fe9121cce6871846ecc6503f0c143c2b34467360438173888899c698d1b00319275e52f11d1cd7e7f6f52524f9aaa282576b7106dc4f39c3b9c454a5598b0cf2eb22258fa0b2498b11d5dd60fb70f900dbedd8ce61c9fece14410e9ead1f0b6224732d5807b722d3aaf719eba79a5d06a756bd6a00083cffc2d36d83c9cba5dfa37c2ae31f0f954913515fe5d47f52acfc76e13359f9c763060536b5b1d0b3dcd544c2242151b4a315ef060796ff3051cabd12004c3da6da128aa',
    'https://storage.googleapis.com/kagglesdsdata/datasets/7399389/11785112/food-101/food-101/images/frozen_yogurt/100093.jpg?X-Goog-Algorithm=GOOG4-RSA-SHA256&X-Goog-Credential=databundle-worker-v2%40kaggle-161607.iam.gserviceaccount.com%2F20250607%2Fauto%2Fstorage%2Fgoog4_request&X-Goog-Date=20250607T141627Z&X-Goog-Expires=345600&X-Goog-SignedHeaders=host&X-Goog-Signature=b27e8a1f220f47b4773452706828723d96ec0df39123b3ffc4c1738a74ce282f7343a4c52484b5bbf89c9b5a05b0d7c2591910a92033a4e1f96782b813051ec2788dafec071fe9121cce6871846ecc6503f0c143c2b34467360438173888899c698d1b00319275e52f11d1cd7e7f6f52524f9aaa282576b7106dc4f39c3b9c454a5598b0cf2eb22258fa0b2498b11d5dd60fb70f900dbedd8ce61c9fece14410e9ead1f0b6224732d5807b722d3aaf719eba79a5d06a756bd6a00083cffc2d36d83c9cba5dfa37c2ae31f0f954913515fe5d47f52acfc76e13359f9c763060536b5b1d0b3dcd544c2242151b4a315ef060796ff3051cabd12004c3da6da128aa',
    'train'
);

INSERT INTO Food_Ingredient (FoodID, Ingredient)
VALUES ('f101_0047', N'4 cups sliced frozen strawberries');

INSERT INTO Food_Ingredient (FoodID, Ingredient)
VALUES ('f101_0047', N'2 cups sliced frozen bananas');

INSERT INTO Food_Ingredient (FoodID, Ingredient)
VALUES ('f101_0047', N'1 cup whole milk Greek yogurt');

INSERT INTO Food_Ingredient (FoodID, Ingredient)
VALUES ('f101_0047', N'2 teaspoons orange or vanilla extract');

INSERT INTO Food_Ingredient (FoodID, Ingredient)
VALUES ('f101_0047', N'4 to 6 tablespoons honey (adjust to taste)');

INSERT INTO Food_Ingredient (FoodID, Ingredient)
VALUES ('f101_0047', N'1/4 cup granulated sugar (optional)');

INSERT INTO Food_Ingredient (FoodID, Ingredient)
VALUES ('f101_0047', N'1 tablespoon corn syrup (optional)');

INSERT INTO Food (FoodID, Title, Description, Calories, Instructions, ImageURL, SourceURL, Partition)
VALUES (
    'f101_0048',
    N'Garlic Bread',
    N'Garlic Bread is a warm, comforting side dish featuring crusty baguette slices slathered with a fragrant blend of butter, fresh garlic, and parsley, baked until golden and crispy, offering a rich, aromatic flavor that pairs perfectly with pasta, soups, or a tangy marinara dipping sauce.',
    163,
    N'1. Preheat the oven to 400°F (200°C). 2. In a bowl, mix together the softened butter, olive oil, minced garlic, garlic powder, chopped parsley, and salt until well combined. 3. Cut the loaf in half lengthwise, then cut each half open horizontally to create four pieces. 4. Place the bread pieces on a baking sheet, cut sides facing up. 5. Spread the garlic butter mixture evenly over the cut sides of the bread. 6. Bake in the preheated oven for 10-15 minutes, or until the edges are golden brown and crispy. 7. Remove from the oven, slice into individual servings, and serve hot. 8. This recipe yields 12 servings.',
    'https://storage.googleapis.com/kagglesdsdata/datasets/7399389/11785112/food-101/food-101/images/garlic_bread/1002226.jpg?X-Goog-Algorithm=GOOG4-RSA-SHA256&X-Goog-Credential=databundle-worker-v2%40kaggle-161607.iam.gserviceaccount.com%2F20250607%2Fauto%2Fstorage%2Fgoog4_request&X-Goog-Date=20250607T141656Z&X-Goog-Expires=345600&X-Goog-SignedHeaders=host&X-Goog-Signature=7fced13bc16107dac21d76bcff5336007b780151e30a7483a1b66e5888941528b62cff46405323dbcc6f6c677b2bd4f5850bd3ae1bb0b62b2632d116f693ca1ff42386d85b44155746e4b4c46e07fb63b3b81dbe8365cf5a444213eabf7a5aa2aeff4af7b902a92417e83d397b06d907f462f3a272d124f0b49cce9ada11f31d1f66262c93a5ae899c347654f71356a127039bf826772ea4467ca71c43eaec79ca8f83ed792f38a93bbad5f78d910c61175c457d47b7ec2a91ac8a40c27e82356e4e71a5854da5e93c617148b47e1bd8efa419e2cbecf538c43e003bb7d116f9d2e39c0a7201922520290499400cd5b1aef1429887ff191dd2a85805f40405a0',
    'https://storage.googleapis.com/kagglesdsdata/datasets/7399389/11785112/food-101/food-101/images/garlic_bread/1002226.jpg?X-Goog-Algorithm=GOOG4-RSA-SHA256&X-Goog-Credential=databundle-worker-v2%40kaggle-161607.iam.gserviceaccount.com%2F20250607%2Fauto%2Fstorage%2Fgoog4_request&X-Goog-Date=20250607T141656Z&X-Goog-Expires=345600&X-Goog-SignedHeaders=host&X-Goog-Signature=7fced13bc16107dac21d76bcff5336007b780151e30a7483a1b66e5888941528b62cff46405323dbcc6f6c677b2bd4f5850bd3ae1bb0b62b2632d116f693ca1ff42386d85b44155746e4b4c46e07fb63b3b81dbe8365cf5a444213eabf7a5aa2aeff4af7b902a92417e83d397b06d907f462f3a272d124f0b49cce9ada11f31d1f66262c93a5ae899c347654f71356a127039bf826772ea4467ca71c43eaec79ca8f83ed792f38a93bbad5f78d910c61175c457d47b7ec2a91ac8a40c27e82356e4e71a5854da5e93c617148b47e1bd8efa419e2cbecf538c43e003bb7d116f9d2e39c0a7201922520290499400cd5b1aef1429887ff191dd2a85805f40405a0',
    'train'
);

INSERT INTO Food_Ingredient (FoodID, Ingredient)
VALUES ('f101_0048', N'1 loaf French or Italian bread (about 24 inches long)');

INSERT INTO Food_Ingredient (FoodID, Ingredient)
VALUES ('f101_0048', N'6 tablespoons unsalted butter, softened');

INSERT INTO Food_Ingredient (FoodID, Ingredient)
VALUES ('f101_0048', N'2 tablespoons olive oil');

INSERT INTO Food_Ingredient (FoodID, Ingredient)
VALUES ('f101_0048', N'4 cloves garlic, minced');

INSERT INTO Food_Ingredient (FoodID, Ingredient)
VALUES ('f101_0048', N'1/4 teaspoon garlic powder');

INSERT INTO Food_Ingredient (FoodID, Ingredient)
VALUES ('f101_0048', N'2 tablespoons chopped fresh parsley');

INSERT INTO Food_Ingredient (FoodID, Ingredient)
VALUES ('f101_0048', N'1/8 teaspoon salt');

INSERT INTO Food (FoodID, Title, Description, Calories, Instructions, ImageURL, SourceURL, Partition)
VALUES (
    'f101_0049',
    N'Gnocchi',
    N'Gnocchi are tender, pillowy Italian dumplings crafted from potato, flour, and egg, boiled to a soft, melt-in-your-mouth texture and often tossed in a rich tomato sauce, creamy pesto, or browned butter with sage, finished with a sprinkle of Parmesan for a comforting, flavorful dish.',
    314,
    N'1. Place the unpeeled potatoes in a large pot and cover with cold water. Bring to a boil and cook until tender, about 30-35 minutes. 2. Drain the potatoes and let them cool slightly. Peel the potatoes while still warm. 3. Pass the peeled potatoes through a potato ricer or mash them until smooth. 4. On a clean work surface, mound the riced potatoes and make a well in the center. Add the beaten egg and sprinkle with salt. 5. Gradually add the flour to the potatoes, gently mixing and kneading until a soft dough forms. Be careful not to overwork the dough. 6. Divide the dough into 4 equal portions. Roll each portion into a rope about 3/4 inch in diameter. 7. Cut the ropes into 1-inch pieces. If desired, roll each piece over the tines of a fork to create ridges. 8. Place the formed gnocchi on a floured baking sheet and let them rest for 20 minutes. 9. Bring a large pot of salted water to a boil. Add the gnocchi in batches; they are done when they float to the surface, about 2-3 minutes. 10. Remove the gnocchi with a slotted spoon and serve with your choice of sauce. 11. This recipe yields 4 servings.',
    'https://storage.googleapis.com/kagglesdsdata/datasets/7399389/11785112/food-101/food-101/images/gnocchi/1071586.jpg?X-Goog-Algorithm=GOOG4-RSA-SHA256&X-Goog-Credential=databundle-worker-v2%40kaggle-161607.iam.gserviceaccount.com%2F20250607%2Fauto%2Fstorage%2Fgoog4_request&X-Goog-Date=20250607T141736Z&X-Goog-Expires=345600&X-Goog-SignedHeaders=host&X-Goog-Signature=ab8b53e806743200667d1b4454347d4e9d85db6ec6ef86854f90792837b8c15f79cafe47a86f11624ada2eefa2db580aa6de9f2258a016c8ee3cf01456b1cd707c24d70ab7bc08640b855110f6004e2fa60c8cccca946c0b7d3b211ae84869dab2b1a5221b1c8b9091d67d7efbff1939be6833d309e234d81cb1964d5717d63ec527a0428285a0d7cf3f115ac8d5dba238fc7f7010afef0ab2fa87723e19948a5bae362dda1b7d6a8097b5d6e44179f4fc22be3252c5bc7800b42d22a29269c8dcb301ac93b1d89f8386d69ec40164a114a0b6e5dba84df43f4c8bf70ddd57cf7e242d54d6190c9d031fe3e02d72cd786545910042711fecb03e82f2b3bdd4f8',
    'https://storage.googleapis.com/kagglesdsdata/datasets/7399389/11785112/food-101/food-101/images/gnocchi/1071586.jpg?X-Goog-Algorithm=GOOG4-RSA-SHA256&X-Goog-Credential=databundle-worker-v2%40kaggle-161607.iam.gserviceaccount.com%2F20250607%2Fauto%2Fstorage%2Fgoog4_request&X-Goog-Date=20250607T141736Z&X-Goog-Expires=345600&X-Goog-SignedHeaders=host&X-Goog-Signature=ab8b53e806743200667d1b4454347d4e9d85db6ec6ef86854f90792837b8c15f79cafe47a86f11624ada2eefa2db580aa6de9f2258a016c8ee3cf01456b1cd707c24d70ab7bc08640b855110f6004e2fa60c8cccca946c0b7d3b211ae84869dab2b1a5221b1c8b9091d67d7efbff1939be6833d309e234d81cb1964d5717d63ec527a0428285a0d7cf3f115ac8d5dba238fc7f7010afef0ab2fa87723e19948a5bae362dda1b7d6a8097b5d6e44179f4fc22be3252c5bc7800b42d22a29269c8dcb301ac93b1d89f8386d69ec40164a114a0b6e5dba84df43f4c8bf70ddd57cf7e242d54d6190c9d031fe3e02d72cd786545910042711fecb03e82f2b3bdd4f8',
    'train'
);

INSERT INTO Food_Ingredient (FoodID, Ingredient)
VALUES ('f101_0049', N'2 pounds russet potatoes');

INSERT INTO Food_Ingredient (FoodID, Ingredient)
VALUES ('f101_0049', N'1 1/2 cups all-purpose flour, plus extra for dusting');

INSERT INTO Food_Ingredient (FoodID, Ingredient)
VALUES ('f101_0049', N'1 large egg, beaten');

INSERT INTO Food_Ingredient (FoodID, Ingredient)
VALUES ('f101_0049', N'1 teaspoon fine sea salt');

INSERT INTO Food (FoodID, Title, Description, Calories, Instructions, ImageURL, SourceURL, Partition)
VALUES (
    'f101_0050',
    N'Greek Salad',
    N'Greek Salad is a vibrant Mediterranean dish featuring crisp cucumbers, juicy tomatoes, red onions, tangy feta cheese, and plump Kalamata olives, tossed in a zesty dressing of olive oil, lemon juice, garlic, and oregano, often served with a side of warm pita bread for a fresh, flavorful meal.',
    344,
    N'1. In a large bowl, combine the tomatoes, cucumber, green bell pepper, red onion, and Kalamata olives. 2. Drizzle the olive oil and red wine vinegar over the vegetables. 3. Sprinkle with dried oregano and salt to taste. 4. Gently toss the salad to combine all ingredients. 5. Place the slabs of feta cheese on top of the salad. 6. Serve immediately or let it sit for 10-15 minutes to allow flavors to meld. 7. This recipe yields 4 servings.',
    'https://storage.googleapis.com/kagglesdsdata/datasets/7399389/11785112/food-101/food-101/images/greek_salad/1012989.jpg?X-Goog-Algorithm=GOOG4-RSA-SHA256&X-Goog-Credential=databundle-worker-v2%40kaggle-161607.iam.gserviceaccount.com%2F20250607%2Fauto%2Fstorage%2Fgoog4_request&X-Goog-Date=20250607T141815Z&X-Goog-Expires=345600&X-Goog-SignedHeaders=host&X-Goog-Signature=5121299dc1c62308601c31c728a922fa73f9d6c88d2a9da7a66c453d1c8366bd2fc789aaf373cf67fad4b2665fc9c9a2b2404b325f1414e70ed8e7f3ce90dd255f01ac8f425de3436106a82a9b02b36cb487fb2da1e590914949cadb958fbb625c430732f5c0ed32936c9f70713200eb45fbe991f2344243592c2d5bf3d65cb11181e82edc9eefd2cb0acb9c8097576593ea67ae68ac3c67da93c7fc8e949fd19533634620aeb08595d9d0a07f715435a25fe705e26db83eb83228a1cd6aebe798f2cb4f7da388323610f05f9a51ba2ed935d29a9db2357f4fe5ccf8725c20030304b74974cd9d6ba6f1be0d44c23a1ef0d30614af1220106f19aac05c25b3be',
    'https://storage.googleapis.com/kagglesdsdata/datasets/7399389/11785112/food-101/food-101/images/greek_salad/1012989.jpg?X-Goog-Algorithm=GOOG4-RSA-SHA256&X-Goog-Credential=databundle-worker-v2%40kaggle-161607.iam.gserviceaccount.com%2F20250607%2Fauto%2Fstorage%2Fgoog4_request&X-Goog-Date=20250607T141815Z&X-Goog-Expires=345600&X-Goog-SignedHeaders=host&X-Goog-Signature=5121299dc1c62308601c31c728a922fa73f9d6c88d2a9da7a66c453d1c8366bd2fc789aaf373cf67fad4b2665fc9c9a2b2404b325f1414e70ed8e7f3ce90dd255f01ac8f425de3436106a82a9b02b36cb487fb2da1e590914949cadb958fbb625c430732f5c0ed32936c9f70713200eb45fbe991f2344243592c2d5bf3d65cb11181e82edc9eefd2cb0acb9c8097576593ea67ae68ac3c67da93c7fc8e949fd19533634620aeb08595d9d0a07f715435a25fe705e26db83eb83228a1cd6aebe798f2cb4f7da388323610f05f9a51ba2ed935d29a9db2357f4fe5ccf8725c20030304b74974cd9d6ba6f1be0d44c23a1ef0d30614af1220106f19aac05c25b3be',
    'train'
);

INSERT INTO Food_Ingredient (FoodID, Ingredient)
VALUES ('f101_0050', N'4 medium ripe tomatoes, cut into wedges');

INSERT INTO Food_Ingredient (FoodID, Ingredient)
VALUES ('f101_0050', N'1 English cucumber, sliced into half-moons');

INSERT INTO Food_Ingredient (FoodID, Ingredient)
VALUES ('f101_0050', N'1 green bell pepper, sliced into rings');

INSERT INTO Food_Ingredient (FoodID, Ingredient)
VALUES ('f101_0050', N'1 small red onion, thinly sliced');

INSERT INTO Food_Ingredient (FoodID, Ingredient)
VALUES ('f101_0050', N'1/2 cup Kalamata olives, pitted');

INSERT INTO Food_Ingredient (FoodID, Ingredient)
VALUES ('f101_0050', N'7 ounces (200g) Greek feta cheese, cut into slabs');

INSERT INTO Food_Ingredient (FoodID, Ingredient)
VALUES ('f101_0050', N'1/4 cup extra virgin olive oil');

INSERT INTO Food_Ingredient (FoodID, Ingredient)
VALUES ('f101_0050', N'1 tablespoon red wine vinegar');

INSERT INTO Food_Ingredient (FoodID, Ingredient)
VALUES ('f101_0050', N'1 teaspoon dried oregano');

INSERT INTO Food_Ingredient (FoodID, Ingredient)
VALUES ('f101_0050', N'Salt, to taste');

INSERT INTO Food (FoodID, Title, Description, Calories, Instructions, ImageURL, SourceURL, Partition)
VALUES (
    'f101_0051',
    N'Grilled Cheese Sandwich',
    N'Grilled Cheese Sandwich is a comforting classic featuring golden, buttery toasted bread enveloping a generous layer of melted cheddar or American cheese, delivering a perfect balance of crispy exterior and gooey, savory interior, often paired with a bowl of tomato soup for a nostalgic, heartwarming meal.',
    408,
    N'1. Preheat a skillet over medium heat. 2. Generously butter one side of each slice of bread. 3. Place one slice of bread, buttered side down, onto the skillet. 4. Add the slice of Cheddar cheese on top of the bread. 5. Top with the second slice of bread, buttered side up. 6. Grill until the bottom slice is golden brown, then flip the sandwich. 7. Continue grilling until the other side is golden brown and the cheese is melted. 8. Remove from skillet, slice, and serve hot. 9. This recipe yields 1 serving.',
    'https://storage.googleapis.com/kagglesdsdata/datasets/7399389/11785112/food-101/food-101/images/grilled_cheese_sandwich/1022435.jpg?X-Goog-Algorithm=GOOG4-RSA-SHA256&X-Goog-Credential=databundle-worker-v2%40kaggle-161607.iam.gserviceaccount.com%2F20250607%2Fauto%2Fstorage%2Fgoog4_request&X-Goog-Date=20250607T141848Z&X-Goog-Expires=345600&X-Goog-SignedHeaders=host&X-Goog-Signature=5e25fa52e314c5ede0b914b237a254ab800d0b5a276e5e7fd03557226112a0ad28b56e591b35c798570326119f78163097163e5fe2a1650c06121e1a1b5cf6225d76320f3db059114b6a6b1feb2a8c76b94b3152148c996d0d387727657ae6aa2233272836476efc045410f59bf59351e545bd96d09e3051a2b29a796c8374f4081fef611b78a257485ee6deff587031f1463a89289e92f4f710d2a97b46baf8820102aaa4d52895cfc3b30e3ccd9ee342f35e0d3070c0720ca847b2daff80025ea52692a2a95fe186b0acc208c1ec65cd9134e32fa287e9490a9fbd274eab1416916b2cc2926cdd3fcc716f5cbd779fabbc7d01e168369b99380891db7dca92',
    'https://storage.googleapis.com/kagglesdsdata/datasets/7399389/11785112/food-101/food-101/images/grilled_cheese_sandwich/1022435.jpg?X-Goog-Algorithm=GOOG4-RSA-SHA256&X-Goog-Credential=databundle-worker-v2%40kaggle-161607.iam.gserviceaccount.com%2F20250607%2Fauto%2Fstorage%2Fgoog4_request&X-Goog-Date=20250607T141848Z&X-Goog-Expires=345600&X-Goog-SignedHeaders=host&X-Goog-Signature=5e25fa52e314c5ede0b914b237a254ab800d0b5a276e5e7fd03557226112a0ad28b56e591b35c798570326119f78163097163e5fe2a1650c06121e1a1b5cf6225d76320f3db059114b6a6b1feb2a8c76b94b3152148c996d0d387727657ae6aa2233272836476efc045410f59bf59351e545bd96d09e3051a2b29a796c8374f4081fef611b78a257485ee6deff587031f1463a89289e92f4f710d2a97b46baf8820102aaa4d52895cfc3b30e3ccd9ee342f35e0d3070c0720ca847b2daff80025ea52692a2a95fe186b0acc208c1ec65cd9134e32fa287e9490a9fbd274eab1416916b2cc2926cdd3fcc716f5cbd779fabbc7d01e168369b99380891db7dca92',
    'train'
);

INSERT INTO Food_Ingredient (FoodID, Ingredient)
VALUES ('f101_0051', N'2 slices whole-wheat bread (56g)');

INSERT INTO Food_Ingredient (FoodID, Ingredient)
VALUES ('f101_0051', N'1 slice (1 oz or 28g) Cheddar cheese');

INSERT INTO Food_Ingredient (FoodID, Ingredient)
VALUES ('f101_0051', N'1 1/2 tablespoons (21g) unsalted butter');

INSERT INTO Food (FoodID, Title, Description, Calories, Instructions, ImageURL, SourceURL, Partition)
VALUES (
    'f101_0052',
    N'Grilled Salmon',
    N'Grilled Salmon is a flavorful, healthy dish featuring tender, flaky salmon fillets seasoned with a blend of herbs and a squeeze of lemon, perfectly seared to a golden crust while remaining moist inside, often served with a light dill sauce and roasted vegetables for an elegant, nutritious meal.',
    318,
    N'1. Season salmon fillets with lemon pepper, garlic powder, and salt. 2. In a small bowl, mix together soy sauce, brown sugar, water, and vegetable oil until the sugar is dissolved. 3. Place the salmon in a large resealable plastic bag and pour in the marinade. Seal the bag and turn to coat the salmon. Refrigerate for at least 2 hours. 4. Preheat an outdoor grill for medium heat and lightly oil the grate. 5. Place the salmon on the preheated grill and discard the marinade. 6. Cook the salmon for 6 to 8 minutes per side, or until the fish flakes easily with a fork. 7. This recipe yields 6 servings.',
    'https://storage.googleapis.com/kagglesdsdata/datasets/7399389/11785112/food-101/food-101/images/grilled_salmon/1019062.jpg?X-Goog-Algorithm=GOOG4-RSA-SHA256&X-Goog-Credential=databundle-worker-v2%40kaggle-161607.iam.gserviceaccount.com%2F20250607%2Fauto%2Fstorage%2Fgoog4_request&X-Goog-Date=20250607T142011Z&X-Goog-Expires=345600&X-Goog-SignedHeaders=host&X-Goog-Signature=138af5890290fabf953db2c0eaa639dcf59534550cbefd2a9a2d747e2bad6862ab2978fcf7434a786b878a3840816a2dbde24b9eb1e1a8d1188f2a203509e8552c0535cbc0b0ce71f188b96cef19347a6581ac811ea98749f76f49d1ef4b1787f1f41efc7985d8ee94a622f63b85dffa8430535a97930cec8a412c8293a13e7715a330b2c4246108d754ef2a7e2ac6b37a954287ad59071029b41776f695b00d7f2756f8570a5cd590532518361694b9b44345a454e208b0c5e1c84c13efb6b4fe7c8ebe74167592bd91c4fb924ffc520d11c8545e485c66fdc8bd6bd0afa0b0a054d8a77eedd62ef6a51d9d0ced0b961bbb8e429ced5ac6900245a6bafa1b57',
    'https://storage.googleapis.com/kagglesdsdata/datasets/7399389/11785112/food-101/food-101/images/grilled_salmon/1019062.jpg?X-Goog-Algorithm=GOOG4-RSA-SHA256&X-Goog-Credential=databundle-worker-v2%40kaggle-161607.iam.gserviceaccount.com%2F20250607%2Fauto%2Fstorage%2Fgoog4_request&X-Goog-Date=20250607T142011Z&X-Goog-Expires=345600&X-Goog-SignedHeaders=host&X-Goog-Signature=138af5890290fabf953db2c0eaa639dcf59534550cbefd2a9a2d747e2bad6862ab2978fcf7434a786b878a3840816a2dbde24b9eb1e1a8d1188f2a203509e8552c0535cbc0b0ce71f188b96cef19347a6581ac811ea98749f76f49d1ef4b1787f1f41efc7985d8ee94a622f63b85dffa8430535a97930cec8a412c8293a13e7715a330b2c4246108d754ef2a7e2ac6b37a954287ad59071029b41776f695b00d7f2756f8570a5cd590532518361694b9b44345a454e208b0c5e1c84c13efb6b4fe7c8ebe74167592bd91c4fb924ffc520d11c8545e485c66fdc8bd6bd0afa0b0a054d8a77eedd62ef6a51d9d0ced0b961bbb8e429ced5ac6900245a6bafa1b57',
    'train'
);

INSERT INTO Food_Ingredient (FoodID, Ingredient)
VALUES ('f101_0052', N'1 ½ pounds salmon fillets');

INSERT INTO Food_Ingredient (FoodID, Ingredient)
VALUES ('f101_0052', N'Lemon pepper, to taste');

INSERT INTO Food_Ingredient (FoodID, Ingredient)
VALUES ('f101_0052', N'Garlic powder, to taste');

INSERT INTO Food_Ingredient (FoodID, Ingredient)
VALUES ('f101_0052', N'Salt, to taste');

INSERT INTO Food_Ingredient (FoodID, Ingredient)
VALUES ('f101_0052', N'⅓ cup soy sauce');

INSERT INTO Food_Ingredient (FoodID, Ingredient)
VALUES ('f101_0052', N'⅓ cup brown sugar');

INSERT INTO Food_Ingredient (FoodID, Ingredient)
VALUES ('f101_0052', N'⅓ cup water');

INSERT INTO Food_Ingredient (FoodID, Ingredient)
VALUES ('f101_0052', N'¼ cup vegetable oil');

INSERT INTO Food (FoodID, Title, Description, Calories, Instructions, ImageURL, SourceURL, Partition)
VALUES (
    'f101_0053',
    N'Guacamole',
    N'Guacamole is a vibrant Mexican dip featuring creamy, ripe avocados mashed with zesty lime juice, fresh cilantro, diced tomatoes, and a hint of jalapeño for a subtle kick, served with crispy tortilla chips or as a refreshing topping for tacos and nachos.',
    262,
    N'1. In a medium bowl, mash the avocados with lime juice and salt. 2. Mix in diced onion, tomatoes, cilantro, and minced garlic. 3. Stir in cayenne pepper if desired. 4. Cover and refrigerate for 1 hour for best flavor, or serve immediately. 5. This recipe yields 4 servings.',
    'https://storage.googleapis.com/kagglesdsdata/datasets/7399389/11785112/food-101/food-101/images/guacamole/1047963.jpg?X-Goog-Algorithm=GOOG4-RSA-SHA256&X-Goog-Credential=databundle-worker-v2%40kaggle-161607.iam.gserviceaccount.com%2F20250607%2Fauto%2Fstorage%2Fgoog4_request&X-Goog-Date=20250607T142052Z&X-Goog-Expires=345600&X-Goog-SignedHeaders=host&X-Goog-Signature=bfb497c38d20833a791d8b36db3fe57250f17478df216b015740fd0b4a4ac36d85350dda21023507da43c4dc72d9507f56fd5f533b8e48b40ad9242d24d33d122f0a2b2cc9a4ff4693f9d924f47eb10c7f201e73ba623cc71db05ac93221b7f2eb6d67f6db1dc5edeb52d36f86f814064e2f5229c66fb0eaad372d8ce9d4d727f8ab941dc140aea3afdf441c7c95098edb0ea315cdc275663eb70704f8e98084c180839611f7bd5e8a75e26d82c096ab616b4b7e83e07740ec5bb6bfc8cc4858bfb5472da1662a8e190f752a41fdd954abc4a9efd9d5e6d62e5135c47955e45cb18c68abcdddf5ac55fb021b3e1314de69ddc6f46747f36788d7dca00ec4b75c',
    'https://storage.googleapis.com/kagglesdsdata/datasets/7399389/11785112/food-101/food-101/images/guacamole/1047963.jpg?X-Goog-Algorithm=GOOG4-RSA-SHA256&X-Goog-Credential=databundle-worker-v2%40kaggle-161607.iam.gserviceaccount.com%2F20250607%2Fauto%2Fstorage%2Fgoog4_request&X-Goog-Date=20250607T142052Z&X-Goog-Expires=345600&X-Goog-SignedHeaders=host&X-Goog-Signature=bfb497c38d20833a791d8b36db3fe57250f17478df216b015740fd0b4a4ac36d85350dda21023507da43c4dc72d9507f56fd5f533b8e48b40ad9242d24d33d122f0a2b2cc9a4ff4693f9d924f47eb10c7f201e73ba623cc71db05ac93221b7f2eb6d67f6db1dc5edeb52d36f86f814064e2f5229c66fb0eaad372d8ce9d4d727f8ab941dc140aea3afdf441c7c95098edb0ea315cdc275663eb70704f8e98084c180839611f7bd5e8a75e26d82c096ab616b4b7e83e07740ec5bb6bfc8cc4858bfb5472da1662a8e190f752a41fdd954abc4a9efd9d5e6d62e5135c47955e45cb18c68abcdddf5ac55fb021b3e1314de69ddc6f46747f36788d7dca00ec4b75c',
    'train'
);

INSERT INTO Food_Ingredient (FoodID, Ingredient)
VALUES ('f101_0053', N'3 ripe avocados');

INSERT INTO Food_Ingredient (FoodID, Ingredient)
VALUES ('f101_0053', N'1 lime, juiced');

INSERT INTO Food_Ingredient (FoodID, Ingredient)
VALUES ('f101_0053', N'1 teaspoon salt');

INSERT INTO Food_Ingredient (FoodID, Ingredient)
VALUES ('f101_0053', N'1/2 cup diced onion');

INSERT INTO Food_Ingredient (FoodID, Ingredient)
VALUES ('f101_0053', N'2 roma tomatoes, diced');

INSERT INTO Food_Ingredient (FoodID, Ingredient)
VALUES ('f101_0053', N'3 tablespoons chopped fresh cilantro');

INSERT INTO Food_Ingredient (FoodID, Ingredient)
VALUES ('f101_0053', N'1 teaspoon minced garlic');

INSERT INTO Food_Ingredient (FoodID, Ingredient)
VALUES ('f101_0053', N'1 pinch ground cayenne pepper (optional)');

INSERT INTO Food (FoodID, Title, Description, Calories, Instructions, ImageURL, SourceURL, Partition)
VALUES (
    'f101_0054',
    N'Gyoza',
    N'Gyoza are savory Japanese dumplings featuring delicate, thin wrappers filled with a flavorful mix of ground pork, cabbage, garlic, and ginger, pan-fried to a crispy golden bottom and steamed for tenderness, served with a tangy soy-vinegar dipping sauce for a delightful, umami-packed bite.',
    184,
    N'1. Heat sesame oil in a large skillet over medium-high heat. Add cabbage, onion, carrot, and garlic; cook and stir until cabbage is limp, 3 to 4 minutes. 2. Add ground pork and egg; cook and stir until pork is browned and crumbly, 5 to 7 minutes. 3. Place about 1 tablespoon of the pork mixture into the center of a wonton wrapper. Fold wrapper in half over filling, then seal the edges with moistened fingers. Repeat to make remaining gyoza. 4. Heat vegetable oil in a large skillet over medium-high heat. Cook gyoza in the hot skillet until lightly browned, about 1 minute per side. 5. Add water to the skillet, reduce the heat, cover, and steam gyoza until water is gone. Remove from the heat. 6. Mix soy sauce and rice vinegar together in a small bowl. Serve as a dipping sauce with gyoza. 7. This recipe yields 10 servings.',
    'https://storage.googleapis.com/kagglesdsdata/datasets/7399389/11785112/food-101/food-101/images/gyoza/1009005.jpg?X-Goog-Algorithm=GOOG4-RSA-SHA256&X-Goog-Credential=databundle-worker-v2%40kaggle-161607.iam.gserviceaccount.com%2F20250607%2Fauto%2Fstorage%2Fgoog4_request&X-Goog-Date=20250607T142147Z&X-Goog-Expires=345600&X-Goog-SignedHeaders=host&X-Goog-Signature=8f0061c5a2b84ecbf90d5db1548bf4aeac8a7e26e1b311b1381b7a3874d3cdf9e737eead5d41cc6c4a7b6e7466ac943aee4b833bb736d1807e09d8db502079a0dd3d6c3951a285cc408414f6ba72edcd6b282e27db2057837d75b08ad03e4f5889273fb1cfcb8f77a2c836333e01e7920e2ab84fe5cacc4b5970475de02814a8f3dbd1b4810f02897d29fcc58da57bacd28a6a62a5aaccc188435ca7ea937402f7ee5ea3aa7feb87330f61c22697017f4ab8cd45da737ead027c2f5ce7704691a9915d5e24a0e303aae60849757bfcce352bb48daa949797fc3aa3e9e642b182f755a6afed7309faed2bfc9069ec4f38dcf222388d01fdd5e332485d2b1e6eb2',
    'https://storage.googleapis.com/kagglesdsdata/datasets/7399389/11785112/food-101/food-101/images/gyoza/1009005.jpg?X-Goog-Algorithm=GOOG4-RSA-SHA256&X-Goog-Credential=databundle-worker-v2%40kaggle-161607.iam.gserviceaccount.com%2F20250607%2Fauto%2Fstorage%2Fgoog4_request&X-Goog-Date=20250607T142147Z&X-Goog-Expires=345600&X-Goog-SignedHeaders=host&X-Goog-Signature=8f0061c5a2b84ecbf90d5db1548bf4aeac8a7e26e1b311b1381b7a3874d3cdf9e737eead5d41cc6c4a7b6e7466ac943aee4b833bb736d1807e09d8db502079a0dd3d6c3951a285cc408414f6ba72edcd6b282e27db2057837d75b08ad03e4f5889273fb1cfcb8f77a2c836333e01e7920e2ab84fe5cacc4b5970475de02814a8f3dbd1b4810f02897d29fcc58da57bacd28a6a62a5aaccc188435ca7ea937402f7ee5ea3aa7feb87330f61c22697017f4ab8cd45da737ead027c2f5ce7704691a9915d5e24a0e303aae60849757bfcce352bb48daa949797fc3aa3e9e642b182f755a6afed7309faed2bfc9069ec4f38dcf222388d01fdd5e332485d2b1e6eb2',
    'train'
);

INSERT INTO Food_Ingredient (FoodID, Ingredient)
VALUES ('f101_0054', N'2 cups chopped cabbage');

INSERT INTO Food_Ingredient (FoodID, Ingredient)
VALUES ('f101_0054', N'1/4 cup chopped onion');

INSERT INTO Food_Ingredient (FoodID, Ingredient)
VALUES ('f101_0054', N'1/4 cup chopped carrot');

INSERT INTO Food_Ingredient (FoodID, Ingredient)
VALUES ('f101_0054', N'1 clove garlic, chopped');

INSERT INTO Food_Ingredient (FoodID, Ingredient)
VALUES ('f101_0054', N'1/2 pound ground pork');

INSERT INTO Food_Ingredient (FoodID, Ingredient)
VALUES ('f101_0054', N'1 large egg');

INSERT INTO Food_Ingredient (FoodID, Ingredient)
VALUES ('f101_0054', N'1 tablespoon sesame oil');

INSERT INTO Food_Ingredient (FoodID, Ingredient)
VALUES ('f101_0054', N'1 tablespoon vegetable oil');

INSERT INTO Food_Ingredient (FoodID, Ingredient)
VALUES ('f101_0054', N'1 (10 ounce) package wonton wrappers');

INSERT INTO Food_Ingredient (FoodID, Ingredient)
VALUES ('f101_0054', N'1/4 cup water');

INSERT INTO Food_Ingredient (FoodID, Ingredient)
VALUES ('f101_0054', N'1/4 cup soy sauce');

INSERT INTO Food_Ingredient (FoodID, Ingredient)
VALUES ('f101_0054', N'2 tablespoons rice vinegar');

INSERT INTO Food (FoodID, Title, Description, Calories, Instructions, ImageURL, SourceURL, Partition)
VALUES (
    'f101_0055',
    N'Hamburger',
    N'Hamburger is a quintessential American classic featuring a juicy, grilled beef patty nestled in a soft, toasted bun, topped with crisp lettuce, ripe tomato slices, tangy pickles, and a dollop of creamy mayonnaise or ketchup, often served with a side of golden, crispy fries for a satisfying, hearty meal.',
    317,
    N'1. In a medium bowl, whisk together the egg, salt, and pepper. 2. Add the ground beef and bread crumbs to the bowl. Mix until well combined. 3. Divide the mixture into four equal portions and shape each into a 3/4-inch-thick patty. 4. Preheat an outdoor grill for high heat and lightly oil the grate. 5. Place the patties on the preheated grill. Cover and cook for 6 to 8 minutes per side, or until the internal temperature reaches 160°F (70°C). 6. Place each cooked patty on a hamburger bun. 7. This recipe yields 4 servings.',
    'https://storage.googleapis.com/kagglesdsdata/datasets/7399389/11785112/food-101/food-101/images/hamburger/1010136.jpg?X-Goog-Algorithm=GOOG4-RSA-SHA256&X-Goog-Credential=databundle-worker-v2%40kaggle-161607.iam.gserviceaccount.com%2F20250607%2Fauto%2Fstorage%2Fgoog4_request&X-Goog-Date=20250607T142225Z&X-Goog-Expires=345600&X-Goog-SignedHeaders=host&X-Goog-Signature=61cbeb7ff971a641144c9f4749367e60f10d016bf450fd1f45877bc95e2384af9b114e1211b6a1d26a4348b4f9fbd889fc59f0b157cb2e5b1f8409cde3c31bf580ff9592b9abc0a1e9456f079e6a926efb631c6e939eeda6c4c329b776d173c4d1e534c1c633e81b5db7af53aa8157ac899385df8f5b9deaa6d55ba95e6a239966ead48c408dc58f836d99485f222a3d9e1ea9bad68a40529a718b059ae1dfa88afa3e3cdcd144fadf9a5f1e20de0744a8ddd598723a419a41860aede288f5e55a03e8868eb4d320a09d1ae83e887461ff64cef7972b6df190d4bc878e5295d51764fb10e9676a395c72906c9cda2b72e29b3f10d19f214a400918876d4d7a3b',
    'https://storage.googleapis.com/kagglesdsdata/datasets/7399389/11785112/food-101/food-101/images/hamburger/1010136.jpg?X-Goog-Algorithm=GOOG4-RSA-SHA256&X-Goog-Credential=databundle-worker-v2%40kaggle-161607.iam.gserviceaccount.com%2F20250607%2Fauto%2Fstorage%2Fgoog4_request&X-Goog-Date=20250607T142225Z&X-Goog-Expires=345600&X-Goog-SignedHeaders=host&X-Goog-Signature=61cbeb7ff971a641144c9f4749367e60f10d016bf450fd1f45877bc95e2384af9b114e1211b6a1d26a4348b4f9fbd889fc59f0b157cb2e5b1f8409cde3c31bf580ff9592b9abc0a1e9456f079e6a926efb631c6e939eeda6c4c329b776d173c4d1e534c1c633e81b5db7af53aa8157ac899385df8f5b9deaa6d55ba95e6a239966ead48c408dc58f836d99485f222a3d9e1ea9bad68a40529a718b059ae1dfa88afa3e3cdcd144fadf9a5f1e20de0744a8ddd598723a419a41860aede288f5e55a03e8868eb4d320a09d1ae83e887461ff64cef7972b6df190d4bc878e5295d51764fb10e9676a395c72906c9cda2b72e29b3f10d19f214a400918876d4d7a3b',
    'train'
);

INSERT INTO Food_Ingredient (FoodID, Ingredient)
VALUES ('f101_0055', N'1 pound ground beef (80% lean)');

INSERT INTO Food_Ingredient (FoodID, Ingredient)
VALUES ('f101_0055', N'1 large egg');

INSERT INTO Food_Ingredient (FoodID, Ingredient)
VALUES ('f101_0055', N'1/2 cup fine dry bread crumbs');

INSERT INTO Food_Ingredient (FoodID, Ingredient)
VALUES ('f101_0055', N'1/2 teaspoon salt');

INSERT INTO Food_Ingredient (FoodID, Ingredient)
VALUES ('f101_0055', N'1/2 teaspoon ground black pepper');

INSERT INTO Food_Ingredient (FoodID, Ingredient)
VALUES ('f101_0055', N'4 hamburger buns');

INSERT INTO Food (FoodID, Title, Description, Calories, Instructions, ImageURL, SourceURL, Partition)
VALUES (
    'f101_0056',
    N'Hot And Sour Soup',
    N'Hot and Sour Soup is a bold Chinese classic featuring a fragrant, tangy broth infused with spicy chili, tangy rice vinegar, and savory soy sauce, brimming with silky tofu, tender mushrooms, bamboo shoots, and wispy egg ribbons, garnished with green onions for a warming, flavorful dish.',
    153,
    N'1. In a large stockpot, combine the broth, mushrooms, bamboo shoots, rice vinegar, soy sauce, ground ginger, and chili garlic sauce. Bring to a simmer over medium-high heat. 2. In a small bowl, whisk together the cornstarch with 1/4 cup of water until smooth. Stir the cornstarch slurry into the soup and continue to simmer until the soup thickens, about 1-2 minutes. 3. While stirring the soup in a circular motion, slowly drizzle in the beaten eggs to create egg ribbons. 4. Add the tofu, half of the green onions, and sesame oil to the soup. Season with salt and white pepper to taste. 5. Serve hot, garnished with the remaining green onions. 6. This recipe yields 6 servings.',
    'https://storage.googleapis.com/kagglesdsdata/datasets/7399389/11785112/food-101/food-101/images/hot_and_sour_soup/1003688.jpg?X-Goog-Algorithm=GOOG4-RSA-SHA256&X-Goog-Credential=databundle-worker-v2%40kaggle-161607.iam.gserviceaccount.com%2F20250607%2Fauto%2Fstorage%2Fgoog4_request&X-Goog-Date=20250607T142313Z&X-Goog-Expires=345600&X-Goog-SignedHeaders=host&X-Goog-Signature=31cd1e2b29b00ea6b127cdf3d5ef000e1d4f7173d5fc24808b52a3d613df14a204cba6296a6242b710154622f791f956872394f36788c4a2f424da32d1dae7d2b07833613dcdf7de74f0d9cc500bff4f99dd00704e2c19350aee067dd3df75bb838f48c45685737be824934e1404682e1602405d2d5922dc9f0369834a1d52290e4124ddb0da608fc0135768e288c72312516d63a28f87b8a163d3e632aee9828554b5e9b01ae4b891b3c22717f7d4515b9223b23b25d788cb6be8e866196293573f4123f75bc899a141e3fd8b5a9ccc3b245d007eee6ddfc11a0bece347ded85094cff33881282e8c3b289c1e1f3ef3bb3876e2d3d5a156e71cc797d419999d',
    'https://storage.googleapis.com/kagglesdsdata/datasets/7399389/11785112/food-101/food-101/images/hot_and_sour_soup/1003688.jpg?X-Goog-Algorithm=GOOG4-RSA-SHA256&X-Goog-Credential=databundle-worker-v2%40kaggle-161607.iam.gserviceaccount.com%2F20250607%2Fauto%2Fstorage%2Fgoog4_request&X-Goog-Date=20250607T142313Z&X-Goog-Expires=345600&X-Goog-SignedHeaders=host&X-Goog-Signature=31cd1e2b29b00ea6b127cdf3d5ef000e1d4f7173d5fc24808b52a3d613df14a204cba6296a6242b710154622f791f956872394f36788c4a2f424da32d1dae7d2b07833613dcdf7de74f0d9cc500bff4f99dd00704e2c19350aee067dd3df75bb838f48c45685737be824934e1404682e1602405d2d5922dc9f0369834a1d52290e4124ddb0da608fc0135768e288c72312516d63a28f87b8a163d3e632aee9828554b5e9b01ae4b891b3c22717f7d4515b9223b23b25d788cb6be8e866196293573f4123f75bc899a141e3fd8b5a9ccc3b245d007eee6ddfc11a0bece347ded85094cff33881282e8c3b289c1e1f3ef3bb3876e2d3d5a156e71cc797d419999d',
    'train'
);

INSERT INTO Food_Ingredient (FoodID, Ingredient)
VALUES ('f101_0056', N'8 cups chicken or vegetable broth');

INSERT INTO Food_Ingredient (FoodID, Ingredient)
VALUES ('f101_0056', N'8 ounces shiitake mushrooms, thinly sliced');

INSERT INTO Food_Ingredient (FoodID, Ingredient)
VALUES ('f101_0056', N'1 (8-ounce) can bamboo shoots, drained and julienned');

INSERT INTO Food_Ingredient (FoodID, Ingredient)
VALUES ('f101_0056', N'1/4 cup rice vinegar');

INSERT INTO Food_Ingredient (FoodID, Ingredient)
VALUES ('f101_0056', N'1/4 cup soy sauce');

INSERT INTO Food_Ingredient (FoodID, Ingredient)
VALUES ('f101_0056', N'2 teaspoons ground ginger');

INSERT INTO Food_Ingredient (FoodID, Ingredient)
VALUES ('f101_0056', N'1 teaspoon chili garlic sauce');

INSERT INTO Food_Ingredient (FoodID, Ingredient)
VALUES ('f101_0056', N'1/4 cup cornstarch');

INSERT INTO Food_Ingredient (FoodID, Ingredient)
VALUES ('f101_0056', N'2 large eggs, lightly beaten');

INSERT INTO Food_Ingredient (FoodID, Ingredient)
VALUES ('f101_0056', N'8 ounces firm tofu, cut into 1/2-inch cubes');

INSERT INTO Food_Ingredient (FoodID, Ingredient)
VALUES ('f101_0056', N'4 green onions, thinly sliced');

INSERT INTO Food_Ingredient (FoodID, Ingredient)
VALUES ('f101_0056', N'1 teaspoon toasted sesame oil');

INSERT INTO Food_Ingredient (FoodID, Ingredient)
VALUES ('f101_0056', N'Salt and white pepper to taste');

INSERT INTO Food (FoodID, Title, Description, Calories, Instructions, ImageURL, SourceURL, Partition)
VALUES (
    'f101_0057',
    N'Hot Dog',
    N'Hot Dog is an iconic American street food featuring a juicy, grilled or steamed beef or pork sausage nestled in a soft, warm bun, typically topped with zesty mustard, tangy ketchup, crunchy onions, and a sprinkle of relish, served with a side of crispy fries or coleslaw for a classic, satisfying bite.',
    726,
    N'1. Bring a pot of water to a boil over high heat. Reduce heat to low, place the hot dog in the water, and cook until warmed through, about 5 minutes. Remove the hot dog from the water and set aside. 2. Place a steamer basket into the pot and steam the hot dog bun until warm, about 2 minutes. 3. Place the hot dog in the steamed bun. Pile on toppings in the following order: mustard, relish, onion, tomato wedges, pickle spear, sport peppers, and a dash of celery salt. 4. This recipe yields 1 serving.',
    'https://storage.googleapis.com/kagglesdsdata/datasets/7399389/11785112/food-101/food-101/images/hot_dog/103364.jpg?X-Goog-Algorithm=GOOG4-RSA-SHA256&X-Goog-Credential=databundle-worker-v2%40kaggle-161607.iam.gserviceaccount.com%2F20250607%2Fauto%2Fstorage%2Fgoog4_request&X-Goog-Date=20250607T142343Z&X-Goog-Expires=345600&X-Goog-SignedHeaders=host&X-Goog-Signature=4a9f99fb72dcf83a74258df375241a30b63d91c95c6dbcbce72e8294c04c7d88d47aab22d3f28438a2b38e8ebef45dc5c9e0c0c3df626c414595c276abc678652465a481d360bcc676d13e2b110c8b3908859d1b56664fe17a9ea07cb941ed6a5c6f949510b79850042d110517f41351596ed1b19bacd94132944affff804e72b625b7355ff9103509311e011e5d758c80cc62c98e2c83c7344952fd38460cebaccc8b21966fdc80f1dd0f949837e9bf1ed6c4a164cdc82baa80ec3cd872f4226eb700e79bd9fe75c563b39587fdcca07f453b65bfe0f137e4e81e1053354cdf44fbd2f77b5adeedf20d5d6a3daf8d2997f862b1a99c82dd96e40db1b5614125',
    'https://storage.googleapis.com/kagglesdsdata/datasets/7399389/11785112/food-101/food-101/images/hot_dog/103364.jpg?X-Goog-Algorithm=GOOG4-RSA-SHA256&X-Goog-Credential=databundle-worker-v2%40kaggle-161607.iam.gserviceaccount.com%2F20250607%2Fauto%2Fstorage%2Fgoog4_request&X-Goog-Date=20250607T142343Z&X-Goog-Expires=345600&X-Goog-SignedHeaders=host&X-Goog-Signature=4a9f99fb72dcf83a74258df375241a30b63d91c95c6dbcbce72e8294c04c7d88d47aab22d3f28438a2b38e8ebef45dc5c9e0c0c3df626c414595c276abc678652465a481d360bcc676d13e2b110c8b3908859d1b56664fe17a9ea07cb941ed6a5c6f949510b79850042d110517f41351596ed1b19bacd94132944affff804e72b625b7355ff9103509311e011e5d758c80cc62c98e2c83c7344952fd38460cebaccc8b21966fdc80f1dd0f949837e9bf1ed6c4a164cdc82baa80ec3cd872f4226eb700e79bd9fe75c563b39587fdcca07f453b65bfe0f137e4e81e1053354cdf44fbd2f77b5adeedf20d5d6a3daf8d2997f862b1a99c82dd96e40db1b5614125',
    'train'
);

INSERT INTO Food_Ingredient (FoodID, Ingredient)
VALUES ('f101_0057', N'1 all-beef hot dog');

INSERT INTO Food_Ingredient (FoodID, Ingredient)
VALUES ('f101_0057', N'1 hot dog bun');

INSERT INTO Food_Ingredient (FoodID, Ingredient)
VALUES ('f101_0057', N'1 tablespoon yellow mustard');

INSERT INTO Food_Ingredient (FoodID, Ingredient)
VALUES ('f101_0057', N'1 tablespoon sweet pickle relish');

INSERT INTO Food_Ingredient (FoodID, Ingredient)
VALUES ('f101_0057', N'1 tablespoon chopped onion');

INSERT INTO Food_Ingredient (FoodID, Ingredient)
VALUES ('f101_0057', N'2 tomato wedges');

INSERT INTO Food_Ingredient (FoodID, Ingredient)
VALUES ('f101_0057', N'1 dill pickle spear');

INSERT INTO Food_Ingredient (FoodID, Ingredient)
VALUES ('f101_0057', N'2 sport peppers');

INSERT INTO Food_Ingredient (FoodID, Ingredient)
VALUES ('f101_0057', N'1 dash celery salt');

INSERT INTO Food (FoodID, Title, Description, Calories, Instructions, ImageURL, SourceURL, Partition)
VALUES (
    'f101_0058',
    N'Huevos Rancheros',
    N'Huevos Rancheros is a vibrant Mexican breakfast dish featuring warm, soft corn tortillas topped with sunny-side-up eggs, smothered in a smoky, spicy tomato-chili salsa, and garnished with creamy avocado, crumbled queso fresco, and fresh cilantro, often served with a side of refried beans for a hearty, flavorful start to the day.',
    334,
    N'1. In a medium saucepan, heat 1 teaspoon of oil over medium heat. Add diced onion and cook for 2 minutes, stirring frequently. 2. Add diced poblano and minced jalapeño peppers; cook for another 2 minutes, stirring frequently. 3. Stir in minced garlic and cook for 1 minute. 4. Add crushed tomatoes, water, and salt. Bring to a boil, then reduce heat to low and simmer for 5 minutes. Remove from heat and cover to keep warm. 5. In a separate medium nonstick skillet, heat the remaining 1 teaspoon of oil over medium heat. Crack eggs into the skillet and cook for 3 to 4 minutes, or until the whites are set and the edges are fully cooked. 6. Warm the corn tortillas in a dry skillet or microwave until pliable. 7. To assemble, place a tortilla on each plate. Top each with 1/4 cup of black beans, one cooked egg, 1/3 cup of the warm salsa, 1 tablespoon of shredded cheese, and a few avocado slices. 8. Garnish with chopped cilantro and a lime wedge, if desired. 9. This recipe yields 4 servings.',
    'https://storage.googleapis.com/kagglesdsdata/datasets/7399389/11785112/food-101/food-101/images/huevos_rancheros/100486.jpg?X-Goog-Algorithm=GOOG4-RSA-SHA256&X-Goog-Credential=databundle-worker-v2%40kaggle-161607.iam.gserviceaccount.com%2F20250607%2Fauto%2Fstorage%2Fgoog4_request&X-Goog-Date=20250607T142426Z&X-Goog-Expires=345600&X-Goog-SignedHeaders=host&X-Goog-Signature=6daecebb2b02e2e577ebc3837c22af6d8200c2072f454e5ff0c121bb8b736be8e3349d6dde6d0267b74bd85c3a6ab91f9ddfd681eda6aed55383a22c4544b3144fba3fa9c2a640cc3331d49c10c272321ae55b7ffafccd4219a6159351f2d5e364188b40f6f27e84ff4d40323f21752a3dadf43fc8f3410bf690f915b113143a5a7e42ec125fa1654bcb2963a9b505fe4a3a3a78904e641da5d8255c98252519499ea39aea54e69a14be2fbaf8371c9b45125ebe1bb61645d1964f739dd2c26e9534a79376c2093f412d67387f4cb53e131e3cf51143a66d5c28d4b5f7f53082e80d8af21c7d4e987866ba28a547a64808a592bee518fa8d6c21563c8800b3d8',
    'https://storage.googleapis.com/kagglesdsdata/datasets/7399389/11785112/food-101/food-101/images/huevos_rancheros/100486.jpg?X-Goog-Algorithm=GOOG4-RSA-SHA256&X-Goog-Credential=databundle-worker-v2%40kaggle-161607.iam.gserviceaccount.com%2F20250607%2Fauto%2Fstorage%2Fgoog4_request&X-Goog-Date=20250607T142426Z&X-Goog-Expires=345600&X-Goog-SignedHeaders=host&X-Goog-Signature=6daecebb2b02e2e577ebc3837c22af6d8200c2072f454e5ff0c121bb8b736be8e3349d6dde6d0267b74bd85c3a6ab91f9ddfd681eda6aed55383a22c4544b3144fba3fa9c2a640cc3331d49c10c272321ae55b7ffafccd4219a6159351f2d5e364188b40f6f27e84ff4d40323f21752a3dadf43fc8f3410bf690f915b113143a5a7e42ec125fa1654bcb2963a9b505fe4a3a3a78904e641da5d8255c98252519499ea39aea54e69a14be2fbaf8371c9b45125ebe1bb61645d1964f739dd2c26e9534a79376c2093f412d67387f4cb53e131e3cf51143a66d5c28d4b5f7f53082e80d8af21c7d4e987866ba28a547a64808a592bee518fa8d6c21563c8800b3d8',
    'train'
);

INSERT INTO Food_Ingredient (FoodID, Ingredient)
VALUES ('f101_0058', N'4 large eggs');

INSERT INTO Food_Ingredient (FoodID, Ingredient)
VALUES ('f101_0058', N'4 corn tortillas (6-inch)');

INSERT INTO Food_Ingredient (FoodID, Ingredient)
VALUES ('f101_0058', N'1 cup canned black beans, rinsed and drained');

INSERT INTO Food_Ingredient (FoodID, Ingredient)
VALUES ('f101_0058', N'1/2 cup diced yellow onion');

INSERT INTO Food_Ingredient (FoodID, Ingredient)
VALUES ('f101_0058', N'1/2 cup diced poblano pepper');

INSERT INTO Food_Ingredient (FoodID, Ingredient)
VALUES ('f101_0058', N'1 small jalapeño pepper, minced');

INSERT INTO Food_Ingredient (FoodID, Ingredient)
VALUES ('f101_0058', N'1 1/2 teaspoons minced garlic');

INSERT INTO Food_Ingredient (FoodID, Ingredient)
VALUES ('f101_0058', N'1 (14.5-ounce) can no-salt-added crushed tomatoes (fire-roasted preferred)');

INSERT INTO Food_Ingredient (FoodID, Ingredient)
VALUES ('f101_0058', N'2 tablespoons water');

INSERT INTO Food_Ingredient (FoodID, Ingredient)
VALUES ('f101_0058', N'1/4 teaspoon salt');

INSERT INTO Food_Ingredient (FoodID, Ingredient)
VALUES ('f101_0058', N'1/4 cup shredded low-fat Mexican cheese blend');

INSERT INTO Food_Ingredient (FoodID, Ingredient)
VALUES ('f101_0058', N'1 small avocado, sliced');

INSERT INTO Food_Ingredient (FoodID, Ingredient)
VALUES ('f101_0058', N'2 tablespoons chopped fresh cilantro (optional)');

INSERT INTO Food_Ingredient (FoodID, Ingredient)
VALUES ('f101_0058', N'1 medium lime, cut into 4 wedges (optional)');

INSERT INTO Food_Ingredient (FoodID, Ingredient)
VALUES ('f101_0058', N'2 teaspoons canola or corn oil, divided');

INSERT INTO Food (FoodID, Title, Description, Calories, Instructions, ImageURL, SourceURL, Partition)
VALUES (
    'f101_0059',
    N'Hummus',
    N'Hummus is a creamy, nutty Middle Eastern dip made from blended chickpeas, tahini, fresh lemon juice, and garlic, drizzled with olive oil and sprinkled with a pinch of paprika, served with warm pita bread or crisp vegetable sticks for a smooth, flavorful appetizer.',
    155,
    N'1. In a food processor, combine tahini and lemon juice. Process for 1 minute, scrape the sides and bottom of the bowl, then process for 30 seconds more to whip the tahini. 2. Add the olive oil, minced garlic, cumin, and a 1/2 teaspoon of salt to the whipped tahini and lemon juice. Process for 30 seconds, scrape the sides and bottom of the bowl, and then process for another 30 seconds until well blended. 3. Add half of the chickpeas to the food processor and process for 1 minute. Scrape sides and bottom of the bowl, then add remaining chickpeas and process until thick and smooth, 1 to 2 minutes. 4. With the food processor running, slowly add 2 to 3 tablespoons of cold water or aquafaba until the hummus reaches the desired creamy consistency. 5. Taste and adjust salt as needed. Serve with a drizzle of olive oil and a sprinkle of paprika, sumac, or za''atar if desired. 6. This recipe yields 6 servings.',
    'https://storage.googleapis.com/kagglesdsdata/datasets/7399389/11785112/food-101/food-101/images/hummus/104077.jpg?X-Goog-Algorithm=GOOG4-RSA-SHA256&X-Goog-Credential=databundle-worker-v2%40kaggle-161607.iam.gserviceaccount.com%2F20250607%2Fauto%2Fstorage%2Fgoog4_request&X-Goog-Date=20250607T142451Z&X-Goog-Expires=345600&X-Goog-SignedHeaders=host&X-Goog-Signature=47a4dfc8dccb7e06660896f43a1cecd85ed4a45c609bc0c19afea3d2af255ac81b50edd8a0b2807ba3064c708933a82ea138ec86544a01f133a2e45ddaef562786ecb293316b2eff485a932673d5bdd84508c8e94630020074908eea6e598bd86ebe333478a38acafeac7dca47efe30ca709d462351238d426608b4a4b03bde30bc4224ad1ff41216a85bb32d42ca2e281e8e853d39f559f8609d0090c7ff9d0a3490c8a344244cfb666c80b294b4dc1f09faf5fd4806ebdcaf5dcc9d2181c38136828fbdb3e25efc9dd89f399a7715f8c192f87be5b54849b184e066b22233ba58141ddae6472c5e877d4e4f7b4e3c0451fbb5912ded254547edb3576c5f8ee',
    'https://storage.googleapis.com/kagglesdsdata/datasets/7399389/11785112/food-101/food-101/images/hummus/104077.jpg?X-Goog-Algorithm=GOOG4-RSA-SHA256&X-Goog-Credential=databundle-worker-v2%40kaggle-161607.iam.gserviceaccount.com%2F20250607%2Fauto%2Fstorage%2Fgoog4_request&X-Goog-Date=20250607T142451Z&X-Goog-Expires=345600&X-Goog-SignedHeaders=host&X-Goog-Signature=47a4dfc8dccb7e06660896f43a1cecd85ed4a45c609bc0c19afea3d2af255ac81b50edd8a0b2807ba3064c708933a82ea138ec86544a01f133a2e45ddaef562786ecb293316b2eff485a932673d5bdd84508c8e94630020074908eea6e598bd86ebe333478a38acafeac7dca47efe30ca709d462351238d426608b4a4b03bde30bc4224ad1ff41216a85bb32d42ca2e281e8e853d39f559f8609d0090c7ff9d0a3490c8a344244cfb666c80b294b4dc1f09faf5fd4806ebdcaf5dcc9d2181c38136828fbdb3e25efc9dd89f399a7715f8c192f87be5b54849b184e066b22233ba58141ddae6472c5e877d4e4f7b4e3c0451fbb5912ded254547edb3576c5f8ee',
    'train'
);

INSERT INTO Food_Ingredient (FoodID, Ingredient)
VALUES ('f101_0059', N'1 (15 oz) can chickpeas, drained and rinsed');

INSERT INTO Food_Ingredient (FoodID, Ingredient)
VALUES ('f101_0059', N'1/4 cup tahini');

INSERT INTO Food_Ingredient (FoodID, Ingredient)
VALUES ('f101_0059', N'2 tablespoons fresh lemon juice');

INSERT INTO Food_Ingredient (FoodID, Ingredient)
VALUES ('f101_0059', N'1 small garlic clove, minced');

INSERT INTO Food_Ingredient (FoodID, Ingredient)
VALUES ('f101_0059', N'2 tablespoons extra-virgin olive oil, plus more for serving');

INSERT INTO Food_Ingredient (FoodID, Ingredient)
VALUES ('f101_0059', N'1/2 teaspoon ground cumin');

INSERT INTO Food_Ingredient (FoodID, Ingredient)
VALUES ('f101_0059', N'Salt to taste');

INSERT INTO Food_Ingredient (FoodID, Ingredient)
VALUES ('f101_0059', N'2 to 3 tablespoons cold water or aquafaba (reserved chickpea liquid)');

INSERT INTO Food_Ingredient (FoodID, Ingredient)
VALUES ('f101_0059', N'Dash of ground paprika, sumac, or za''atar for garnish (optional)');

INSERT INTO Food (FoodID, Title, Description, Calories, Instructions, ImageURL, SourceURL, Partition)
VALUES (
    'f101_0060',
    N'Ice Cream',
    N'Ice Cream is a beloved frozen dessert featuring a creamy, smooth blend of sweetened milk or cream, churned into a velvety texture and offered in flavors like rich vanilla, decadent chocolate, or refreshing strawberry, often served in a cone or bowl with toppings like sprinkles, hot fudge, or fresh fruit for a delightful, indulgent treat.',
    386,
    N'1. In a medium saucepan, combine the heavy cream, whole milk, cane sugar, vanilla extract, and sea salt. 2. Warm the mixture over medium-low heat, whisking often, until the sugar dissolves and the mixture is warmed through, about 5 minutes. 3. Transfer the mixture to a heatproof bowl, cover, and refrigerate for at least 2 hours or overnight. 4. Once chilled, pour the mixture into an ice cream maker and churn according to the manufacturer''s instructions, typically 20 to 30 minutes. 5. The ice cream will have a soft texture immediately after churning. For firmer consistency, transfer it to an airtight container and freeze for 2 to 4 hours before serving. 6. This recipe yields 8 servings.',
    'https://storage.googleapis.com/kagglesdsdata/datasets/7399389/11785112/food-101/food-101/images/ice_cream/1053680.jpg?X-Goog-Algorithm=GOOG4-RSA-SHA256&X-Goog-Credential=databundle-worker-v2%40kaggle-161607.iam.gserviceaccount.com%2F20250607%2Fauto%2Fstorage%2Fgoog4_request&X-Goog-Date=20250607T142524Z&X-Goog-Expires=345600&X-Goog-SignedHeaders=host&X-Goog-Signature=56d4da4975dc07394b4ac63916542a90f5769b3f97c77cd1a1f414322d48448ea7c751e709ae9a261a9e7692592af9d0c1005068d286567e0b249e690267a30e68948dd6e783bb98d71ad29607866e59d21c58fca35a76c5fd04da0c54a846f5f1dce08bf0b66c351474f19612b3791454dded1333d076f64d15348fb968c3bc88675297be67a688e2335e6bcb951619ee919bc9b7ed2f47bbfec52ee56a0376499d87b6c20e83f493a54edcbd6deb2fc54566803625fb1ba54d4831202e0e9e24d5b69ebc9be60bac974140f9f17b2cd372866617a6bad30157bbf90c6c2b6c608889eb8807048d8a8ec59593133fc3ed3359433578135e8c8e8ca4655e76ac',
    'https://storage.googleapis.com/kagglesdsdata/datasets/7399389/11785112/food-101/food-101/images/ice_cream/1053680.jpg?X-Goog-Algorithm=GOOG4-RSA-SHA256&X-Goog-Credential=databundle-worker-v2%40kaggle-161607.iam.gserviceaccount.com%2F20250607%2Fauto%2Fstorage%2Fgoog4_request&X-Goog-Date=20250607T142524Z&X-Goog-Expires=345600&X-Goog-SignedHeaders=host&X-Goog-Signature=56d4da4975dc07394b4ac63916542a90f5769b3f97c77cd1a1f414322d48448ea7c751e709ae9a261a9e7692592af9d0c1005068d286567e0b249e690267a30e68948dd6e783bb98d71ad29607866e59d21c58fca35a76c5fd04da0c54a846f5f1dce08bf0b66c351474f19612b3791454dded1333d076f64d15348fb968c3bc88675297be67a688e2335e6bcb951619ee919bc9b7ed2f47bbfec52ee56a0376499d87b6c20e83f493a54edcbd6deb2fc54566803625fb1ba54d4831202e0e9e24d5b69ebc9be60bac974140f9f17b2cd372866617a6bad30157bbf90c6c2b6c608889eb8807048d8a8ec59593133fc3ed3359433578135e8c8e8ca4655e76ac',
    'train'
);

INSERT INTO Food_Ingredient (FoodID, Ingredient)
VALUES ('f101_0060', N'1½ cups heavy cream');

INSERT INTO Food_Ingredient (FoodID, Ingredient)
VALUES ('f101_0060', N'1½ cups whole milk');

INSERT INTO Food_Ingredient (FoodID, Ingredient)
VALUES ('f101_0060', N'⅔ cup cane sugar');

INSERT INTO Food_Ingredient (FoodID, Ingredient)
VALUES ('f101_0060', N'2 teaspoons vanilla extract');

INSERT INTO Food_Ingredient (FoodID, Ingredient)
VALUES ('f101_0060', N'⅛ teaspoon sea salt');

INSERT INTO Food (FoodID, Title, Description, Calories, Instructions, ImageURL, SourceURL, Partition)
VALUES (
    'f101_0061',
    N'Lasagna',
    N'Lasagna is a hearty Italian classic featuring layers of tender pasta sheets, rich, savory meat sauce with ground beef and tomatoes, creamy béchamel or ricotta cheese, and melted mozzarella, baked to golden perfection and garnished with fresh basil for a comforting, flavor-packed dish.',
    425,
    N'1. Preheat the oven to 325°F (163°C). Lightly coat a 9-by-13-inch baking pan with cooking spray. 2. In a large saucepan, combine the ground beef and chopped onion. Cook over medium heat until the beef is browned and the onion is translucent. Drain well. 3. Add the dried basil, oregano, garlic powder, tomato paste, tomato sauce, and water to the beef mixture. Stir to mix evenly. Bring to a boil, then reduce heat and simmer for 10 minutes. 4. Spread 1/2 cup of the sauce in the bottom of the prepared pan. Cover with a layer of uncooked lasagna noodles, then top with 1/3 of the remaining sauce, 1/3 cup of cottage cheese, and 1 cup of mozzarella cheese. Repeat the layers until all ingredients are used. 5. Cover with aluminum foil and bake for about 1 hour and 20 minutes, or until the noodles are soft and the cheese is lightly browned. 6. Let the lasagna stand for 10 minutes before serving. 7. This recipe yields 8 servings.',
    'https://storage.googleapis.com/kagglesdsdata/datasets/7399389/11785112/food-101/food-101/images/lasagna/1004570.jpg?X-Goog-Algorithm=GOOG4-RSA-SHA256&X-Goog-Credential=databundle-worker-v2%40kaggle-161607.iam.gserviceaccount.com%2F20250607%2Fauto%2Fstorage%2Fgoog4_request&X-Goog-Date=20250607T142553Z&X-Goog-Expires=345600&X-Goog-SignedHeaders=host&X-Goog-Signature=d292431645c10217bc4dee4d710cec9a53c4a4ae69008c769165fc646720ce55dfbcc45a43b03962f83bb421ea8443659ee645c222c085808c582a97bb75212f8a5c5f91e5761cbfb9ebdde293649495f77426a238fe8b1735fb0584277544be6a88f004b617bc973aa69463fdfe3c47003aa2d2eb07f8b7cd1da397f0ec023de305113484ef9d0171de7bad35ee4ae858f9d6cc285125909d706e15af86190d1aad833196caecc16e7a18ae29f4abd8b1d841301beab2033f339771ba35c56577fc74988668912d5700d7021508d0726e501a4504e4d5512faa3ad42984fd78e4cfb50596dda83ae538e53316570527b2ec4bedc9f11d418e65492f238e77e5',
    'https://storage.googleapis.com/kagglesdsdata/datasets/7399389/11785112/food-101/food-101/images/lasagna/1004570.jpg?X-Goog-Algorithm=GOOG4-RSA-SHA256&X-Goog-Credential=databundle-worker-v2%40kaggle-161607.iam.gserviceaccount.com%2F20250607%2Fauto%2Fstorage%2Fgoog4_request&X-Goog-Date=20250607T142553Z&X-Goog-Expires=345600&X-Goog-SignedHeaders=host&X-Goog-Signature=d292431645c10217bc4dee4d710cec9a53c4a4ae69008c769165fc646720ce55dfbcc45a43b03962f83bb421ea8443659ee645c222c085808c582a97bb75212f8a5c5f91e5761cbfb9ebdde293649495f77426a238fe8b1735fb0584277544be6a88f004b617bc973aa69463fdfe3c47003aa2d2eb07f8b7cd1da397f0ec023de305113484ef9d0171de7bad35ee4ae858f9d6cc285125909d706e15af86190d1aad833196caecc16e7a18ae29f4abd8b1d841301beab2033f339771ba35c56577fc74988668912d5700d7021508d0726e501a4504e4d5512faa3ad42984fd78e4cfb50596dda83ae538e53316570527b2ec4bedc9f11d418e65492f238e77e5',
    'train'
);

INSERT INTO Food_Ingredient (FoodID, Ingredient)
VALUES ('f101_0061', N'1 pound extra-lean ground beef');

INSERT INTO Food_Ingredient (FoodID, Ingredient)
VALUES ('f101_0061', N'1 onion, chopped');

INSERT INTO Food_Ingredient (FoodID, Ingredient)
VALUES ('f101_0061', N'1 1/2 teaspoons dried basil');

INSERT INTO Food_Ingredient (FoodID, Ingredient)
VALUES ('f101_0061', N'3/4 teaspoon oregano');

INSERT INTO Food_Ingredient (FoodID, Ingredient)
VALUES ('f101_0061', N'3/4 teaspoon garlic powder');

INSERT INTO Food_Ingredient (FoodID, Ingredient)
VALUES ('f101_0061', N'1 (6-ounce) can unsalted tomato paste');

INSERT INTO Food_Ingredient (FoodID, Ingredient)
VALUES ('f101_0061', N'1 (8-ounce) can unsalted tomato sauce');

INSERT INTO Food_Ingredient (FoodID, Ingredient)
VALUES ('f101_0061', N'3 1/2 cups water');

INSERT INTO Food_Ingredient (FoodID, Ingredient)
VALUES ('f101_0061', N'3/4 pound uncooked lasagna noodles');

INSERT INTO Food_Ingredient (FoodID, Ingredient)
VALUES ('f101_0061', N'1 cup low-fat cottage cheese');

INSERT INTO Food_Ingredient (FoodID, Ingredient)
VALUES ('f101_0061', N'3 cups shredded low-fat mozzarella cheese');

INSERT INTO Food (FoodID, Title, Description, Calories, Instructions, ImageURL, SourceURL, Partition)
VALUES (
    'f101_0062',
    N'Lobster Bisque',
    N'Lobster Bisque is a luxurious, velvety soup featuring a rich, creamy broth infused with the sweet, delicate flavor of fresh lobster, simmered with aromatic vegetables, a splash of brandy, and a hint of tomato, finished with a drizzle of cream and a sprinkle of chives for an elegant, indulgent starter.',
    461,
    N'1. In a large pot, bring 6 cups of water and 3/4 teaspoon salt to a boil. Add the lobster(s), cover, and steam for 15-20 minutes until the shells are bright red. Remove the lobster(s) and set aside to cool. Reserve the cooking water. 2. Once cooled, extract the lobster meat and set aside. Break the shells into small pieces. 3. In the same pot, heat olive oil over medium heat. Add the lobster shells and cook, stirring, for 5 minutes until they turn a deeper red. 4. Add the onion, carrot, celery, thyme, and garlic. Cook for another 5 minutes until the vegetables soften. 5. Stir in the tomato paste, cayenne pepper, and bay leaf. Cook for 2 minutes to concentrate the flavors. 6. Add 5 cups of the reserved lobster cooking water and the white wine. Bring to a boil, then reduce heat and simmer, covered, for 45 minutes. 7. Strain the stock through a colander into a large bowl, discarding the solids. Rinse the pot and strain the stock again through a fine mesh strainer back into the pot. 8. In a small bowl, mix the butter and flour together to form a beurre manié. 9. Add the sherry to the strained stock and bring to a simmer over medium heat. Whisk in the beurre manié and continue to simmer for 5 minutes until the bisque thickens. 10. Stir in the heavy cream and bring back to a simmer. Add the reserved lobster meat and cook for 1-2 minutes until heated through. 11. Stir in the lemon juice and season with additional salt if needed. 12. This recipe yields 6 servings.',
    'https://storage.googleapis.com/kagglesdsdata/datasets/7399389/11785112/food-101/food-101/images/lobster_bisque/1028911.jpg?X-Goog-Algorithm=GOOG4-RSA-SHA256&X-Goog-Credential=databundle-worker-v2%40kaggle-161607.iam.gserviceaccount.com%2F20250607%2Fauto%2Fstorage%2Fgoog4_request&X-Goog-Date=20250607T142636Z&X-Goog-Expires=345600&X-Goog-SignedHeaders=host&X-Goog-Signature=57ff95aa0e90f10c2a21b0d40e5a6c8de8d976a5b221089479d458e47dada8e2b34ed72a6ec88d81720e3bfb3f9ffd6fd87560231039178103e4c3308c51d93c31da848f5491e9c4c506fa5b4bc633cddd5f3323c8f1904bfebf06644d900efc620279ed89d073440846e7e64864e1bcd3ed52f91a095c9591e1ecdc95b694041cb300945095c6cfb1ea81abf82eaeea8bccdfbeab2e87d05c04a5afe5db1f7e21249e86a98607d80d8e32ad0ec0939cd2e612ac74353d97f800f0cbe9a6a186cc240603dfe4ad03b64b044bb615201655c957ea409a34633b5a98326498dd5b8ac8239ba289cacb80a7c3a2afbabb3efc3beaa7a14be233d49589d1101866e2',
    'https://storage.googleapis.com/kagglesdsdata/datasets/7399389/11785112/food-101/food-101/images/lobster_bisque/1028911.jpg?X-Goog-Algorithm=GOOG4-RSA-SHA256&X-Goog-Credential=databundle-worker-v2%40kaggle-161607.iam.gserviceaccount.com%2F20250607%2Fauto%2Fstorage%2Fgoog4_request&X-Goog-Date=20250607T142636Z&X-Goog-Expires=345600&X-Goog-SignedHeaders=host&X-Goog-Signature=57ff95aa0e90f10c2a21b0d40e5a6c8de8d976a5b221089479d458e47dada8e2b34ed72a6ec88d81720e3bfb3f9ffd6fd87560231039178103e4c3308c51d93c31da848f5491e9c4c506fa5b4bc633cddd5f3323c8f1904bfebf06644d900efc620279ed89d073440846e7e64864e1bcd3ed52f91a095c9591e1ecdc95b694041cb300945095c6cfb1ea81abf82eaeea8bccdfbeab2e87d05c04a5afe5db1f7e21249e86a98607d80d8e32ad0ec0939cd2e612ac74353d97f800f0cbe9a6a186cc240603dfe4ad03b64b044bb615201655c957ea409a34633b5a98326498dd5b8ac8239ba289cacb80a7c3a2afbabb3efc3beaa7a14be233d49589d1101866e2',
    'train'
);

INSERT INTO Food_Ingredient (FoodID, Ingredient)
VALUES ('f101_0062', N'1 large (2-pound) or 2 small (1-pound) live lobsters');

INSERT INTO Food_Ingredient (FoodID, Ingredient)
VALUES ('f101_0062', N'7 cups water, divided');

INSERT INTO Food_Ingredient (FoodID, Ingredient)
VALUES ('f101_0062', N'3/4 teaspoon salt, plus more to taste');

INSERT INTO Food_Ingredient (FoodID, Ingredient)
VALUES ('f101_0062', N'2 tablespoons olive oil');

INSERT INTO Food_Ingredient (FoodID, Ingredient)
VALUES ('f101_0062', N'1 medium yellow onion, sliced');

INSERT INTO Food_Ingredient (FoodID, Ingredient)
VALUES ('f101_0062', N'1 medium carrot, sliced');

INSERT INTO Food_Ingredient (FoodID, Ingredient)
VALUES ('f101_0062', N'1 stalk celery, sliced');

INSERT INTO Food_Ingredient (FoodID, Ingredient)
VALUES ('f101_0062', N'2 sprigs fresh thyme');

INSERT INTO Food_Ingredient (FoodID, Ingredient)
VALUES ('f101_0062', N'1 clove garlic, sliced');

INSERT INTO Food_Ingredient (FoodID, Ingredient)
VALUES ('f101_0062', N'2 tablespoons tomato paste');

INSERT INTO Food_Ingredient (FoodID, Ingredient)
VALUES ('f101_0062', N'Pinch cayenne pepper or to taste');

INSERT INTO Food_Ingredient (FoodID, Ingredient)
VALUES ('f101_0062', N'1 dry bay leaf');

INSERT INTO Food_Ingredient (FoodID, Ingredient)
VALUES ('f101_0062', N'1 cup dry white wine');

INSERT INTO Food_Ingredient (FoodID, Ingredient)
VALUES ('f101_0062', N'2 1/2 tablespoons unsalted butter, at room temperature');

INSERT INTO Food_Ingredient (FoodID, Ingredient)
VALUES ('f101_0062', N'6 tablespoons all-purpose flour');

INSERT INTO Food_Ingredient (FoodID, Ingredient)
VALUES ('f101_0062', N'1/3 cup cream sherry');

INSERT INTO Food_Ingredient (FoodID, Ingredient)
VALUES ('f101_0062', N'1 cup heavy cream');

INSERT INTO Food_Ingredient (FoodID, Ingredient)
VALUES ('f101_0062', N'2 tablespoons fresh lemon juice');

INSERT INTO Food (FoodID, Title, Description, Calories, Instructions, ImageURL, SourceURL, Partition)
VALUES (
    'f101_0063',
    N'Lobster Roll Sandwich',
    N'Lobster Roll Sandwich is a coastal New England classic featuring succulent, lightly dressed lobster meat, tossed with a touch of mayonnaise or warm butter, nestled in a soft, toasted split-top bun, often accented with crisp lettuce and a sprinkle of chives, served with a side of crunchy potato chips for a fresh, luxurious treat.',
    369,
    N'1. Lightly butter the insides of the buns and line each with a lettuce leaf. Set aside. 2. In a medium bowl, mix together the mayonnaise, lime juice, hot pepper sauce, salt, and pepper until well blended. 3. Stir in the chopped green onions and celery. 4. Gently fold in the chopped lobster meat until just coated with the dressing. 5. Stuff the lobster mixture into the prepared buns. 6. Sprinkle with dried basil, parsley, or tarragon as desired. 7. This recipe yields 4 servings.',
    'https://storage.googleapis.com/kagglesdsdata/datasets/7399389/11785112/food-101/food-101/images/lobster_roll_sandwich/100009.jpg?X-Goog-Algorithm=GOOG4-RSA-SHA256&X-Goog-Credential=databundle-worker-v2%40kaggle-161607.iam.gserviceaccount.com%2F20250607%2Fauto%2Fstorage%2Fgoog4_request&X-Goog-Date=20250607T142717Z&X-Goog-Expires=345600&X-Goog-SignedHeaders=host&X-Goog-Signature=413c156e331160c20f45507722d25a9e8f2f95334398333bee10e6e4c7dc64affb64215d9ee2e1ec706eb129054b21187af5ac1fbe1eb224136bb06e1fb8592f83df9b36ab3719aa6c2676e65a91cb7d3bccd3b35e0525a7f067dbf9011b171423b8a0e297d6b9757a550bd9f1b189376a77acb3196707c762ab950df583be2e7a67df0edae0dc3e57e661bc49ebab8dc942d30bb87a984c3d334658ccbd1a95aa8e0a5b1b9b4aaa565bdecdcf2b2aec6358fe2e11f77c9df72aff981903bfa9725e400e9c0892c31f6bf18fac7416029a5c979b57d865f3f8f07bf910eb0dd0d99a3d9e66d3e2350abf5d3fe79d8aae0c4e198eb82bd6115a93bcdfc1fbd833',
    'https://storage.googleapis.com/kagglesdsdata/datasets/7399389/11785112/food-101/food-101/images/lobster_roll_sandwich/100009.jpg?X-Goog-Algorithm=GOOG4-RSA-SHA256&X-Goog-Credential=databundle-worker-v2%40kaggle-161607.iam.gserviceaccount.com%2F20250607%2Fauto%2Fstorage%2Fgoog4_request&X-Goog-Date=20250607T142717Z&X-Goog-Expires=345600&X-Goog-SignedHeaders=host&X-Goog-Signature=413c156e331160c20f45507722d25a9e8f2f95334398333bee10e6e4c7dc64affb64215d9ee2e1ec706eb129054b21187af5ac1fbe1eb224136bb06e1fb8592f83df9b36ab3719aa6c2676e65a91cb7d3bccd3b35e0525a7f067dbf9011b171423b8a0e297d6b9757a550bd9f1b189376a77acb3196707c762ab950df583be2e7a67df0edae0dc3e57e661bc49ebab8dc942d30bb87a984c3d334658ccbd1a95aa8e0a5b1b9b4aaa565bdecdcf2b2aec6358fe2e11f77c9df72aff981903bfa9725e400e9c0892c31f6bf18fac7416029a5c979b57d865f3f8f07bf910eb0dd0d99a3d9e66d3e2350abf5d3fe79d8aae0c4e198eb82bd6115a93bcdfc1fbd833',
    'train'
);

INSERT INTO Food_Ingredient (FoodID, Ingredient)
VALUES ('f101_0063', N'1 ½ pounds cooked lobster meat, chopped');

INSERT INTO Food_Ingredient (FoodID, Ingredient)
VALUES ('f101_0063', N'4 hot dog buns or New England-style split-top rolls');

INSERT INTO Food_Ingredient (FoodID, Ingredient)
VALUES ('f101_0063', N'1 tablespoon butter, softened');

INSERT INTO Food_Ingredient (FoodID, Ingredient)
VALUES ('f101_0063', N'4 lettuce leaves');

INSERT INTO Food_Ingredient (FoodID, Ingredient)
VALUES ('f101_0063', N'2 tablespoons mayonnaise');

INSERT INTO Food_Ingredient (FoodID, Ingredient)
VALUES ('f101_0063', N'1 teaspoon fresh lime juice');

INSERT INTO Food_Ingredient (FoodID, Ingredient)
VALUES ('f101_0063', N'1 dash hot pepper sauce (e.g., Tabasco)');

INSERT INTO Food_Ingredient (FoodID, Ingredient)
VALUES ('f101_0063', N'Salt and pepper to taste');

INSERT INTO Food_Ingredient (FoodID, Ingredient)
VALUES ('f101_0063', N'2 green onions, chopped');

INSERT INTO Food_Ingredient (FoodID, Ingredient)
VALUES ('f101_0063', N'1 rib celery, finely chopped');

INSERT INTO Food_Ingredient (FoodID, Ingredient)
VALUES ('f101_0063', N'1 pinch dried basil, parsley, or tarragon');

INSERT INTO Food (FoodID, Title, Description, Calories, Instructions, ImageURL, SourceURL, Partition)
VALUES (
    'f101_0064',
    N'Macaroni And Cheese',
    N'Macaroni and Cheese is a comforting American classic featuring tender elbow pasta enveloped in a creamy, velvety cheese sauce made from a blend of sharp cheddar and smooth mozzarella, baked until golden and bubbly, often topped with crispy breadcrumbs for a delightful, heartwarming dish.',
    845,
    N'1. Preheat oven to 350°F (175°C). 2. Bring a large pot of lightly salted water to a boil. Add macaroni and cook until al dente, about 8 minutes. Drain. 3. In a saucepan, melt butter over medium heat. Stir in flour, salt, pepper, and paprika until smooth. Slowly add milk, stirring constantly. Cook and stir until the mixture thickens and bubbles. 4. Remove from heat and stir in cheddar and Parmesan cheeses until melted. 5. Combine the cooked macaroni and cheese sauce. Pour into a lightly greased 2-quart baking dish. 6. If desired, sprinkle bread crumbs over the top. 7. Bake in the preheated oven for 20 to 25 minutes, or until bubbly and golden brown on top. 8. This recipe yields 4 servings.',
    'https://storage.googleapis.com/kagglesdsdata/datasets/7399389/11785112/food-101/food-101/images/macaroni_and_cheese/1018941.jpg?X-Goog-Algorithm=GOOG4-RSA-SHA256&X-Goog-Credential=databundle-worker-v2%40kaggle-161607.iam.gserviceaccount.com%2F20250607%2Fauto%2Fstorage%2Fgoog4_request&X-Goog-Date=20250607T142747Z&X-Goog-Expires=345600&X-Goog-SignedHeaders=host&X-Goog-Signature=9325615b4e56580b58fcc83ebb2ec0e44af92bf4e40c97bb81dab83ecb7ba2e63e4052d3d3f9555595b745e13493997321b2b8219ca237508c2ca1004eb03b160c907d1b0f935c8230ae7b4f49a2f1cc49282b8e207b5a87c508508663f9b02f4c946560d2c00f8a340dd200a1bc105d9bbbe044bbd6f4141393ebfc874273c631465c5022fe29327731443237cb78ccaba42d016d0d3b6bf2ffb655061c720691c7bcb3cb80f6c57eeaf2f9d854735ca64d397a02fcbbe52c7457761e3392589302a93aea375d143f104ca0abad5b5bb3a5b243177e98b5a3e8df1e77db727abd5ff9b14c82364fec82fa80dd43f56497e7e5ac387540378358e22a03618896',
    'https://storage.googleapis.com/kagglesdsdata/datasets/7399389/11785112/food-101/food-101/images/macaroni_and_cheese/1018941.jpg?X-Goog-Algorithm=GOOG4-RSA-SHA256&X-Goog-Credential=databundle-worker-v2%40kaggle-161607.iam.gserviceaccount.com%2F20250607%2Fauto%2Fstorage%2Fgoog4_request&X-Goog-Date=20250607T142747Z&X-Goog-Expires=345600&X-Goog-SignedHeaders=host&X-Goog-Signature=9325615b4e56580b58fcc83ebb2ec0e44af92bf4e40c97bb81dab83ecb7ba2e63e4052d3d3f9555595b745e13493997321b2b8219ca237508c2ca1004eb03b160c907d1b0f935c8230ae7b4f49a2f1cc49282b8e207b5a87c508508663f9b02f4c946560d2c00f8a340dd200a1bc105d9bbbe044bbd6f4141393ebfc874273c631465c5022fe29327731443237cb78ccaba42d016d0d3b6bf2ffb655061c720691c7bcb3cb80f6c57eeaf2f9d854735ca64d397a02fcbbe52c7457761e3392589302a93aea375d143f104ca0abad5b5bb3a5b243177e98b5a3e8df1e77db727abd5ff9b14c82364fec82fa80dd43f56497e7e5ac387540378358e22a03618896',
    'train'
);

INSERT INTO Food_Ingredient (FoodID, Ingredient)
VALUES ('f101_0064', N'8 ounces (about 2 cups) elbow macaroni');

INSERT INTO Food_Ingredient (FoodID, Ingredient)
VALUES ('f101_0064', N'2 cups shredded sharp cheddar cheese');

INSERT INTO Food_Ingredient (FoodID, Ingredient)
VALUES ('f101_0064', N'1/2 cup grated Parmesan cheese');

INSERT INTO Food_Ingredient (FoodID, Ingredient)
VALUES ('f101_0064', N'3 cups milk');

INSERT INTO Food_Ingredient (FoodID, Ingredient)
VALUES ('f101_0064', N'1/4 cup butter');

INSERT INTO Food_Ingredient (FoodID, Ingredient)
VALUES ('f101_0064', N'2 1/2 tablespoons all-purpose flour');

INSERT INTO Food_Ingredient (FoodID, Ingredient)
VALUES ('f101_0064', N'1/2 teaspoon salt');

INSERT INTO Food_Ingredient (FoodID, Ingredient)
VALUES ('f101_0064', N'1/2 teaspoon ground black pepper');

INSERT INTO Food_Ingredient (FoodID, Ingredient)
VALUES ('f101_0064', N'1/2 teaspoon paprika (optional)');

INSERT INTO Food_Ingredient (FoodID, Ingredient)
VALUES ('f101_0064', N'1/2 cup bread crumbs (optional, for topping)');

INSERT INTO Food (FoodID, Title, Description, Calories, Instructions, ImageURL, SourceURL, Partition)
VALUES (
    'f101_0065',
    N'Macarons',
    N'Macarons are delicate French confections featuring smooth, crisp almond meringue shells with a chewy center, sandwiched around a creamy filling of ganache, buttercream, or fruit curd in flavors like raspberry, chocolate, or pistachio, offering a burst of sweetness in every colorful, elegant bite.',
    151,
    N'1. Line two baking sheets with parchment paper or silicone mats. Prepare a piping bag fitted with a round tip. 2. Sift together the almond flour and powdered sugar into a large bowl. Discard any large particles. 3. In a clean, grease-free bowl, beat the egg whites and salt until foamy. Gradually add the granulated sugar while continuing to beat until stiff, glossy peaks form. 4. Gently fold the dry ingredients into the meringue in three additions. Add vanilla extract and gel food coloring if desired. Continue folding until the batter flows in thick ribbons and you can draw a figure ''8'' without the batter breaking. 5. Transfer the batter to the prepared piping bag. Pipe 1.5-inch (3.8 cm) circles onto the prepared baking sheets, spacing them about 1 inch (2.5 cm) apart. 6. Tap the baking sheets firmly against the counter to release any air bubbles. Let the piped macarons sit at room temperature for 30 to 60 minutes, or until a skin forms on the surface. 7. Preheat the oven to 300°F (150°C). 8. Bake the macarons one sheet at a time for 15 to 18 minutes. The macarons are done when they have risen to form ''feet'' and do not wobble when gently touched. 9. Allow the macarons to cool completely on the baking sheets before removing them. 10. Pair the macaron shells by size and fill with your choice of filling. Gently sandwich the shells together. 11. For best results, refrigerate the filled macarons in an airtight container for 24 hours to allow the flavors to meld. 12. This recipe yields approximately 17 macarons (34 shells).',
    'https://storage.googleapis.com/kagglesdsdata/datasets/7399389/11785112/food-101/food-101/images/macarons/1003224.jpg?X-Goog-Algorithm=GOOG4-RSA-SHA256&X-Goog-Credential=databundle-worker-v2%40kaggle-161607.iam.gserviceaccount.com%2F20250607%2Fauto%2Fstorage%2Fgoog4_request&X-Goog-Date=20250607T142822Z&X-Goog-Expires=345600&X-Goog-SignedHeaders=host&X-Goog-Signature=d22f1c2de304a0bb845095cd5dcf814c9180220b9813858daeb22d7120b77857f740b4b56ff33bdce82b2afe8b048418c769ccd003a253087990c8cac86c43c2757eb65c67a45248a68b9a9af66e0c4abfbe680a98e63a0565ee40907326f52c0533b87d3738333728e7441ce02f80100ded6c06dbfac920acce3d88562df1a54fcf145817af75c07aa2985740da060380aa0727d4d04eca1cca125ad96fe4a6576fcbe09ccfbf9ff8a6de3b555022bdb4f69e7018b387157da364dc2ad27fa14d015d427f6af10caddcca24834fa721eacfd963e04f05a188824040bdd0c9894a852d7830e09d7f2d72421408eb285e68f7c1781ff93124e2c736672c8d9e9e',
    'https://storage.googleapis.com/kagglesdsdata/datasets/7399389/11785112/food-101/food-101/images/macarons/1003224.jpg?X-Goog-Algorithm=GOOG4-RSA-SHA256&X-Goog-Credential=databundle-worker-v2%40kaggle-161607.iam.gserviceaccount.com%2F20250607%2Fauto%2Fstorage%2Fgoog4_request&X-Goog-Date=20250607T142822Z&X-Goog-Expires=345600&X-Goog-SignedHeaders=host&X-Goog-Signature=d22f1c2de304a0bb845095cd5dcf814c9180220b9813858daeb22d7120b77857f740b4b56ff33bdce82b2afe8b048418c769ccd003a253087990c8cac86c43c2757eb65c67a45248a68b9a9af66e0c4abfbe680a98e63a0565ee40907326f52c0533b87d3738333728e7441ce02f80100ded6c06dbfac920acce3d88562df1a54fcf145817af75c07aa2985740da060380aa0727d4d04eca1cca125ad96fe4a6576fcbe09ccfbf9ff8a6de3b555022bdb4f69e7018b387157da364dc2ad27fa14d015d427f6af10caddcca24834fa721eacfd963e04f05a188824040bdd0c9894a852d7830e09d7f2d72421408eb285e68f7c1781ff93124e2c736672c8d9e9e',
    'train'
);

INSERT INTO Food_Ingredient (FoodID, Ingredient)
VALUES ('f101_0065', N'3 large egg whites (approximately 100g), aged at room temperature');

INSERT INTO Food_Ingredient (FoodID, Ingredient)
VALUES ('f101_0065', N'1 1/2 cups (140g) almond flour');

INSERT INTO Food_Ingredient (FoodID, Ingredient)
VALUES ('f101_0065', N'1 cup (120g) powdered sugar');

INSERT INTO Food_Ingredient (FoodID, Ingredient)
VALUES ('f101_0065', N'1/4 teaspoon salt');

INSERT INTO Food_Ingredient (FoodID, Ingredient)
VALUES ('f101_0065', N'1/2 cup (100g) granulated sugar');

INSERT INTO Food_Ingredient (FoodID, Ingredient)
VALUES ('f101_0065', N'1/2 teaspoon vanilla extract');

INSERT INTO Food_Ingredient (FoodID, Ingredient)
VALUES ('f101_0065', N'Gel food coloring (optional)');

INSERT INTO Food_Ingredient (FoodID, Ingredient)
VALUES ('f101_0065', N'Filling of choice (e.g., buttercream, ganache, or jam)');

INSERT INTO Food (FoodID, Title, Description, Calories, Instructions, ImageURL, SourceURL, Partition)
VALUES (
    'f101_0066',
    N'Miso Soup',
    N'Miso Soup is a traditional Japanese comfort dish featuring a delicate, umami-rich broth made from fermented miso paste, dashi, and soy, brimming with silky tofu cubes, tender seaweed, and sliced green onions, served piping hot for a light, soul-warming starter.',
    63,
    N'1. In a medium saucepan, bring the dashi to a gentle simmer over medium heat. 2. Place the miso paste in a small bowl. Add a ladleful of the hot dashi to the miso and whisk until smooth to create a slurry. 3. Stir the miso slurry back into the saucepan with the remaining dashi. Reduce heat to low and ensure the soup does not boil, as boiling can diminish the flavor and health benefits of miso. 4. Add the cubed tofu and rehydrated wakame seaweed to the soup. Simmer gently for 2 to 3 minutes until warmed through. 5. Remove from heat and garnish with sliced green onions before serving. 6. This recipe yields 4 servings.',
    'https://storage.googleapis.com/kagglesdsdata/datasets/7399389/11785112/food-101/food-101/images/miso_soup/1046478.jpg?X-Goog-Algorithm=GOOG4-RSA-SHA256&X-Goog-Credential=databundle-worker-v2%40kaggle-161607.iam.gserviceaccount.com%2F20250607%2Fauto%2Fstorage%2Fgoog4_request&X-Goog-Date=20250607T142852Z&X-Goog-Expires=345600&X-Goog-SignedHeaders=host&X-Goog-Signature=1d24389a68f80b840b191af3a2be97a9cd46829fc617013374ad94eee12a439cb241eebed4346b23a8eae9ff11f0d1a7fac38932b18c9c2a28a6d7844842a8675fd6f450f06630c749cc56c987e9fab98ff1e76403d3ac6dda637b0a5bd60d0f3d1cf44e2d53a54a2648ba3eb3b183ffa833418ce044cb9f2935bfe7189a358d3ecaa7bb339593e3e9fcf8b54140fa007aee6b29733f915d2f10e0d40212ab2847f4ad01ef97c4c22bc7466d3b0490d334555b227c891d77bdda6f1b3ae0b98dc845904ffcb6b70dc7f3fb6df244ca2025474cc8636120a57781c2f4d30a71e500534023d5d7b5998c96f72a787d944c51f6fd6b82711dd35d63db1826c74197',
    'https://storage.googleapis.com/kagglesdsdata/datasets/7399389/11785112/food-101/food-101/images/miso_soup/1046478.jpg?X-Goog-Algorithm=GOOG4-RSA-SHA256&X-Goog-Credential=databundle-worker-v2%40kaggle-161607.iam.gserviceaccount.com%2F20250607%2Fauto%2Fstorage%2Fgoog4_request&X-Goog-Date=20250607T142852Z&X-Goog-Expires=345600&X-Goog-SignedHeaders=host&X-Goog-Signature=1d24389a68f80b840b191af3a2be97a9cd46829fc617013374ad94eee12a439cb241eebed4346b23a8eae9ff11f0d1a7fac38932b18c9c2a28a6d7844842a8675fd6f450f06630c749cc56c987e9fab98ff1e76403d3ac6dda637b0a5bd60d0f3d1cf44e2d53a54a2648ba3eb3b183ffa833418ce044cb9f2935bfe7189a358d3ecaa7bb339593e3e9fcf8b54140fa007aee6b29733f915d2f10e0d40212ab2847f4ad01ef97c4c22bc7466d3b0490d334555b227c891d77bdda6f1b3ae0b98dc845904ffcb6b70dc7f3fb6df244ca2025474cc8636120a57781c2f4d30a71e500534023d5d7b5998c96f72a787d944c51f6fd6b82711dd35d63db1826c74197',
    'train'
);

INSERT INTO Food_Ingredient (FoodID, Ingredient)
VALUES ('f101_0066', N'4 cups dashi (Japanese soup stock)');

INSERT INTO Food_Ingredient (FoodID, Ingredient)
VALUES ('f101_0066', N'3 tablespoons white miso paste');

INSERT INTO Food_Ingredient (FoodID, Ingredient)
VALUES ('f101_0066', N'7 ounces (200g) silken tofu, cubed');

INSERT INTO Food_Ingredient (FoodID, Ingredient)
VALUES ('f101_0066', N'1 tablespoon dried wakame seaweed');

INSERT INTO Food_Ingredient (FoodID, Ingredient)
VALUES ('f101_0066', N'2 green onions, thinly sliced');

INSERT INTO Food (FoodID, Title, Description, Calories, Instructions, ImageURL, SourceURL, Partition)
VALUES (
    'f101_0067',
    N'Mussels',
    N'Mussels are a delectable seafood dish featuring tender, plump mollusks steamed in a fragrant broth of white wine, garlic, and fresh herbs, often with a touch of cream or tomato, served with crusty bread to soak up the flavorful juices for a sophisticated, briny delight.',
    510,
    N'1. Melt the butter in a large pot with a lid over medium heat. Add the sliced shallots and chopped garlic; cook until softened, about 5 minutes. 2. Pour in the chicken stock and white wine. Bring the mixture to a simmer. 3. Add the cleaned mussels to the pot, stir to combine, and cover with the lid. Steam the mussels until they open, about 6 to 10 minutes. Discard any mussels that do not open. 4. Remove the pot from the heat. Stir in the chopped parsley and season the broth with salt and freshly ground black pepper to taste. 5. Serve the mussels in bowls with the broth, accompanied by lemon wedges and crusty bread for dipping. 6. This recipe yields 2 servings.',
    'https://storage.googleapis.com/kagglesdsdata/datasets/7399389/11785112/food-101/food-101/images/mussels/1009170.jpg?X-Goog-Algorithm=GOOG4-RSA-SHA256&X-Goog-Credential=databundle-worker-v2%40kaggle-161607.iam.gserviceaccount.com%2F20250607%2Fauto%2Fstorage%2Fgoog4_request&X-Goog-Date=20250607T142936Z&X-Goog-Expires=345600&X-Goog-SignedHeaders=host&X-Goog-Signature=4c26d555a5e0147e4f6db7cfb1749f369a3df460c3492fe2749233759fd48930bdb362e8a73cf6f761e1631df0890e5c8a086ee1a8e2f7bec7dc898dca7929832ebf62c1ef01988294364a0f5ab6dfca7ddc7da8d83f4cbe6873adf61a2b1067900121864e5a2ad2507d1bc6f72e5db39ccd94e73ca8479aadd708c081246041a46c09044f8f1fb0bd94e841e6b998f4a250689ea0d30b5a4afb5562924513eb3616b7cfd5dbbd3b4c887993351cfe87cab5d208d60faa33604271176cdfbd5974de26b1969d126decc5432368e9e41ce9a2be9fcb9b85739741af113721940cf49d076eaf22eeefc1f9b7659c4a141fb21ecd95fcc4ed34b871f18efaf078e4',
    'https://storage.googleapis.com/kagglesdsdata/datasets/7399389/11785112/food-101/food-101/images/mussels/1009170.jpg?X-Goog-Algorithm=GOOG4-RSA-SHA256&X-Goog-Credential=databundle-worker-v2%40kaggle-161607.iam.gserviceaccount.com%2F20250607%2Fauto%2Fstorage%2Fgoog4_request&X-Goog-Date=20250607T142936Z&X-Goog-Expires=345600&X-Goog-SignedHeaders=host&X-Goog-Signature=4c26d555a5e0147e4f6db7cfb1749f369a3df460c3492fe2749233759fd48930bdb362e8a73cf6f761e1631df0890e5c8a086ee1a8e2f7bec7dc898dca7929832ebf62c1ef01988294364a0f5ab6dfca7ddc7da8d83f4cbe6873adf61a2b1067900121864e5a2ad2507d1bc6f72e5db39ccd94e73ca8479aadd708c081246041a46c09044f8f1fb0bd94e841e6b998f4a250689ea0d30b5a4afb5562924513eb3616b7cfd5dbbd3b4c887993351cfe87cab5d208d60faa33604271176cdfbd5974de26b1969d126decc5432368e9e41ce9a2be9fcb9b85739741af113721940cf49d076eaf22eeefc1f9b7659c4a141fb21ecd95fcc4ed34b871f18efaf078e4',
    'train'
);

INSERT INTO Food_Ingredient (FoodID, Ingredient)
VALUES ('f101_0067', N'2 pounds (900g) fresh mussels, cleaned and debearded');

INSERT INTO Food_Ingredient (FoodID, Ingredient)
VALUES ('f101_0067', N'1 tablespoon butter');

INSERT INTO Food_Ingredient (FoodID, Ingredient)
VALUES ('f101_0067', N'2 small shallots, thinly sliced');

INSERT INTO Food_Ingredient (FoodID, Ingredient)
VALUES ('f101_0067', N'2 garlic cloves, finely chopped');

INSERT INTO Food_Ingredient (FoodID, Ingredient)
VALUES ('f101_0067', N'1 cup (236ml) low-sodium chicken stock');

INSERT INTO Food_Ingredient (FoodID, Ingredient)
VALUES ('f101_0067', N'1/2 cup (118ml) dry white wine (e.g., Pinot Grigio, Sauvignon Blanc)');

INSERT INTO Food_Ingredient (FoodID, Ingredient)
VALUES ('f101_0067', N'1/4 cup roughly chopped fresh parsley');

INSERT INTO Food_Ingredient (FoodID, Ingredient)
VALUES ('f101_0067', N'Salt and freshly ground black pepper to taste');

INSERT INTO Food_Ingredient (FoodID, Ingredient)
VALUES ('f101_0067', N'Lemon wedges, for serving');

INSERT INTO Food_Ingredient (FoodID, Ingredient)
VALUES ('f101_0067', N'Crusty bread, for serving');

INSERT INTO Food (FoodID, Title, Description, Calories, Instructions, ImageURL, SourceURL, Partition)
VALUES (
    'f101_0068',
    N'Nachos',
    N'Nachos are a vibrant Mexican favorite featuring crispy, golden tortilla chips layered with melted cheddar and Monterey Jack cheeses, topped with spicy jalapeños, tangy salsa, creamy guacamole, and a dollop of sour cream, often studded with seasoned ground beef or shredded chicken for a bold, shareable appetizer.',
    648,
    N'1. Preheat the oven to 400°F (200°C). 2. In a skillet over medium heat, heat olive oil. Add chopped onion and cook for 5 minutes until softened. 3. Add ground beef, chili powder, coriander, oregano, and salt. Cook until beef is browned, about 8 to 10 minutes. Remove from heat. 4. On a large sheet pan, spread out the tortilla chips in an even layer. 5. Evenly distribute the cooked beef mixture over the chips. 6. Top with chopped bell pepper, black beans, corn, black olives, and shredded cheese. 7. Bake in the preheated oven for 10 to 15 minutes, or until the cheese is melted and bubbly. 8. Remove from oven and garnish with optional toppings as desired. 9. This recipe yields 6 servings.',
    'https://storage.googleapis.com/kagglesdsdata/datasets/7399389/11785112/food-101/food-101/images/nachos/103312.jpg?X-Goog-Algorithm=GOOG4-RSA-SHA256&X-Goog-Credential=databundle-worker-v2%40kaggle-161607.iam.gserviceaccount.com%2F20250607%2Fauto%2Fstorage%2Fgoog4_request&X-Goog-Date=20250607T143008Z&X-Goog-Expires=345600&X-Goog-SignedHeaders=host&X-Goog-Signature=8756346d6e00b4f785e6a841f62fcac6245d5fe670a7c7d1c48c0772bc38cf753216e38da3cfe915349dbae1ff0f8d13942ad8dd8c1a34eb2b717caa319abb4dd0324bd3c6f7c86ad76c8dea0769808d4826fdd0bc8edcf911fc4e454358eb0e073d7907d8456d8e9ef2cb715783e6d555ec2aa03236d9ffb8047dc81c2f9ef74f1208695a02121963e5844f6da39cca144f519c76aac7865d35f597f0165359fadfcb830e5cbf4123f858a18f1247198e32c9b8f1781002ff715091a0afc86479fb4cfafc4d1079b11155f88058083dfeb23fc515f0865943c5bb27571fd851a3956155077a1c7911f010361327570e3dceda6736fc6b328cef5a2c34b30ef0',
    'https://storage.googleapis.com/kagglesdsdata/datasets/7399389/11785112/food-101/food-101/images/nachos/103312.jpg?X-Goog-Algorithm=GOOG4-RSA-SHA256&X-Goog-Credential=databundle-worker-v2%40kaggle-161607.iam.gserviceaccount.com%2F20250607%2Fauto%2Fstorage%2Fgoog4_request&X-Goog-Date=20250607T143008Z&X-Goog-Expires=345600&X-Goog-SignedHeaders=host&X-Goog-Signature=8756346d6e00b4f785e6a841f62fcac6245d5fe670a7c7d1c48c0772bc38cf753216e38da3cfe915349dbae1ff0f8d13942ad8dd8c1a34eb2b717caa319abb4dd0324bd3c6f7c86ad76c8dea0769808d4826fdd0bc8edcf911fc4e454358eb0e073d7907d8456d8e9ef2cb715783e6d555ec2aa03236d9ffb8047dc81c2f9ef74f1208695a02121963e5844f6da39cca144f519c76aac7865d35f597f0165359fadfcb830e5cbf4123f858a18f1247198e32c9b8f1781002ff715091a0afc86479fb4cfafc4d1079b11155f88058083dfeb23fc515f0865943c5bb27571fd851a3956155077a1c7911f010361327570e3dceda6736fc6b328cef5a2c34b30ef0',
    'train'
);

INSERT INTO Food_Ingredient (FoodID, Ingredient)
VALUES ('f101_0068', N'1 tablespoon olive oil');

INSERT INTO Food_Ingredient (FoodID, Ingredient)
VALUES ('f101_0068', N'1 medium onion, chopped');

INSERT INTO Food_Ingredient (FoodID, Ingredient)
VALUES ('f101_0068', N'1 pound ground beef (80% lean)');

INSERT INTO Food_Ingredient (FoodID, Ingredient)
VALUES ('f101_0068', N'1 teaspoon chili powder');

INSERT INTO Food_Ingredient (FoodID, Ingredient)
VALUES ('f101_0068', N'1 teaspoon ground coriander');

INSERT INTO Food_Ingredient (FoodID, Ingredient)
VALUES ('f101_0068', N'1/2 teaspoon dried oregano');

INSERT INTO Food_Ingredient (FoodID, Ingredient)
VALUES ('f101_0068', N'3/4 teaspoon kosher salt');

INSERT INTO Food_Ingredient (FoodID, Ingredient)
VALUES ('f101_0068', N'1 (16-ounce) bag sturdy tortilla chips');

INSERT INTO Food_Ingredient (FoodID, Ingredient)
VALUES ('f101_0068', N'1 bell pepper, chopped');

INSERT INTO Food_Ingredient (FoodID, Ingredient)
VALUES ('f101_0068', N'1 (15-ounce) can black beans, rinsed and drained');

INSERT INTO Food_Ingredient (FoodID, Ingredient)
VALUES ('f101_0068', N'1 cup frozen corn');

INSERT INTO Food_Ingredient (FoodID, Ingredient)
VALUES ('f101_0068', N'1 (2.25-ounce) can sliced black olives, drained');

INSERT INTO Food_Ingredient (FoodID, Ingredient)
VALUES ('f101_0068', N'1 to 1 1/2 cups shredded cheddar or Mexican cheese blend');

INSERT INTO Food_Ingredient (FoodID, Ingredient)
VALUES ('f101_0068', N'Optional toppings: diced avocado, sliced scallions, diced tomato, chopped cilantro, sliced jalapeño, sour cream');

INSERT INTO Food (FoodID, Title, Description, Calories, Instructions, ImageURL, SourceURL, Partition)
VALUES (
    'f101_0069',
    N'Omelette',
    N'Omelette is a versatile breakfast classic featuring fluffy, golden eggs whisked to perfection and folded around a savory filling of melted cheese, diced ham, sautéed mushrooms, or fresh spinach, often garnished with a sprinkle of chives and served with buttery toast for a light, satisfying meal.',
    277,
    N'1. Crack the eggs into a bowl, add a pinch of salt and pepper, and beat until the yolks and whites are fully combined. 2. Heat the butter or oil in an 8-inch nonstick skillet over medium-low heat until melted and slightly foamy. 3. Pour the beaten eggs into the skillet, tilting the pan to ensure the eggs evenly coat the bottom. 4. As the eggs begin to set, use a spatula to gently lift the edges, allowing uncooked egg to flow underneath. 5. When the eggs are mostly set but still slightly moist on top, add your desired fillings over one half of the omelette. 6. Carefully fold the other half over the fillings to create a half-moon shape. 7. Let the omelette cook for another minute to ensure the fillings are warmed through. 8. Slide the omelette onto a plate and serve immediately. 9. This recipe yields 1 serving.',
    'https://storage.googleapis.com/kagglesdsdata/datasets/7399389/11785112/food-101/food-101/images/omelette/1058816.jpg?X-Goog-Algorithm=GOOG4-RSA-SHA256&X-Goog-Credential=databundle-worker-v2%40kaggle-161607.iam.gserviceaccount.com%2F20250607%2Fauto%2Fstorage%2Fgoog4_request&X-Goog-Date=20250607T143042Z&X-Goog-Expires=345600&X-Goog-SignedHeaders=host&X-Goog-Signature=c9d7e548023e8d44aef867e5ecb98dc3086dd2fbd44f4e4ff312ae587b20a4fb942f8dcef7e12389986529727fb04ac95d6156625a28a42c2d1327d5035401c4beb0be6d78e55f3aa465d90df29beab875b042003b79665430441022edf7719c05e080710e93f15b3ecaae3a515208191fb87c88fccc7dfe749fdc30468ee3773201a113d0b5d7131e2029e1785eaa93045cbea2b8b326dd109ff736d57db118b06fe42fc0e629c39c1b5855ce6ac01c0623bf3792acbd9e477f4b11556473f163a8849b396d069d39885eb9317126e1dba429700e1b4220ada89a325fa75fe86eb6333265b616683800511245c9bcfef8d2997b59c918a9830231e32d954a86',
    'https://storage.googleapis.com/kagglesdsdata/datasets/7399389/11785112/food-101/food-101/images/omelette/1058816.jpg?X-Goog-Algorithm=GOOG4-RSA-SHA256&X-Goog-Credential=databundle-worker-v2%40kaggle-161607.iam.gserviceaccount.com%2F20250607%2Fauto%2Fstorage%2Fgoog4_request&X-Goog-Date=20250607T143042Z&X-Goog-Expires=345600&X-Goog-SignedHeaders=host&X-Goog-Signature=c9d7e548023e8d44aef867e5ecb98dc3086dd2fbd44f4e4ff312ae587b20a4fb942f8dcef7e12389986529727fb04ac95d6156625a28a42c2d1327d5035401c4beb0be6d78e55f3aa465d90df29beab875b042003b79665430441022edf7719c05e080710e93f15b3ecaae3a515208191fb87c88fccc7dfe749fdc30468ee3773201a113d0b5d7131e2029e1785eaa93045cbea2b8b326dd109ff736d57db118b06fe42fc0e629c39c1b5855ce6ac01c0623bf3792acbd9e477f4b11556473f163a8849b396d069d39885eb9317126e1dba429700e1b4220ada89a325fa75fe86eb6333265b616683800511245c9bcfef8d2997b59c918a9830231e32d954a86',
    'train'
);

INSERT INTO Food_Ingredient (FoodID, Ingredient)
VALUES ('f101_0069', N'2 large eggs');

INSERT INTO Food_Ingredient (FoodID, Ingredient)
VALUES ('f101_0069', N'1 tablespoon butter or oil');

INSERT INTO Food_Ingredient (FoodID, Ingredient)
VALUES ('f101_0069', N'Salt and pepper to taste');

INSERT INTO Food_Ingredient (FoodID, Ingredient)
VALUES ('f101_0069', N'Optional fillings: 1/4 cup shredded cheese, 1/4 cup diced vegetables (e.g., bell peppers, onions, mushrooms), 2 tablespoons cooked ham or bacon');

INSERT INTO Food (FoodID, Title, Description, Calories, Instructions, ImageURL, SourceURL, Partition)
VALUES (
    'f101_0070',
    N'Onion Rings',
    N'Onion Rings are a crispy, indulgent side dish featuring thick slices of sweet onions coated in a seasoned, golden batter or breadcrumb crust, fried to a perfect crunch, and served with a tangy dipping sauce like ranch or spicy ketchup for a satisfying, savory treat.',
    412,
    N'1. Heat vegetable oil in a deep fryer or large pot to 365°F (185°C). 2. In a shallow dish, whisk together flour, salt, pepper, garlic powder, paprika, and baking powder. 3. In another bowl, whisk together buttermilk and egg. 4. Dip onion rings into the flour mixture, then into the buttermilk mixture, and finally coat with panko bread crumbs. 5. Fry the coated onion rings in batches for 2 to 3 minutes, or until golden brown. 6. Remove and drain on paper towels. 7. This recipe yields 6 servings.',
    'https://storage.googleapis.com/kagglesdsdata/datasets/7399389/11785112/food-101/food-101/images/onion_rings/1017468.jpg?X-Goog-Algorithm=GOOG4-RSA-SHA256&X-Goog-Credential=databundle-worker-v2%40kaggle-161607.iam.gserviceaccount.com%2F20250607%2Fauto%2Fstorage%2Fgoog4_request&X-Goog-Date=20250607T143135Z&X-Goog-Expires=345600&X-Goog-SignedHeaders=host&X-Goog-Signature=9c3ab1205c881cf8ae7edf386da8fe22aa1e98247ea9f8349bd2594d45a61a4840525016ac8dd10461dacdedae45a67e3437b44a3319f3c43affeee44ed10d189141192f49876df3338706f712ecc932bdeb6108f425feffac8f9e54fb16f47958fcc118aad74d8f6b9734075bb74a4c4268d03adfdfd680185001b1881066f9dd281aa7b4990943495eb34192063b6bbea633e78c2ac065740a1e6f4b6ef3746c4e0d103299377de50e987ee67ea5cb73cd301a54e1aba579cf2e83c5362a2f55f4e6810192c43af5f1db5df1a114b00bbdda87dc3c8b5533435ebc1730d3e0fe2125f7a069caecdb76377c4417d0ae28d4c3cf9af60888a47646176a1e67bd',
    'https://storage.googleapis.com/kagglesdsdata/datasets/7399389/11785112/food-101/food-101/images/onion_rings/1017468.jpg?X-Goog-Algorithm=GOOG4-RSA-SHA256&X-Goog-Credential=databundle-worker-v2%40kaggle-161607.iam.gserviceaccount.com%2F20250607%2Fauto%2Fstorage%2Fgoog4_request&X-Goog-Date=20250607T143135Z&X-Goog-Expires=345600&X-Goog-SignedHeaders=host&X-Goog-Signature=9c3ab1205c881cf8ae7edf386da8fe22aa1e98247ea9f8349bd2594d45a61a4840525016ac8dd10461dacdedae45a67e3437b44a3319f3c43affeee44ed10d189141192f49876df3338706f712ecc932bdeb6108f425feffac8f9e54fb16f47958fcc118aad74d8f6b9734075bb74a4c4268d03adfdfd680185001b1881066f9dd281aa7b4990943495eb34192063b6bbea633e78c2ac065740a1e6f4b6ef3746c4e0d103299377de50e987ee67ea5cb73cd301a54e1aba579cf2e83c5362a2f55f4e6810192c43af5f1db5df1a114b00bbdda87dc3c8b5533435ebc1730d3e0fe2125f7a069caecdb76377c4417d0ae28d4c3cf9af60888a47646176a1e67bd',
    'train'
);

INSERT INTO Food_Ingredient (FoodID, Ingredient)
VALUES ('f101_0070', N'2 large yellow onions, sliced into 1/3-inch rings');

INSERT INTO Food_Ingredient (FoodID, Ingredient)
VALUES ('f101_0070', N'1 cup all-purpose flour');

INSERT INTO Food_Ingredient (FoodID, Ingredient)
VALUES ('f101_0070', N'1 teaspoon salt');

INSERT INTO Food_Ingredient (FoodID, Ingredient)
VALUES ('f101_0070', N'1/2 teaspoon black pepper');

INSERT INTO Food_Ingredient (FoodID, Ingredient)
VALUES ('f101_0070', N'3/4 teaspoon garlic powder');

INSERT INTO Food_Ingredient (FoodID, Ingredient)
VALUES ('f101_0070', N'1/2 teaspoon paprika');

INSERT INTO Food_Ingredient (FoodID, Ingredient)
VALUES ('f101_0070', N'1/2 teaspoon baking powder');

INSERT INTO Food_Ingredient (FoodID, Ingredient)
VALUES ('f101_0070', N'1 cup buttermilk');

INSERT INTO Food_Ingredient (FoodID, Ingredient)
VALUES ('f101_0070', N'1 large egg');

INSERT INTO Food_Ingredient (FoodID, Ingredient)
VALUES ('f101_0070', N'2 1/2 cups panko bread crumbs');

INSERT INTO Food_Ingredient (FoodID, Ingredient)
VALUES ('f101_0070', N'Vegetable oil, for frying');

INSERT INTO Food (FoodID, Title, Description, Calories, Instructions, ImageURL, SourceURL, Partition)
VALUES (
    'f101_0071',
    N'Pad Thai',
    N'Pad Thai is a vibrant Thai street food classic featuring stir-fried rice noodles tossed with tender shrimp, chicken, or tofu, crunchy bean sprouts, and scrambled egg, all coated in a tangy, sweet-sour sauce of tamarind, fish sauce, and palm sugar, garnished with crushed peanuts and fresh cilantro for a flavorful, balanced dish.',
    351,
    N'1. Soak rice noodles in warm water for 30 minutes or until softened. Drain and set aside. 2. In a small bowl, mix fish sauce, tamarind paste, and sugar to create the sauce. Adjust to taste. 3. Heat oil in a wok or large pan over medium-high heat. Add garlic and stir-fry until fragrant. 4. Add shrimp, chicken, or tofu and cook until just done. 5. Push ingredients to one side. Crack in the eggs, scramble briefly, then mix with the rest. 6. Add soaked noodles and pour in the sauce. Stir-fry everything together until well combined and heated through. 7. Add bean sprouts, green onions, and chili flakes (if using). Toss briefly. 8. Serve hot topped with crushed peanuts and lime wedges.',
    'https://storage.googleapis.com/kagglesdsdata/datasets/7399389/11785112/food-101/food-101/images/pad_thai/1009595.jpg?X-Goog-Algorithm=GOOG4-RSA-SHA256&X-Goog-Credential=databundle-worker-v2%40kaggle-161607.iam.gserviceaccount.com%2F20250607%2Fauto%2Fstorage%2Fgoog4_request&X-Goog-Date=20250607T143208Z&X-Goog-Expires=345600&X-Goog-SignedHeaders=host&X-Goog-Signature=283dbbbb2aa2a789cbd373b678ba1ff67d4458b28f61bd64d14bba7452a4ad211c9c8b1cd79bf47293217b85b9f5442ec660f8d0fa43474b2716b6e032d4bef5185f1ecbc6fd8146a1af00df61f673d7677051f0e5c8bbd69a2eb3e173005af024f73100b41b98dc6003fb5d8767fe9f71861faa584851f7c6374bf504333d47e755648848ba06c6e459d3f8fb8461b9a19e08307c15b6452ed8612ed1dc2b63a2d2343bd3406129abd4081daa2e0e5c96693acada33ed34908ae5e54e4488a3bbe88b45ed91c27b5c4f9867f7e0d0bae41e27bf62f96ee852e35d638e83845cf57c18c402cb1ab82c9d667347354727fc6ba90062610daed6c125a83f7b9e1b',
    'https://storage.googleapis.com/kagglesdsdata/datasets/7399389/11785112/food-101/food-101/images/pad_thai/1009595.jpg?X-Goog-Algorithm=GOOG4-RSA-SHA256&X-Goog-Credential=databundle-worker-v2%40kaggle-161607.iam.gserviceaccount.com%2F20250607%2Fauto%2Fstorage%2Fgoog4_request&X-Goog-Date=20250607T143208Z&X-Goog-Expires=345600&X-Goog-SignedHeaders=host&X-Goog-Signature=283dbbbb2aa2a789cbd373b678ba1ff67d4458b28f61bd64d14bba7452a4ad211c9c8b1cd79bf47293217b85b9f5442ec660f8d0fa43474b2716b6e032d4bef5185f1ecbc6fd8146a1af00df61f673d7677051f0e5c8bbd69a2eb3e173005af024f73100b41b98dc6003fb5d8767fe9f71861faa584851f7c6374bf504333d47e755648848ba06c6e459d3f8fb8461b9a19e08307c15b6452ed8612ed1dc2b63a2d2343bd3406129abd4081daa2e0e5c96693acada33ed34908ae5e54e4488a3bbe88b45ed91c27b5c4f9867f7e0d0bae41e27bf62f96ee852e35d638e83845cf57c18c402cb1ab82c9d667347354727fc6ba90062610daed6c125a83f7b9e1b',
    'train'
);

INSERT INTO Food_Ingredient (FoodID, Ingredient)
VALUES ('f101_0071', N'200g flat rice noodles');

INSERT INTO Food_Ingredient (FoodID, Ingredient)
VALUES ('f101_0071', N'2 tbsp vegetable oil');

INSERT INTO Food_Ingredient (FoodID, Ingredient)
VALUES ('f101_0071', N'2 cloves garlic (minced)');

INSERT INTO Food_Ingredient (FoodID, Ingredient)
VALUES ('f101_0071', N'150g shrimp, chicken, or tofu (sliced)');

INSERT INTO Food_Ingredient (FoodID, Ingredient)
VALUES ('f101_0071', N'2 eggs');

INSERT INTO Food_Ingredient (FoodID, Ingredient)
VALUES ('f101_0071', N'1 cup bean sprouts');

INSERT INTO Food_Ingredient (FoodID, Ingredient)
VALUES ('f101_0071', N'1/2 cup firm tofu (cubed and pan-fried, optional)');

INSERT INTO Food_Ingredient (FoodID, Ingredient)
VALUES ('f101_0071', N'2 tbsp fish sauce');

INSERT INTO Food_Ingredient (FoodID, Ingredient)
VALUES ('f101_0071', N'1 tbsp tamarind paste');

INSERT INTO Food_Ingredient (FoodID, Ingredient)
VALUES ('f101_0071', N'1 tbsp palm sugar or brown sugar');

INSERT INTO Food_Ingredient (FoodID, Ingredient)
VALUES ('f101_0071', N'1 tsp chili flakes (optional)');

INSERT INTO Food_Ingredient (FoodID, Ingredient)
VALUES ('f101_0071', N'2 green onions (sliced)');

INSERT INTO Food_Ingredient (FoodID, Ingredient)
VALUES ('f101_0071', N'1/4 cup crushed roasted peanuts');

INSERT INTO Food_Ingredient (FoodID, Ingredient)
VALUES ('f101_0071', N'Lime wedges (for serving)');

INSERT INTO Food (FoodID, Title, Description, Calories, Instructions, ImageURL, SourceURL, Partition)
VALUES (
    'f101_0072',
    N'Paella',
    N'Paella is a vibrant Spanish masterpiece featuring fragrant saffron-infused rice cooked with a medley of tender chicken, succulent shrimp, and mussels, blended with colorful bell peppers, peas, and tomatoes, all simmered in a rich broth and served straight from the pan for a festive, flavorful feast.',
    432,
    N'1. Heat olive oil in a large paella pan or wide skillet over medium heat. Sauté onion, garlic, and bell pepper until softened. 2. Add chicken and cook until browned on all sides. Stir in paprika, tomatoes, and saffron (with soaking liquid). Simmer for 2–3 minutes. 3. Add rice and stir to coat with the mixture. 4. Pour in hot stock and spread ingredients evenly. Do not stir after this point. 5. Arrange shrimp, mussels, and vegetables on top. Season with salt and pepper. 6. Cook uncovered over medium heat for about 15–20 minutes, or until most of the liquid is absorbed. 7. Reduce heat to low and cook another 5–10 minutes to form the socarrat (crispy rice bottom). 8. Remove from heat, cover with a clean kitchen towel, and let rest for 5 minutes. 9. Garnish with parsley and serve with lemon wedges.',
    'https://storage.googleapis.com/kagglesdsdata/datasets/7399389/11785112/food-101/food-101/images/paella/1040033.jpg?X-Goog-Algorithm=GOOG4-RSA-SHA256&X-Goog-Credential=databundle-worker-v2%40kaggle-161607.iam.gserviceaccount.com%2F20250607%2Fauto%2Fstorage%2Fgoog4_request&X-Goog-Date=20250607T143250Z&X-Goog-Expires=345600&X-Goog-SignedHeaders=host&X-Goog-Signature=514c21673fad90710002b6068d9ae30316830c519e41507f860816d7b96f77b9a33fa8a7a96ff4eca1f76d4e40aac8d4f751364dad54b8110d1de313fd83ec6b0f5171829e3247760f71ea751b23da9ea8008ae2e3f52ee1746bde3ffd16896d7b3836d0c59d9667686088cc68acb083ef30e21963ab9cda41226906fb45b1d12eb10c2f96ca32139c36aaea61da7b7862ba914f6f38d839af9959cb56e9e652b8be0590bd9fa24527765e4d38b02ac360a01189a136a63c470319b900542b7a7f940a22a47f2a63f4eda283a28fd2c274fd0de6787453d0a921d320e2ddf6f8c5692e50459f7eeac13ef4309325aefb83e9e1461403d4ce6b7f0887d77a8a85',
    'https://storage.googleapis.com/kagglesdsdata/datasets/7399389/11785112/food-101/food-101/images/paella/1040033.jpg?X-Goog-Algorithm=GOOG4-RSA-SHA256&X-Goog-Credential=databundle-worker-v2%40kaggle-161607.iam.gserviceaccount.com%2F20250607%2Fauto%2Fstorage%2Fgoog4_request&X-Goog-Date=20250607T143250Z&X-Goog-Expires=345600&X-Goog-SignedHeaders=host&X-Goog-Signature=514c21673fad90710002b6068d9ae30316830c519e41507f860816d7b96f77b9a33fa8a7a96ff4eca1f76d4e40aac8d4f751364dad54b8110d1de313fd83ec6b0f5171829e3247760f71ea751b23da9ea8008ae2e3f52ee1746bde3ffd16896d7b3836d0c59d9667686088cc68acb083ef30e21963ab9cda41226906fb45b1d12eb10c2f96ca32139c36aaea61da7b7862ba914f6f38d839af9959cb56e9e652b8be0590bd9fa24527765e4d38b02ac360a01189a136a63c470319b900542b7a7f940a22a47f2a63f4eda283a28fd2c274fd0de6787453d0a921d320e2ddf6f8c5692e50459f7eeac13ef4309325aefb83e9e1461403d4ce6b7f0887d77a8a85',
    'train'
);

INSERT INTO Food_Ingredient (FoodID, Ingredient)
VALUES ('f101_0072', N'2 tbsp olive oil');

INSERT INTO Food_Ingredient (FoodID, Ingredient)
VALUES ('f101_0072', N'1 small onion (chopped)');

INSERT INTO Food_Ingredient (FoodID, Ingredient)
VALUES ('f101_0072', N'3 cloves garlic (minced)');

INSERT INTO Food_Ingredient (FoodID, Ingredient)
VALUES ('f101_0072', N'1 red bell pepper (sliced)');

INSERT INTO Food_Ingredient (FoodID, Ingredient)
VALUES ('f101_0072', N'2 tomatoes (grated or finely chopped)');

INSERT INTO Food_Ingredient (FoodID, Ingredient)
VALUES ('f101_0072', N'1/2 tsp smoked paprika');

INSERT INTO Food_Ingredient (FoodID, Ingredient)
VALUES ('f101_0072', N'1/4 tsp saffron threads (soaked in 2 tbsp warm water)');

INSERT INTO Food_Ingredient (FoodID, Ingredient)
VALUES ('f101_0072', N'1 1/2 cups short-grain rice (e.g., bomba or arborio)');

INSERT INTO Food_Ingredient (FoodID, Ingredient)
VALUES ('f101_0072', N'3 1/2 cups chicken or seafood stock (hot)');

INSERT INTO Food_Ingredient (FoodID, Ingredient)
VALUES ('f101_0072', N'200g chicken thighs (boneless, cut into chunks)');

INSERT INTO Food_Ingredient (FoodID, Ingredient)
VALUES ('f101_0072', N'200g shrimp (peeled and deveined)');

INSERT INTO Food_Ingredient (FoodID, Ingredient)
VALUES ('f101_0072', N'100g mussels or clams (scrubbed and cleaned)');

INSERT INTO Food_Ingredient (FoodID, Ingredient)
VALUES ('f101_0072', N'100g green beans or peas (optional)');

INSERT INTO Food_Ingredient (FoodID, Ingredient)
VALUES ('f101_0072', N'Salt and pepper to taste');

INSERT INTO Food_Ingredient (FoodID, Ingredient)
VALUES ('f101_0072', N'Lemon wedges (for serving)');

INSERT INTO Food_Ingredient (FoodID, Ingredient)
VALUES ('f101_0072', N'Chopped parsley (optional, for garnish)');

INSERT INTO Food (FoodID, Title, Description, Calories, Instructions, ImageURL, SourceURL, Partition)
VALUES (
    'f101_0073',
    N'Pancakes',
    N'Pancakes are a beloved breakfast staple featuring fluffy, golden stacks of batter made from flour, eggs, and milk, griddled to perfection and served with a generous drizzle of maple syrup, a pat of melting butter, and often topped with fresh berries or whipped cream for a sweet, comforting start to the day.',
    247,
    N'1. In a large bowl, whisk together flour, sugar, baking powder, and salt. 2. In another bowl, whisk together milk, egg, melted butter, and vanilla extract (if using). 3. Pour the wet ingredients into the dry ingredients and stir until just combined. Do not overmix; a few lumps are okay. 4. Heat a nonstick skillet or griddle over medium heat and lightly grease with butter. 5. Pour 1/4 cup of batter per pancake onto the skillet. Cook until bubbles form on the surface and edges look set, about 2–3 minutes. 6. Flip and cook the other side for 1–2 minutes until golden brown. 7. Serve warm with maple syrup, fresh fruit, or your favorite toppings. 8. This recipe yields 8 servings.',
    'https://storage.googleapis.com/kagglesdsdata/datasets/7399389/11785112/food-101/food-101/images/pancakes/1006982.jpg?X-Goog-Algorithm=GOOG4-RSA-SHA256&X-Goog-Credential=databundle-worker-v2%40kaggle-161607.iam.gserviceaccount.com%2F20250607%2Fauto%2Fstorage%2Fgoog4_request&X-Goog-Date=20250607T143347Z&X-Goog-Expires=345600&X-Goog-SignedHeaders=host&X-Goog-Signature=0b7e284eefef898ae05440b704dbdeaaefb2995929d29c60b015228fe53669feb8b66b56fac2e4df81bb9a2569ab49d1fe92a92e42979509c46d1686f74013625093750fdb81557fe4a0cf286dae8ef98911e7a01d6a2a0635557a5bc1f60cfda112b72e805c2d5816d828196a9be18dbb8cf1084a70fb04593385dcdb85e362158f4ac34fffa19e48bf618c77d7acb1e24a91595317ed3f4456e7f38367640a5d45231620f305d54d1138e916531df4820323fa14a176b0de69a055d3e3d5ac0bc0ee533f88c03e5f93443d74985780cf5434cc7d3f0937ac6cc6e69a67496be0da5ffdefbd48ead671c71119c847978ef2302a4f45e17f06ab3a8892416c16',
    'https://storage.googleapis.com/kagglesdsdata/datasets/7399389/11785112/food-101/food-101/images/pancakes/1006982.jpg?X-Goog-Algorithm=GOOG4-RSA-SHA256&X-Goog-Credential=databundle-worker-v2%40kaggle-161607.iam.gserviceaccount.com%2F20250607%2Fauto%2Fstorage%2Fgoog4_request&X-Goog-Date=20250607T143347Z&X-Goog-Expires=345600&X-Goog-SignedHeaders=host&X-Goog-Signature=0b7e284eefef898ae05440b704dbdeaaefb2995929d29c60b015228fe53669feb8b66b56fac2e4df81bb9a2569ab49d1fe92a92e42979509c46d1686f74013625093750fdb81557fe4a0cf286dae8ef98911e7a01d6a2a0635557a5bc1f60cfda112b72e805c2d5816d828196a9be18dbb8cf1084a70fb04593385dcdb85e362158f4ac34fffa19e48bf618c77d7acb1e24a91595317ed3f4456e7f38367640a5d45231620f305d54d1138e916531df4820323fa14a176b0de69a055d3e3d5ac0bc0ee533f88c03e5f93443d74985780cf5434cc7d3f0937ac6cc6e69a67496be0da5ffdefbd48ead671c71119c847978ef2302a4f45e17f06ab3a8892416c16',
    'train'
);

INSERT INTO Food_Ingredient (FoodID, Ingredient)
VALUES ('f101_0073', N'1 cup all-purpose flour');

INSERT INTO Food_Ingredient (FoodID, Ingredient)
VALUES ('f101_0073', N'2 tbsp granulated sugar');

INSERT INTO Food_Ingredient (FoodID, Ingredient)
VALUES ('f101_0073', N'1 tbsp baking powder');

INSERT INTO Food_Ingredient (FoodID, Ingredient)
VALUES ('f101_0073', N'1/4 tsp salt');

INSERT INTO Food_Ingredient (FoodID, Ingredient)
VALUES ('f101_0073', N'1 cup milk');

INSERT INTO Food_Ingredient (FoodID, Ingredient)
VALUES ('f101_0073', N'1 large egg');

INSERT INTO Food_Ingredient (FoodID, Ingredient)
VALUES ('f101_0073', N'2 tbsp unsalted butter (melted, plus extra for cooking)');

INSERT INTO Food_Ingredient (FoodID, Ingredient)
VALUES ('f101_0073', N'1 tsp vanilla extract (optional)');

INSERT INTO Food_Ingredient (FoodID, Ingredient)
VALUES ('f101_0073', N'Maple syrup, fruit, or powdered sugar (for serving)');

INSERT INTO Food (FoodID, Title, Description, Calories, Instructions, ImageURL, SourceURL, Partition)
VALUES (
    'f101_0074',
    N'Panna Cotta',
    N'Panna Cotta is an elegant Italian dessert featuring a silky, creamy custard made from sweetened cream and vanilla, set with a delicate gelatin base, often served with a vibrant berry coulis or a drizzle of caramel sauce for a smooth, luxurious treat.',
    400,
    N'1. In a small bowl, sprinkle gelatin over cold water and let bloom for 5–10 minutes. 2. In a saucepan, combine heavy cream, milk, and sugar. Heat over medium heat until sugar dissolves and the mixture is hot (do not boil). 3. Remove from heat, stir in the bloomed gelatin until completely dissolved. 4. Add vanilla extract or scraped vanilla seeds, stir well. 5. Pour the mixture into ramekins or dessert glasses. Let cool slightly, then refrigerate for at least 4 hours or until set. 6. To unmold, dip ramekins briefly in warm water and invert onto plates (if desired). 7. Serve chilled with fresh berries, fruit sauce, or a mint leaf garnish.',
    'https://storage.googleapis.com/kagglesdsdata/datasets/7399389/11785112/food-101/food-101/images/panna_cotta/10771.jpg?X-Goog-Algorithm=GOOG4-RSA-SHA256&X-Goog-Credential=databundle-worker-v2%40kaggle-161607.iam.gserviceaccount.com%2F20250607%2Fauto%2Fstorage%2Fgoog4_request&X-Goog-Date=20250607T143542Z&X-Goog-Expires=345600&X-Goog-SignedHeaders=host&X-Goog-Signature=01fbca90d12d0c0ec96d629da474973626cc4441fe8dcb1425ac4214cda0464b3be5522a62dcf0280eb5de4a09af3d7f79b18aeff4cea526608797f205a4be6064212964af60b6838d316e6989d9220cd9b2f74a35f4295d0f749a0fb304f4082753e88accb3d1eecd4943346092426f8d7264f9d1acf7426e49cd88ad4c4eec2e836dc5907fc46909d02fa37a8302a8226b4215c847288a9125293ca7fb4ad969b442ab420f00aeebbdaaa97f63b9eac635bbfa3609ca52bf967ab82bf5840444ab401d4fc9895e7e508c90a2fe1a52e48e69a9e7d7d6d8fd50d0aaa600e43e04fbfac8adc1b9066d57498ff26c4354118caa8d3cddc1d0cb156e507b50bd2e',
    'https://storage.googleapis.com/kagglesdsdata/datasets/7399389/11785112/food-101/food-101/images/panna_cotta/10771.jpg?X-Goog-Algorithm=GOOG4-RSA-SHA256&X-Goog-Credential=databundle-worker-v2%40kaggle-161607.iam.gserviceaccount.com%2F20250607%2Fauto%2Fstorage%2Fgoog4_request&X-Goog-Date=20250607T143542Z&X-Goog-Expires=345600&X-Goog-SignedHeaders=host&X-Goog-Signature=01fbca90d12d0c0ec96d629da474973626cc4441fe8dcb1425ac4214cda0464b3be5522a62dcf0280eb5de4a09af3d7f79b18aeff4cea526608797f205a4be6064212964af60b6838d316e6989d9220cd9b2f74a35f4295d0f749a0fb304f4082753e88accb3d1eecd4943346092426f8d7264f9d1acf7426e49cd88ad4c4eec2e836dc5907fc46909d02fa37a8302a8226b4215c847288a9125293ca7fb4ad969b442ab420f00aeebbdaaa97f63b9eac635bbfa3609ca52bf967ab82bf5840444ab401d4fc9895e7e508c90a2fe1a52e48e69a9e7d7d6d8fd50d0aaa600e43e04fbfac8adc1b9066d57498ff26c4354118caa8d3cddc1d0cb156e507b50bd2e',
    'train'
);

INSERT INTO Food_Ingredient (FoodID, Ingredient)
VALUES ('f101_0074', N'2 cups heavy cream');

INSERT INTO Food_Ingredient (FoodID, Ingredient)
VALUES ('f101_0074', N'1/2 cup whole milk');

INSERT INTO Food_Ingredient (FoodID, Ingredient)
VALUES ('f101_0074', N'1/2 cup granulated sugar');

INSERT INTO Food_Ingredient (FoodID, Ingredient)
VALUES ('f101_0074', N'1 tsp vanilla extract (or 1/2 vanilla bean, split)');

INSERT INTO Food_Ingredient (FoodID, Ingredient)
VALUES ('f101_0074', N'2 1/4 tsp powdered gelatin (1 packet)');

INSERT INTO Food_Ingredient (FoodID, Ingredient)
VALUES ('f101_0074', N'3 tbsp cold water');

INSERT INTO Food_Ingredient (FoodID, Ingredient)
VALUES ('f101_0074', N'Fresh berries or fruit coulis (for serving, optional)');

INSERT INTO Food_Ingredient (FoodID, Ingredient)
VALUES ('f101_0074', N'Mint leaves (optional, for garnish)');

INSERT INTO Food (FoodID, Title, Description, Calories, Instructions, ImageURL, SourceURL, Partition)
VALUES (
    'f101_0075',
    N'Peking Duck',
    N'Peking Duck is a luxurious Chinese delicacy featuring tender, succulent duck with crispy, golden skin, roasted to perfection and thinly sliced, served with delicate pancakes, sweet hoisin sauce, and crisp cucumber and scallion slivers for wrapping, offering a harmonious balance of rich flavors and textures.',
    551,
    N'1. Clean the duck, remove excess fat, and pat dry completely. 2. Mix salt, five-spice powder, and Shaoxing wine. Rub mixture all over the duck, including inside the cavity. 3. Bring a large pot of water to a boil. Carefully pour boiling water over the duck skin several times to tighten it. Pat dry again. 4. In a small bowl, mix honey, soy sauce, and vinegar. Brush the glaze over the duck evenly. 5. Hang the duck in a cool, dry place or place uncovered on a rack in the fridge overnight to dry the skin. 6. Preheat oven to 200°C (390°F). Place the duck breast-side up on a rack in a roasting pan. Roast for 45–60 minutes, flipping once halfway through, until skin is deep golden and crisp. 7. Let rest for 10 minutes. Carve into thin slices, separating skin and meat if desired. 8. Serve with hoisin sauce, pancakes, and sliced cucumbers and green onions.',
    'https://storage.googleapis.com/kagglesdsdata/datasets/7399389/11785112/food-101/food-101/images/peking_duck/1015952.jpg?X-Goog-Algorithm=GOOG4-RSA-SHA256&X-Goog-Credential=databundle-worker-v2%40kaggle-161607.iam.gserviceaccount.com%2F20250607%2Fauto%2Fstorage%2Fgoog4_request&X-Goog-Date=20250607T143719Z&X-Goog-Expires=345600&X-Goog-SignedHeaders=host&X-Goog-Signature=ae35dcb87e712f7ef777b0b7a523870349a59984071b21d3a279fe5434cce99b3ccbd1ace8f3935d1ffb3839689a29c8c72a0467c6a52a6a87d826ce0406030328851d4b37b2dd4a19d86661b37b14dbe17c23b96cf4ce796bac108f4aa37432202633441dfa13308318b1def6d3df914161ea011210b71cb4f6801bc57d2ffb6e987a5517b8292f0018de847686a7ced969290a172117c22490f39f769f8e553c099aa02ef996ea3d90f8a623f72523db3e9f95cbcf58fb3769a41a5c982b333cea4d5fe47475faa635f77349eb5f7a697464c5f79e0776bb3824da41c7dd5a17e69ccfd88a09d92861934ff4d18211f6e0f7a504bf7ba086d42d810702e576',
    'https://storage.googleapis.com/kagglesdsdata/datasets/7399389/11785112/food-101/food-101/images/peking_duck/1015952.jpg?X-Goog-Algorithm=GOOG4-RSA-SHA256&X-Goog-Credential=databundle-worker-v2%40kaggle-161607.iam.gserviceaccount.com%2F20250607%2Fauto%2Fstorage%2Fgoog4_request&X-Goog-Date=20250607T143719Z&X-Goog-Expires=345600&X-Goog-SignedHeaders=host&X-Goog-Signature=ae35dcb87e712f7ef777b0b7a523870349a59984071b21d3a279fe5434cce99b3ccbd1ace8f3935d1ffb3839689a29c8c72a0467c6a52a6a87d826ce0406030328851d4b37b2dd4a19d86661b37b14dbe17c23b96cf4ce796bac108f4aa37432202633441dfa13308318b1def6d3df914161ea011210b71cb4f6801bc57d2ffb6e987a5517b8292f0018de847686a7ced969290a172117c22490f39f769f8e553c099aa02ef996ea3d90f8a623f72523db3e9f95cbcf58fb3769a41a5c982b333cea4d5fe47475faa635f77349eb5f7a697464c5f79e0776bb3824da41c7dd5a17e69ccfd88a09d92861934ff4d18211f6e0f7a504bf7ba086d42d810702e576',
    'train'
);

INSERT INTO Food_Ingredient (FoodID, Ingredient)
VALUES ('f101_0075', N'1 whole duck (about 2–2.5 kg)');

INSERT INTO Food_Ingredient (FoodID, Ingredient)
VALUES ('f101_0075', N'2 tbsp honey');

INSERT INTO Food_Ingredient (FoodID, Ingredient)
VALUES ('f101_0075', N'2 tbsp soy sauce');

INSERT INTO Food_Ingredient (FoodID, Ingredient)
VALUES ('f101_0075', N'2 tbsp rice vinegar');

INSERT INTO Food_Ingredient (FoodID, Ingredient)
VALUES ('f101_0075', N'1 tbsp Chinese five-spice powder');

INSERT INTO Food_Ingredient (FoodID, Ingredient)
VALUES ('f101_0075', N'2 tsp salt');

INSERT INTO Food_Ingredient (FoodID, Ingredient)
VALUES ('f101_0075', N'2 tbsp Shaoxing wine (or dry sherry)');

INSERT INTO Food_Ingredient (FoodID, Ingredient)
VALUES ('f101_0075', N'Boiling water (to tighten skin)');

INSERT INTO Food_Ingredient (FoodID, Ingredient)
VALUES ('f101_0075', N'Hoisin sauce (for serving)');

INSERT INTO Food_Ingredient (FoodID, Ingredient)
VALUES ('f101_0075', N'Thin pancakes or steamed bao (for wrapping)');

INSERT INTO Food_Ingredient (FoodID, Ingredient)
VALUES ('f101_0075', N'Sliced cucumber and spring onions (for garnish)');

INSERT INTO Food (FoodID, Title, Description, Calories, Instructions, ImageURL, SourceURL, Partition)
VALUES (
    'f101_0076',
    N'Pho',
    N'Pho is a fragrant Vietnamese noodle soup featuring a rich, aromatic beef or chicken broth simmered with spices like star anise, cinnamon, and cloves, served with tender rice noodles, thinly sliced meat, and fresh garnishes of cilantro, green onions, bean sprouts, and lime for a comforting, flavorful bowl.',
    421,
    N'1. Char onion and ginger over an open flame or in the oven until blackened. Rinse slightly and set aside. 2. Blanch beef bones and brisket in boiling water for 5 minutes to remove impurities. Rinse bones and meat clean. 3. Place bones and brisket in a large pot. Add 3–4 liters of water. Bring to a boil, then simmer. 4. Add charred onion, ginger, star anise, cinnamon, cloves, cardamom, coriander seeds. Simmer for at least 3–4 hours, skimming off any foam. 5. After 1.5–2 hours, remove brisket when tender. Let cool and slice thinly. 6. Season the broth with fish sauce, salt, and sugar to taste. Strain and keep hot. 7. Soak rice noodles in warm water until soft, then cook in boiling water for 30–60 seconds. Drain and divide into bowls. 8. Top noodles with slices of cooked brisket and raw sirloin. 9. Ladle hot broth over the meat to cook the raw beef. 10. Garnish with bean sprouts, herbs, lime, and chili. Serve with hoisin and Sriracha if desired.',
    'https://storage.googleapis.com/kagglesdsdata/datasets/7399389/11785112/food-101/food-101/images/pho/1002382.jpg?X-Goog-Algorithm=GOOG4-RSA-SHA256&X-Goog-Credential=databundle-worker-v2%40kaggle-161607.iam.gserviceaccount.com%2F20250607%2Fauto%2Fstorage%2Fgoog4_request&X-Goog-Date=20250607T143913Z&X-Goog-Expires=345600&X-Goog-SignedHeaders=host&X-Goog-Signature=0c31f7d692fb183c2fbcbdd616bcd8aa2a8a4e73090602f1c48aa92fed4709aa8118f332a7dd7cd4977f9b1e175f794667eb0faa654d7d2a084520ff700ae609b43aba96eee73fe34b823853d9b40ccefd870616a285a117e0213e6e0739961917ef1a05137da14bf56f71bf3cb3d0d82e3bf9ffc4dd2e23245b1d15e198948c68d4ff06ed8565a809622277443c97eb02cf9a91aab3608f4b182684ed14d383604ffcf50aa0712d4eb4427189e448fc67ee93fc69bccea99941a9ded0703b3f383adf4d24e45a8b13458c9ca011e5f6042e2035460e7dc86f32ff6f88812d2c7e5b73da5d02b192a6b94dbc2606ae17dd56f454f9aa277a6451c6fb352b130b',
    'https://storage.googleapis.com/kagglesdsdata/datasets/7399389/11785112/food-101/food-101/images/pho/1002382.jpg?X-Goog-Algorithm=GOOG4-RSA-SHA256&X-Goog-Credential=databundle-worker-v2%40kaggle-161607.iam.gserviceaccount.com%2F20250607%2Fauto%2Fstorage%2Fgoog4_request&X-Goog-Date=20250607T143913Z&X-Goog-Expires=345600&X-Goog-SignedHeaders=host&X-Goog-Signature=0c31f7d692fb183c2fbcbdd616bcd8aa2a8a4e73090602f1c48aa92fed4709aa8118f332a7dd7cd4977f9b1e175f794667eb0faa654d7d2a084520ff700ae609b43aba96eee73fe34b823853d9b40ccefd870616a285a117e0213e6e0739961917ef1a05137da14bf56f71bf3cb3d0d82e3bf9ffc4dd2e23245b1d15e198948c68d4ff06ed8565a809622277443c97eb02cf9a91aab3608f4b182684ed14d383604ffcf50aa0712d4eb4427189e448fc67ee93fc69bccea99941a9ded0703b3f383adf4d24e45a8b13458c9ca011e5f6042e2035460e7dc86f32ff6f88812d2c7e5b73da5d02b192a6b94dbc2606ae17dd56f454f9aa277a6451c6fb352b130b',
    'train'
);

INSERT INTO Food_Ingredient (FoodID, Ingredient)
VALUES ('f101_0076', N'500g beef bones (marrow or knuckle)');

INSERT INTO Food_Ingredient (FoodID, Ingredient)
VALUES ('f101_0076', N'300g beef brisket or flank');

INSERT INTO Food_Ingredient (FoodID, Ingredient)
VALUES ('f101_0076', N'200g raw beef sirloin (thinly sliced, for serving)');

INSERT INTO Food_Ingredient (FoodID, Ingredient)
VALUES ('f101_0076', N'1 onion (halved)');

INSERT INTO Food_Ingredient (FoodID, Ingredient)
VALUES ('f101_0076', N'1 piece ginger (about 8cm, halved lengthwise)');

INSERT INTO Food_Ingredient (FoodID, Ingredient)
VALUES ('f101_0076', N'3 star anise');

INSERT INTO Food_Ingredient (FoodID, Ingredient)
VALUES ('f101_0076', N'1 cinnamon stick');

INSERT INTO Food_Ingredient (FoodID, Ingredient)
VALUES ('f101_0076', N'4 cloves');

INSERT INTO Food_Ingredient (FoodID, Ingredient)
VALUES ('f101_0076', N'1 cardamom pod (optional)');

INSERT INTO Food_Ingredient (FoodID, Ingredient)
VALUES ('f101_0076', N'1 tsp coriander seeds');

INSERT INTO Food_Ingredient (FoodID, Ingredient)
VALUES ('f101_0076', N'1 tbsp fish sauce');

INSERT INTO Food_Ingredient (FoodID, Ingredient)
VALUES ('f101_0076', N'Salt to taste');

INSERT INTO Food_Ingredient (FoodID, Ingredient)
VALUES ('f101_0076', N'Sugar to taste');

INSERT INTO Food_Ingredient (FoodID, Ingredient)
VALUES ('f101_0076', N'200g dried flat rice noodles (bánh phở)');

INSERT INTO Food_Ingredient (FoodID, Ingredient)
VALUES ('f101_0076', N'Fresh herbs: Thai basil, cilantro, mint');

INSERT INTO Food_Ingredient (FoodID, Ingredient)
VALUES ('f101_0076', N'Bean sprouts, lime wedges, and sliced chili (for garnish)');

INSERT INTO Food_Ingredient (FoodID, Ingredient)
VALUES ('f101_0076', N'Hoisin sauce and Sriracha (optional, for serving)');

INSERT INTO Food (FoodID, Title, Description, Calories, Instructions, ImageURL, SourceURL, Partition)
VALUES (
    'f101_0077',
    N'Pizza',
    N'Pizza is a beloved Italian classic featuring a thin, crispy dough base topped with a vibrant tomato sauce, melted mozzarella cheese, and an array of fresh toppings like pepperoni, mushrooms, or basil, baked to golden perfection for a savory, customizable slice of comfort.',
    312,
    N'1. In a small bowl, dissolve yeast and sugar in warm water. Let sit for 5–10 minutes until foamy. 2. In a large bowl, combine flour and salt. Add yeast mixture and olive oil. Mix and knead for 7–10 minutes until smooth. 3. Place dough in an oiled bowl, cover, and let rise in a warm place for 1–1.5 hours, or until doubled in size. 4. Preheat oven to 250°C (480°F), preferably with a pizza stone inside. 5. Punch down dough, roll or stretch into a 10–12 inch circle on a floured surface. 6. Transfer to a parchment-lined pizza peel or baking sheet. 7. Spread tomato sauce evenly over the dough. Add mozzarella slices and a few fresh basil leaves. 8. Drizzle with olive oil. 9. Bake for 8–12 minutes, or until crust is golden and cheese is bubbling and slightly browned. 10. Remove from oven, add more basil if desired, slice, and serve hot.',
    'https://storage.googleapis.com/kagglesdsdata/datasets/7399389/11785112/food-101/food-101/images/pizza/103708.jpg?X-Goog-Algorithm=GOOG4-RSA-SHA256&X-Goog-Credential=databundle-worker-v2%40kaggle-161607.iam.gserviceaccount.com%2F20250607%2Fauto%2Fstorage%2Fgoog4_request&X-Goog-Date=20250607T143936Z&X-Goog-Expires=345600&X-Goog-SignedHeaders=host&X-Goog-Signature=43a30bcc25985066e69ef3c004255a6f9f46454bce61d75ad95ed1d69173ca14e69797b6456529c5a35b4c9ccd694ad4f698d304230571e5642324d0f20865545b8efaacc91754f95ad572f80c65e9a92e84ace13ca0cd78c92d632d2c1791a05574870c89e4f098619ae5a36580ae133a803e74dcc66da30d74848de96bfd2547675642895a27dea0cd5a0a46a2de8ef27788de3e418fb3f13c9fb3d5fe32d3361ed62135bd274901385b678820e14d25e4a7f5c9b0f7628722807add6daa86e4c153042b47e4a7cb756787e18549b4576af5fd6173a313078dec4ed786a53c9b5ec9155a9a261ef28a032826174a83b0b2ff1e70056c936c614ebe6202ab5d',
    'https://storage.googleapis.com/kagglesdsdata/datasets/7399389/11785112/food-101/food-101/images/pizza/103708.jpg?X-Goog-Algorithm=GOOG4-RSA-SHA256&X-Goog-Credential=databundle-worker-v2%40kaggle-161607.iam.gserviceaccount.com%2F20250607%2Fauto%2Fstorage%2Fgoog4_request&X-Goog-Date=20250607T143936Z&X-Goog-Expires=345600&X-Goog-SignedHeaders=host&X-Goog-Signature=43a30bcc25985066e69ef3c004255a6f9f46454bce61d75ad95ed1d69173ca14e69797b6456529c5a35b4c9ccd694ad4f698d304230571e5642324d0f20865545b8efaacc91754f95ad572f80c65e9a92e84ace13ca0cd78c92d632d2c1791a05574870c89e4f098619ae5a36580ae133a803e74dcc66da30d74848de96bfd2547675642895a27dea0cd5a0a46a2de8ef27788de3e418fb3f13c9fb3d5fe32d3361ed62135bd274901385b678820e14d25e4a7f5c9b0f7628722807add6daa86e4c153042b47e4a7cb756787e18549b4576af5fd6173a313078dec4ed786a53c9b5ec9155a9a261ef28a032826174a83b0b2ff1e70056c936c614ebe6202ab5d',
    'train'
);

INSERT INTO Food_Ingredient (FoodID, Ingredient)
VALUES ('f101_0077', N'2 1/4 tsp active dry yeast (1 packet)');

INSERT INTO Food_Ingredient (FoodID, Ingredient)
VALUES ('f101_0077', N'1 tsp sugar');

INSERT INTO Food_Ingredient (FoodID, Ingredient)
VALUES ('f101_0077', N'3/4 cup warm water (about 43°C)');

INSERT INTO Food_Ingredient (FoodID, Ingredient)
VALUES ('f101_0077', N'2 cups all-purpose flour');

INSERT INTO Food_Ingredient (FoodID, Ingredient)
VALUES ('f101_0077', N'1/2 tsp salt');

INSERT INTO Food_Ingredient (FoodID, Ingredient)
VALUES ('f101_0077', N'1 tbsp olive oil');

INSERT INTO Food_Ingredient (FoodID, Ingredient)
VALUES ('f101_0077', N'1/2 cup tomato sauce (preferably crushed San Marzano tomatoes)');

INSERT INTO Food_Ingredient (FoodID, Ingredient)
VALUES ('f101_0077', N'1 cup fresh mozzarella (sliced or torn)');

INSERT INTO Food_Ingredient (FoodID, Ingredient)
VALUES ('f101_0077', N'Fresh basil leaves');

INSERT INTO Food_Ingredient (FoodID, Ingredient)
VALUES ('f101_0077', N'1 tbsp olive oil (for drizzling)');

INSERT INTO Food_Ingredient (FoodID, Ingredient)
VALUES ('f101_0077', N'Optional: grated Parmesan cheese, chili flakes');

INSERT INTO Food (FoodID, Title, Description, Calories, Instructions, ImageURL, SourceURL, Partition)
VALUES (
    'f101_0078',
    N'Pork Chop',
    N'Pork Chop is a hearty, savory dish featuring a thick, juicy cut of pork loin, perfectly seared or grilled to a golden crust while remaining tender inside, often seasoned with rosemary and garlic or glazed with a sweet apple cider reduction, served with roasted potatoes or sautéed greens for a satisfying, flavorful meal.',
    319,
    N'1. Pat pork chops dry with paper towels. Rub with olive oil. 2. Season both sides with salt, pepper, garlic powder, and paprika. 3. Heat a skillet over medium-high heat. Add pork chops and sear for 3–4 minutes per side until golden brown. 4. Reduce heat to medium. Add butter, crushed garlic, and herbs to the pan. 5. Spoon melted butter over the chops and cook for another 2–3 minutes per side, or until internal temperature reaches 63°C (145°F). 6. Let rest for 5 minutes before serving. 7. Serve with lemon wedges, mashed potatoes, or steamed vegetables if desired.',
    'https://storage.googleapis.com/kagglesdsdata/datasets/7399389/11785112/food-101/food-101/images/pork_chop/1029564.jpg?X-Goog-Algorithm=GOOG4-RSA-SHA256&X-Goog-Credential=databundle-worker-v2%40kaggle-161607.iam.gserviceaccount.com%2F20250607%2Fauto%2Fstorage%2Fgoog4_request&X-Goog-Date=20250607T144033Z&X-Goog-Expires=345600&X-Goog-SignedHeaders=host&X-Goog-Signature=c8b2001b4b5c04d035f23ed29bb68e43df7a0f50be17450ddbef15d5f16441069787f87887197410835e5b0cf70e268c77570a71adf8c6589f1e0dc0c83b71a4f3d7be7fef1e20422be78fd06df4129f829d2648c7107382537e324f88ebcaaa5aa39e8c5d6f13b09ced378edcccc6b04901826d080cd34f22b9a9762d89dd3c7220c9850b5b78f9ba83b484b8693fd7ebbcef5e0725a6377a2c613e139ac7de2cd92204e3422535efa9a88be26e342071e743d580e05965a192d4ca17e30ea45a7cb224f7176e206fcdb497037813b6cd080f81d313d1eeeb806d34752a153449cb87a0421b20d0e55bedace561c508474a3e12726a40fe39dcb2c7c88bee53',
    'https://storage.googleapis.com/kagglesdsdata/datasets/7399389/11785112/food-101/food-101/images/pork_chop/1029564.jpg?X-Goog-Algorithm=GOOG4-RSA-SHA256&X-Goog-Credential=databundle-worker-v2%40kaggle-161607.iam.gserviceaccount.com%2F20250607%2Fauto%2Fstorage%2Fgoog4_request&X-Goog-Date=20250607T144033Z&X-Goog-Expires=345600&X-Goog-SignedHeaders=host&X-Goog-Signature=c8b2001b4b5c04d035f23ed29bb68e43df7a0f50be17450ddbef15d5f16441069787f87887197410835e5b0cf70e268c77570a71adf8c6589f1e0dc0c83b71a4f3d7be7fef1e20422be78fd06df4129f829d2648c7107382537e324f88ebcaaa5aa39e8c5d6f13b09ced378edcccc6b04901826d080cd34f22b9a9762d89dd3c7220c9850b5b78f9ba83b484b8693fd7ebbcef5e0725a6377a2c613e139ac7de2cd92204e3422535efa9a88be26e342071e743d580e05965a192d4ca17e30ea45a7cb224f7176e206fcdb497037813b6cd080f81d313d1eeeb806d34752a153449cb87a0421b20d0e55bedace561c508474a3e12726a40fe39dcb2c7c88bee53',
    'train'
);

INSERT INTO Food_Ingredient (FoodID, Ingredient)
VALUES ('f101_0078', N'2 bone-in or boneless pork chops (about 2.5 cm thick)');

INSERT INTO Food_Ingredient (FoodID, Ingredient)
VALUES ('f101_0078', N'1 tbsp olive oil');

INSERT INTO Food_Ingredient (FoodID, Ingredient)
VALUES ('f101_0078', N'1 tsp salt');

INSERT INTO Food_Ingredient (FoodID, Ingredient)
VALUES ('f101_0078', N'1/2 tsp black pepper');

INSERT INTO Food_Ingredient (FoodID, Ingredient)
VALUES ('f101_0078', N'1/2 tsp garlic powder');

INSERT INTO Food_Ingredient (FoodID, Ingredient)
VALUES ('f101_0078', N'1/2 tsp paprika');

INSERT INTO Food_Ingredient (FoodID, Ingredient)
VALUES ('f101_0078', N'1 tbsp butter');

INSERT INTO Food_Ingredient (FoodID, Ingredient)
VALUES ('f101_0078', N'2 cloves garlic (crushed)');

INSERT INTO Food_Ingredient (FoodID, Ingredient)
VALUES ('f101_0078', N'1 sprig fresh rosemary or thyme (optional)');

INSERT INTO Food_Ingredient (FoodID, Ingredient)
VALUES ('f101_0078', N'Lemon wedges (for serving, optional)');

INSERT INTO Food (FoodID, Title, Description, Calories, Instructions, ImageURL, SourceURL, Partition)
VALUES (
    'f101_0079',
    N'Poutine',
    N'Poutine is a decadent Canadian comfort food featuring crispy, golden French fries topped with squeaky cheese curds and smothered in a rich, savory beef or chicken gravy, creating a melty, indulgent dish perfect for sharing or enjoying as a hearty snack.',
    451,
    N'1. In a saucepan, melt butter over medium heat. Stir in flour and cook for 1–2 minutes to form a roux. 2. Gradually whisk in warm stock until smooth. Add ketchup and Worcestershire sauce if using. 3. Simmer for 4–5 minutes, stirring often, until thickened. Season with salt and pepper to taste. 4. Place hot fries on a serving plate. Immediately top with cheese curds. 5. Pour hot gravy over the fries and curds so the cheese melts slightly. 6. Serve immediately while hot and gooey.',
    'https://storage.googleapis.com/kagglesdsdata/datasets/7399389/11785112/food-101/food-101/images/poutine/1036670.jpg?X-Goog-Algorithm=GOOG4-RSA-SHA256&X-Goog-Credential=databundle-worker-v2%40kaggle-161607.iam.gserviceaccount.com%2F20250607%2Fauto%2Fstorage%2Fgoog4_request&X-Goog-Date=20250607T144121Z&X-Goog-Expires=345600&X-Goog-SignedHeaders=host&X-Goog-Signature=a3613955ee67864225bbc2a4b633b1b30c1697f32ea16fa4f405561a0d58fe50eb2556ab6b27edc347ede52583ea5f7a1730a467f26813206e9a7b638749611ec3addeba083d317d17b209713a1dcf9cabffdeaaf887babc737b5619a86b8720805a6feb5018b5a5ed160bf22a97c5ee2c695ec6686e5eaf043e45889765c89bdfb4c41926a9311f03a2ba72142dafe4be7590ecd53363992eea234f7053b6e70634d0a2631e9ddace6944307c5745b29a02d7654504e22c9ea957074d5117a2d11d1e0f79042e01b369b38978881a3aa885fb1cffbdd915e9597c4449b5c5fcc15d1ebcc990eb4743f4dd7f9f64c566057de804f2933a77975adc89c2175ee5',
    'https://storage.googleapis.com/kagglesdsdata/datasets/7399389/11785112/food-101/food-101/images/poutine/1036670.jpg?X-Goog-Algorithm=GOOG4-RSA-SHA256&X-Goog-Credential=databundle-worker-v2%40kaggle-161607.iam.gserviceaccount.com%2F20250607%2Fauto%2Fstorage%2Fgoog4_request&X-Goog-Date=20250607T144121Z&X-Goog-Expires=345600&X-Goog-SignedHeaders=host&X-Goog-Signature=a3613955ee67864225bbc2a4b633b1b30c1697f32ea16fa4f405561a0d58fe50eb2556ab6b27edc347ede52583ea5f7a1730a467f26813206e9a7b638749611ec3addeba083d317d17b209713a1dcf9cabffdeaaf887babc737b5619a86b8720805a6feb5018b5a5ed160bf22a97c5ee2c695ec6686e5eaf043e45889765c89bdfb4c41926a9311f03a2ba72142dafe4be7590ecd53363992eea234f7053b6e70634d0a2631e9ddace6944307c5745b29a02d7654504e22c9ea957074d5117a2d11d1e0f79042e01b369b38978881a3aa885fb1cffbdd915e9597c4449b5c5fcc15d1ebcc990eb4743f4dd7f9f64c566057de804f2933a77975adc89c2175ee5',
    'test'
);

INSERT INTO Food_Ingredient (FoodID, Ingredient)
VALUES ('f101_0079', N'4 cups French fries (freshly fried or oven-baked)');

INSERT INTO Food_Ingredient (FoodID, Ingredient)
VALUES ('f101_0079', N'1 cup cheese curds (or chopped mozzarella if unavailable)');

INSERT INTO Food_Ingredient (FoodID, Ingredient)
VALUES ('f101_0079', N'2 tbsp unsalted butter');

INSERT INTO Food_Ingredient (FoodID, Ingredient)
VALUES ('f101_0079', N'2 tbsp all-purpose flour');

INSERT INTO Food_Ingredient (FoodID, Ingredient)
VALUES ('f101_0079', N'1 1/2 cups beef or chicken stock (or a mix)');

INSERT INTO Food_Ingredient (FoodID, Ingredient)
VALUES ('f101_0079', N'1 tbsp ketchup (optional, for extra flavor)');

INSERT INTO Food_Ingredient (FoodID, Ingredient)
VALUES ('f101_0079', N'1 tsp Worcestershire sauce (optional)');

INSERT INTO Food_Ingredient (FoodID, Ingredient)
VALUES ('f101_0079', N'Salt and black pepper to taste');

INSERT INTO Food (FoodID, Title, Description, Calories, Instructions, ImageURL, SourceURL, Partition)
VALUES (
    'f101_0080',
    N'Prime Rib',
    N'Prime Rib is a luxurious, tender cut of beef rib roast, slow-roasted to a perfect medium-rare with a flavorful, herb-crusted exterior, served with a rich au jus and creamy horseradish sauce, often accompanied by roasted root vegetables or buttery mashed potatoes for an elegant, savory feast.',
    512,
    N'1. Remove the prime rib from the fridge and let it come to room temperature for 2–3 hours before cooking. 2. Preheat oven to 230°C (450°F). 3. In a small bowl, mix olive oil, salt, pepper, garlic powder, fresh herbs, and minced garlic into a paste. 4. Rub the herb mixture all over the roast, including on the fat cap and between the bones if possible. 5. Place the roast bone-side down on a rack in a roasting pan. 6. Roast at 230°C (450°F) for 20 minutes to sear. 7. Reduce oven temperature to 135°C (275°F) and continue roasting for 1.5 to 2 hours, or until internal temperature reaches 50°C (122°F) for rare, 55°C (131°F) for medium rare. 8. Remove roast from oven, tent loosely with foil, and rest for at least 20–30 minutes. Internal temperature will rise about 5°C during resting. 9. Carve into thick slices and serve with horseradish sauce or au jus if desired.',
    'https://storage.googleapis.com/kagglesdsdata/datasets/7399389/11785112/food-101/food-101/images/prime_rib/1001089.jpg?X-Goog-Algorithm=GOOG4-RSA-SHA256&X-Goog-Credential=databundle-worker-v2%40kaggle-161607.iam.gserviceaccount.com%2F20250607%2Fauto%2Fstorage%2Fgoog4_request&X-Goog-Date=20250607T144221Z&X-Goog-Expires=345600&X-Goog-SignedHeaders=host&X-Goog-Signature=ac4bb3e83dc2c19af863f56a5218a25e30cf87c32d62b870c41dcbd56f81da1a83570d48549e39b9af3716849133920d735b9124e35fe67efbff5614c28e595c501d199d0ac8454066fcb8a931173f3e3e31d89502176a54b7309d3342c9661ac20ca1ebf96921cdd54649b232b69ade4e861e548de0ceefa36f1a91b125384f3258464be5e217a1191d9057fe899ec9a0a992d39f0e41c2a853b6f15a9f656dd47e08f03bd534305bde5c15a29cf770e362c768de24a781ae630050f1b6adb25626becd698afba3bd984a3f95be90dd638fccefb64d5f1c47d3485150fa735906b1df022efccf7b649d9e8aba868f0b65fb2b60ddd7c11469f6583adb7f660a',
    'https://storage.googleapis.com/kagglesdsdata/datasets/7399389/11785112/food-101/food-101/images/prime_rib/1001089.jpg?X-Goog-Algorithm=GOOG4-RSA-SHA256&X-Goog-Credential=databundle-worker-v2%40kaggle-161607.iam.gserviceaccount.com%2F20250607%2Fauto%2Fstorage%2Fgoog4_request&X-Goog-Date=20250607T144221Z&X-Goog-Expires=345600&X-Goog-SignedHeaders=host&X-Goog-Signature=ac4bb3e83dc2c19af863f56a5218a25e30cf87c32d62b870c41dcbd56f81da1a83570d48549e39b9af3716849133920d735b9124e35fe67efbff5614c28e595c501d199d0ac8454066fcb8a931173f3e3e31d89502176a54b7309d3342c9661ac20ca1ebf96921cdd54649b232b69ade4e861e548de0ceefa36f1a91b125384f3258464be5e217a1191d9057fe899ec9a0a992d39f0e41c2a853b6f15a9f656dd47e08f03bd534305bde5c15a29cf770e362c768de24a781ae630050f1b6adb25626becd698afba3bd984a3f95be90dd638fccefb64d5f1c47d3485150fa735906b1df022efccf7b649d9e8aba868f0b65fb2b60ddd7c11469f6583adb7f660a',
    'test'
);

INSERT INTO Food_Ingredient (FoodID, Ingredient)
VALUES ('f101_0080', N'1 bone-in prime rib roast (about 2.5–3 kg, 3–4 ribs)');

INSERT INTO Food_Ingredient (FoodID, Ingredient)
VALUES ('f101_0080', N'2 tbsp olive oil');

INSERT INTO Food_Ingredient (FoodID, Ingredient)
VALUES ('f101_0080', N'2 tbsp kosher salt');

INSERT INTO Food_Ingredient (FoodID, Ingredient)
VALUES ('f101_0080', N'1 tbsp black pepper');

INSERT INTO Food_Ingredient (FoodID, Ingredient)
VALUES ('f101_0080', N'1 tbsp garlic powder');

INSERT INTO Food_Ingredient (FoodID, Ingredient)
VALUES ('f101_0080', N'1 tbsp fresh rosemary (chopped)');

INSERT INTO Food_Ingredient (FoodID, Ingredient)
VALUES ('f101_0080', N'1 tbsp fresh thyme (chopped)');

INSERT INTO Food_Ingredient (FoodID, Ingredient)
VALUES ('f101_0080', N'4 cloves garlic (minced)');

INSERT INTO Food_Ingredient (FoodID, Ingredient)
VALUES ('f101_0080', N'Optional: horseradish cream or au jus (for serving)');

INSERT INTO Food (FoodID, Title, Description, Calories, Instructions, ImageURL, SourceURL, Partition)
VALUES (
    'f101_0081',
    N'Pulled Pork Sandwich',
    N'Pulled Pork Sandwich is a smoky, Southern classic featuring tender, slow-cooked pork shoulder, shredded and tossed in a tangy, sweet barbecue sauce, piled high on a soft, toasted bun with crisp coleslaw and pickles, served with a side of fries for a hearty, flavorful meal.',
    432,
    N'1. In a small bowl, mix paprika, brown sugar, garlic powder, onion powder, salt, pepper, and cayenne (if using). 2. Rub the spice mixture all over the pork shoulder. Let rest while preparing the cooker. 3. Place pork in a slow cooker, pressure cooker, or oven-safe pot. Add apple cider vinegar (or broth). 4. Cook on low for 8 hours in a slow cooker, or 3–4 hours in a 150°C (300°F) oven, until fork-tender. 5. Remove pork and shred with two forks. Discard excess fat. 6. Mix shredded pork with barbecue sauce to coat evenly. 7. Toast buns lightly. Pile pork onto each bun and top with coleslaw if desired. 8. Serve with extra barbecue sauce on the side.',
    'https://storage.googleapis.com/kagglesdsdata/datasets/7399389/11785112/food-101/food-101/images/pulled_pork_sandwich/105746.jpg?X-Goog-Algorithm=GOOG4-RSA-SHA256&X-Goog-Credential=databundle-worker-v2%40kaggle-161607.iam.gserviceaccount.com%2F20250607%2Fauto%2Fstorage%2Fgoog4_request&X-Goog-Date=20250607T144401Z&X-Goog-Expires=345600&X-Goog-SignedHeaders=host&X-Goog-Signature=5430fe41a860153ff7421ce79d7006d806170092815a94d797b0ac8fe5e52af40a7eda72e4691a7c792a4bf8e55785dacf146196deecb44132de6b5594ec89ccff924557822d301b48379b980610d68e520ce7df7931a80d7ab673c4229073a23a9bf7f46e76e18259138c4a1a1cae7a855b62c2658e6e754dee16d4ec05e5ff574de4fd3af4addc7fd82b3d7bf23ee958c6ba5fa6a73b155f928eb4dccf2ce06c22ba78f48d3b6d9c36dbb9fd7c398f0b42742d503e20163e8460a1197de1281d6cd6f931a93eca1dfa9f46e4a049c211961c806b3881db6f2966e1718a25642afd9a889d7a81ce49e483a2c8bb210e9fccf455db998c5cdd6c79968f74c72c',
    'https://storage.googleapis.com/kagglesdsdata/datasets/7399389/11785112/food-101/food-101/images/pulled_pork_sandwich/105746.jpg?X-Goog-Algorithm=GOOG4-RSA-SHA256&X-Goog-Credential=databundle-worker-v2%40kaggle-161607.iam.gserviceaccount.com%2F20250607%2Fauto%2Fstorage%2Fgoog4_request&X-Goog-Date=20250607T144401Z&X-Goog-Expires=345600&X-Goog-SignedHeaders=host&X-Goog-Signature=5430fe41a860153ff7421ce79d7006d806170092815a94d797b0ac8fe5e52af40a7eda72e4691a7c792a4bf8e55785dacf146196deecb44132de6b5594ec89ccff924557822d301b48379b980610d68e520ce7df7931a80d7ab673c4229073a23a9bf7f46e76e18259138c4a1a1cae7a855b62c2658e6e754dee16d4ec05e5ff574de4fd3af4addc7fd82b3d7bf23ee958c6ba5fa6a73b155f928eb4dccf2ce06c22ba78f48d3b6d9c36dbb9fd7c398f0b42742d503e20163e8460a1197de1281d6cd6f931a93eca1dfa9f46e4a049c211961c806b3881db6f2966e1718a25642afd9a889d7a81ce49e483a2c8bb210e9fccf455db998c5cdd6c79968f74c72c',
    'train'
);

INSERT INTO Food_Ingredient (FoodID, Ingredient)
VALUES ('f101_0081', N'1.5 kg pork shoulder (boneless or bone-in)');

INSERT INTO Food_Ingredient (FoodID, Ingredient)
VALUES ('f101_0081', N'1 tbsp paprika');

INSERT INTO Food_Ingredient (FoodID, Ingredient)
VALUES ('f101_0081', N'1 tbsp brown sugar');

INSERT INTO Food_Ingredient (FoodID, Ingredient)
VALUES ('f101_0081', N'1 tsp garlic powder');

INSERT INTO Food_Ingredient (FoodID, Ingredient)
VALUES ('f101_0081', N'1 tsp onion powder');

INSERT INTO Food_Ingredient (FoodID, Ingredient)
VALUES ('f101_0081', N'1 tsp salt');

INSERT INTO Food_Ingredient (FoodID, Ingredient)
VALUES ('f101_0081', N'1/2 tsp black pepper');

INSERT INTO Food_Ingredient (FoodID, Ingredient)
VALUES ('f101_0081', N'1/2 tsp cayenne pepper (optional)');

INSERT INTO Food_Ingredient (FoodID, Ingredient)
VALUES ('f101_0081', N'1 cup barbecue sauce (plus extra for serving)');

INSERT INTO Food_Ingredient (FoodID, Ingredient)
VALUES ('f101_0081', N'1/2 cup apple cider vinegar or chicken broth');

INSERT INTO Food_Ingredient (FoodID, Ingredient)
VALUES ('f101_0081', N'6 sandwich buns or brioche rolls');

INSERT INTO Food_Ingredient (FoodID, Ingredient)
VALUES ('f101_0081', N'Coleslaw (for topping, optional)');

INSERT INTO Food (FoodID, Title, Description, Calories, Instructions, ImageURL, SourceURL, Partition)
VALUES (
    'f101_0082',
    N'Ramen',
    N'Ramen is a soul-warming Japanese noodle soup featuring springy wheat noodles in a rich, savory broth—ranging from creamy tonkotsu to umami-packed miso—topped with tender sliced pork, seaweed, soft-boiled egg, and green onions, offering a deeply satisfying and flavorful bowl.',
    391,
    N'1. Bring broth to a simmer in a pot. Stir in soy sauce, miso (if using), and sesame oil. Adjust seasoning to taste. 2. Cook ramen noodles separately according to package instructions. Drain and set aside. 3. Blanch vegetables like spinach or bok choy in the broth for 30 seconds, then remove. 4. Divide cooked noodles between serving bowls. 5. Pour hot broth over noodles. Top with sliced pork, soft-boiled egg, vegetables, corn, green onions, and nori. 6. Sprinkle with sesame seeds if desired and serve immediately.',
    'https://storage.googleapis.com/kagglesdsdata/datasets/7399389/11785112/food-101/food-101/images/ramen/1147475.jpg?X-Goog-Algorithm=GOOG4-RSA-SHA256&X-Goog-Credential=databundle-worker-v2%40kaggle-161607.iam.gserviceaccount.com%2F20250607%2Fauto%2Fstorage%2Fgoog4_request&X-Goog-Date=20250607T144709Z&X-Goog-Expires=345600&X-Goog-SignedHeaders=host&X-Goog-Signature=a9d6d0015199cb44dc32d52b3e0c5be73664cdef61217d2e02406567600f28585632318420eac01f02a4a6b96b10393c98e3e07720eabd574abfd6efcfe71591a0ab66af34a7993a5d6fd16aaa50f074003c493b4bcc5457156e9ac92a5cb04aa4af52df1e477dff3fdfcdaeb4bf7b0a44baeb2ab2683345a29b561f5ceccd173366d7d27778f7947cfb2d7b51882185efaaa98bbf4f5439f59bf72a77eab1046106f49621c6324b00563a13fb19aee001d092a46c5254e63aca177b2ef3a23c1a4d11e433e38fea58cd94c9784a6acc5b5e1554a986a443dbedf618fd7a11c09f9a5a43949c4da2509d04429471a5472df1599337768839651702d1b916d7cb',
    'https://storage.googleapis.com/kagglesdsdata/datasets/7399389/11785112/food-101/food-101/images/ramen/1147475.jpg?X-Goog-Algorithm=GOOG4-RSA-SHA256&X-Goog-Credential=databundle-worker-v2%40kaggle-161607.iam.gserviceaccount.com%2F20250607%2Fauto%2Fstorage%2Fgoog4_request&X-Goog-Date=20250607T144709Z&X-Goog-Expires=345600&X-Goog-SignedHeaders=host&X-Goog-Signature=a9d6d0015199cb44dc32d52b3e0c5be73664cdef61217d2e02406567600f28585632318420eac01f02a4a6b96b10393c98e3e07720eabd574abfd6efcfe71591a0ab66af34a7993a5d6fd16aaa50f074003c493b4bcc5457156e9ac92a5cb04aa4af52df1e477dff3fdfcdaeb4bf7b0a44baeb2ab2683345a29b561f5ceccd173366d7d27778f7947cfb2d7b51882185efaaa98bbf4f5439f59bf72a77eab1046106f49621c6324b00563a13fb19aee001d092a46c5254e63aca177b2ef3a23c1a4d11e433e38fea58cd94c9784a6acc5b5e1554a986a443dbedf618fd7a11c09f9a5a43949c4da2509d04429471a5472df1599337768839651702d1b916d7cb',
    'train'
);

INSERT INTO Food_Ingredient (FoodID, Ingredient)
VALUES ('f101_0082', N'2 packs fresh or dried ramen noodles');

INSERT INTO Food_Ingredient (FoodID, Ingredient)
VALUES ('f101_0082', N'4 cups chicken or pork broth (preferably homemade or low-sodium)');

INSERT INTO Food_Ingredient (FoodID, Ingredient)
VALUES ('f101_0082', N'2 tbsp soy sauce');

INSERT INTO Food_Ingredient (FoodID, Ingredient)
VALUES ('f101_0082', N'1 tbsp miso paste or mirin (optional)');

INSERT INTO Food_Ingredient (FoodID, Ingredient)
VALUES ('f101_0082', N'1 tsp sesame oil');

INSERT INTO Food_Ingredient (FoodID, Ingredient)
VALUES ('f101_0082', N'2 soft-boiled eggs (halved)');

INSERT INTO Food_Ingredient (FoodID, Ingredient)
VALUES ('f101_0082', N'200g sliced chashu pork, grilled chicken, or tofu');

INSERT INTO Food_Ingredient (FoodID, Ingredient)
VALUES ('f101_0082', N'1 cup baby spinach or bok choy');

INSERT INTO Food_Ingredient (FoodID, Ingredient)
VALUES ('f101_0082', N'1/2 cup corn kernels (optional)');

INSERT INTO Food_Ingredient (FoodID, Ingredient)
VALUES ('f101_0082', N'2 green onions (sliced)');

INSERT INTO Food_Ingredient (FoodID, Ingredient)
VALUES ('f101_0082', N'Nori (seaweed sheets, cut into strips)');

INSERT INTO Food_Ingredient (FoodID, Ingredient)
VALUES ('f101_0082', N'Toasted sesame seeds (optional)');

INSERT INTO Food_Ingredient (FoodID, Ingredient)
VALUES ('f101_0082', N'Salt and pepper to taste');

INSERT INTO Food (FoodID, Title, Description, Calories, Instructions, ImageURL, SourceURL, Partition)
VALUES (
    'f101_0083',
    N'Ravioli',
    N'Ravioli is a classic Italian dish featuring delicate pasta pockets filled with creamy ricotta cheese, spinach, or savory meat, served in a rich tomato marinara or buttery sage sauce, sprinkled with freshly grated Parmesan for a comforting, flavorful meal.',
    351,
    N'1. On a clean surface, make a mound with the flour and create a well in the center. Add eggs, salt, and olive oil. 2. Gradually mix eggs into the flour using a fork, then knead until a smooth dough forms (about 8–10 minutes). Wrap in plastic and rest for 30 minutes. 3. In a bowl, mix ricotta, Parmesan, spinach (if using), salt, and pepper to make the filling. Set aside. 4. Roll out the pasta dough into thin sheets using a rolling pin or pasta machine. 5. Place small spoonfuls of filling spaced evenly on one sheet of pasta. Cover with another sheet, press around filling to seal, and cut into squares or circles. 6. Press edges with a fork or fingers to seal completely. Dust with flour to prevent sticking. 7. Bring salted water to a boil. Cook ravioli in batches for 3–4 minutes until they float. 8. Drain and serve with melted butter and sage, tomato sauce, or your favorite pasta sauce.',
    'https://storage.googleapis.com/kagglesdsdata/datasets/7399389/11785112/food-101/food-101/images/ravioli/107852.jpg?X-Goog-Algorithm=GOOG4-RSA-SHA256&X-Goog-Credential=databundle-worker-v2%40kaggle-161607.iam.gserviceaccount.com%2F20250607%2Fauto%2Fstorage%2Fgoog4_request&X-Goog-Date=20250607T144831Z&X-Goog-Expires=345600&X-Goog-SignedHeaders=host&X-Goog-Signature=5fcb87810f1ffb5b4e697045f34538cdb24ddf520bf5468dabe1d6d5d41765ac60a5adac9499b489f4375ea21ceaf58a85a56c8ad15a6a04cf9e953f4399542277658f8585447f35fca1166a6b6c029e38f9e7c8829ce8943f98037d3ed7e70a3aa1a235c9d109685fbff1f45957e54497deae6733f87364da55465bf664637ca13965d2bf7b4e2b5dd441ac57c69e9dbbcb46bee56ec28647dd06a6445e9a3a728208b347c92623abdeaa4f9ed96918106a1110ebc0651ca4e0459769d6b87c6c6b0094c7013e6d65d446639a3b4a026fe2b2a0faaa5c93865160782ad1235aed7df79a257bda97a4a11cd8c9fe9823761b60cf388b46dac52c5ca9dd9f90af',
    'https://storage.googleapis.com/kagglesdsdata/datasets/7399389/11785112/food-101/food-101/images/ravioli/107852.jpg?X-Goog-Algorithm=GOOG4-RSA-SHA256&X-Goog-Credential=databundle-worker-v2%40kaggle-161607.iam.gserviceaccount.com%2F20250607%2Fauto%2Fstorage%2Fgoog4_request&X-Goog-Date=20250607T144831Z&X-Goog-Expires=345600&X-Goog-SignedHeaders=host&X-Goog-Signature=5fcb87810f1ffb5b4e697045f34538cdb24ddf520bf5468dabe1d6d5d41765ac60a5adac9499b489f4375ea21ceaf58a85a56c8ad15a6a04cf9e953f4399542277658f8585447f35fca1166a6b6c029e38f9e7c8829ce8943f98037d3ed7e70a3aa1a235c9d109685fbff1f45957e54497deae6733f87364da55465bf664637ca13965d2bf7b4e2b5dd441ac57c69e9dbbcb46bee56ec28647dd06a6445e9a3a728208b347c92623abdeaa4f9ed96918106a1110ebc0651ca4e0459769d6b87c6c6b0094c7013e6d65d446639a3b4a026fe2b2a0faaa5c93865160782ad1235aed7df79a257bda97a4a11cd8c9fe9823761b60cf388b46dac52c5ca9dd9f90af',
    'train'
);

INSERT INTO Food_Ingredient (FoodID, Ingredient)
VALUES ('f101_0083', N'2 cups all-purpose flour');

INSERT INTO Food_Ingredient (FoodID, Ingredient)
VALUES ('f101_0083', N'3 large eggs');

INSERT INTO Food_Ingredient (FoodID, Ingredient)
VALUES ('f101_0083', N'1/2 tsp salt');

INSERT INTO Food_Ingredient (FoodID, Ingredient)
VALUES ('f101_0083', N'1 tbsp olive oil (optional)');

INSERT INTO Food_Ingredient (FoodID, Ingredient)
VALUES ('f101_0083', N'1 cup ricotta cheese (for filling)');

INSERT INTO Food_Ingredient (FoodID, Ingredient)
VALUES ('f101_0083', N'1/2 cup grated Parmesan cheese');

INSERT INTO Food_Ingredient (FoodID, Ingredient)
VALUES ('f101_0083', N'1/2 cup cooked spinach (chopped and squeezed dry, optional)');

INSERT INTO Food_Ingredient (FoodID, Ingredient)
VALUES ('f101_0083', N'Salt and pepper to taste');

INSERT INTO Food_Ingredient (FoodID, Ingredient)
VALUES ('f101_0083', N'Butter, sage, tomato sauce, or cream sauce (for serving)');

INSERT INTO Food (FoodID, Title, Description, Calories, Instructions, ImageURL, SourceURL, Partition)
VALUES (
    'f101_0084',
    N'Red Velvet Cake',
    N'Red Velvet Cake is a striking Southern dessert featuring moist, cocoa-infused red cake layers with a subtle tang, paired with a luscious, creamy cream cheese frosting, often adorned with delicate cake crumbs or white chocolate curls for an indulgent, velvety treat.',
    482,
    N'1. Preheat oven to 175°C (350°F). Grease and flour two 9-inch (23 cm) round cake pans. 2. In a bowl, sift together flour, cocoa powder, baking soda, and salt. 3. In another large bowl, cream butter and sugar until light and fluffy. Beat in eggs one at a time. 4. Mix in buttermilk, vinegar, vanilla, and red food coloring. 5. Gradually add dry ingredients to wet, mixing until just combined. Do not overmix. 6. Divide batter evenly between the prepared pans and smooth the tops. 7. Bake for 25–30 minutes, or until a toothpick inserted comes out clean. Let cakes cool completely before frosting. 8. To make frosting: Beat cream cheese and butter until smooth. Add powdered sugar and vanilla, and beat until fluffy. 9. Frost between the layers and over the top and sides. Chill slightly before serving for best results.',
    'https://storage.googleapis.com/kagglesdsdata/datasets/7399389/11785112/food-101/food-101/images/red_velvet_cake/1043495.jpg?X-Goog-Algorithm=GOOG4-RSA-SHA256&X-Goog-Credential=databundle-worker-v2%40kaggle-161607.iam.gserviceaccount.com%2F20250607%2Fauto%2Fstorage%2Fgoog4_request&X-Goog-Date=20250607T144948Z&X-Goog-Expires=345600&X-Goog-SignedHeaders=host&X-Goog-Signature=bc2793ae3e54ecf4e77b079d0d5c3c77fd022912f96b3e2a6d8e1a78e2317624dabc31df5d487bcbb6718907d5a913a9570c1f699fde310f42bd0bee80b5c132166e98c2f9ed3e9be3aac596c00aa5226c40bffb5f3405820899c03793048ad892367ca9ba456a812c2c8123b7b9215329f9b04a4e40f7e0b77a5d79acf32de4875105c20c3780a8a7d7bebef6f0db6f9d7d96f7ea450b3b3a2da27401582a1e9e066b57cbc0f7af15540d7e01f0b8cd6435c4cdd8a7336c1c2ad0cdd15cc8e6301fb2ac6004a9dc637a24f2a488e1678b6ec09a246242fff8ce8efc6aa21d4120c8e77790f109f4df695e3942f6ac5d403f3ef17f24a57aeef56f41a435f91c',
    'https://storage.googleapis.com/kagglesdsdata/datasets/7399389/11785112/food-101/food-101/images/red_velvet_cake/1043495.jpg?X-Goog-Algorithm=GOOG4-RSA-SHA256&X-Goog-Credential=databundle-worker-v2%40kaggle-161607.iam.gserviceaccount.com%2F20250607%2Fauto%2Fstorage%2Fgoog4_request&X-Goog-Date=20250607T144948Z&X-Goog-Expires=345600&X-Goog-SignedHeaders=host&X-Goog-Signature=bc2793ae3e54ecf4e77b079d0d5c3c77fd022912f96b3e2a6d8e1a78e2317624dabc31df5d487bcbb6718907d5a913a9570c1f699fde310f42bd0bee80b5c132166e98c2f9ed3e9be3aac596c00aa5226c40bffb5f3405820899c03793048ad892367ca9ba456a812c2c8123b7b9215329f9b04a4e40f7e0b77a5d79acf32de4875105c20c3780a8a7d7bebef6f0db6f9d7d96f7ea450b3b3a2da27401582a1e9e066b57cbc0f7af15540d7e01f0b8cd6435c4cdd8a7336c1c2ad0cdd15cc8e6301fb2ac6004a9dc637a24f2a488e1678b6ec09a246242fff8ce8efc6aa21d4120c8e77790f109f4df695e3942f6ac5d403f3ef17f24a57aeef56f41a435f91c',
    'train'
);

INSERT INTO Food_Ingredient (FoodID, Ingredient)
VALUES ('f101_0084', N'2 1/2 cups all-purpose flour');

INSERT INTO Food_Ingredient (FoodID, Ingredient)
VALUES ('f101_0084', N'2 tbsp unsweetened cocoa powder');

INSERT INTO Food_Ingredient (FoodID, Ingredient)
VALUES ('f101_0084', N'1 tsp baking soda');

INSERT INTO Food_Ingredient (FoodID, Ingredient)
VALUES ('f101_0084', N'1/2 tsp salt');

INSERT INTO Food_Ingredient (FoodID, Ingredient)
VALUES ('f101_0084', N'1 cup unsalted butter (softened)');

INSERT INTO Food_Ingredient (FoodID, Ingredient)
VALUES ('f101_0084', N'1 1/2 cups granulated sugar');

INSERT INTO Food_Ingredient (FoodID, Ingredient)
VALUES ('f101_0084', N'2 large eggs');

INSERT INTO Food_Ingredient (FoodID, Ingredient)
VALUES ('f101_0084', N'1 cup buttermilk');

INSERT INTO Food_Ingredient (FoodID, Ingredient)
VALUES ('f101_0084', N'1 tbsp white vinegar');

INSERT INTO Food_Ingredient (FoodID, Ingredient)
VALUES ('f101_0084', N'2 tsp vanilla extract');

INSERT INTO Food_Ingredient (FoodID, Ingredient)
VALUES ('f101_0084', N'2 tbsp red food coloring');

INSERT INTO Food_Ingredient (FoodID, Ingredient)
VALUES ('f101_0084', N'For frosting: 225g cream cheese (softened), 1/2 cup butter, 2 cups powdered sugar, 1 tsp vanilla extract');

INSERT INTO Food (FoodID, Title, Description, Calories, Instructions, ImageURL, SourceURL, Partition)
VALUES (
    'f101_0085',
    N'Risotto',
    N'Risotto is a creamy Italian classic featuring Arborio rice slowly cooked in a rich, savory broth, infused with white wine and Parmesan cheese, often enhanced with earthy mushrooms, sweet peas, or saffron, and finished with a pat of butter for a luxurious, velvety texture.',
    361,
    N'1. In a large pan, heat olive oil or butter over medium heat. Add chopped onion and cook until soft and translucent. 2. Add Arborio rice and stir for 1–2 minutes to toast lightly. 3. Pour in white wine (if using) and stir until mostly absorbed. 4. Add warm stock one ladle at a time, stirring constantly and allowing each addition to absorb before adding more. 5. Continue cooking and adding stock gradually for 18–20 minutes, or until the rice is al dente and creamy. 6. Stir in Parmesan cheese, butter, and season with salt and pepper to taste. 7. Remove from heat, cover for 2 minutes, then stir and serve garnished with herbs if desired.',
    'https://storage.googleapis.com/kagglesdsdata/datasets/7399389/11785112/food-101/food-101/images/risotto/1034236.jpg?X-Goog-Algorithm=GOOG4-RSA-SHA256&X-Goog-Credential=databundle-worker-v2%40kaggle-161607.iam.gserviceaccount.com%2F20250607%2Fauto%2Fstorage%2Fgoog4_request&X-Goog-Date=20250607T145022Z&X-Goog-Expires=345600&X-Goog-SignedHeaders=host&X-Goog-Signature=301dc5a01efe0ea87e38171cd4a72dc6f4d82d28fc1c1b815ff4b9392fae984af11d1c7db91ce48b1b8e2c56337f2c2077d6545832d0dac1347795f647ab145de5d263a71c18491ae8eff12531e3204f92a2d5ceff540fbcc86c5e3e2bf4e077e0dd749a8956449c2fe8b6cd97fab850ea44fc501e51ef0b0d1afd12fa4390390d5168fe28d0b18b6e302a109c29b946ef2987d08668b118137b5504ab24506898cfb97dc66f9c61cb428cba4a310babb653cda64be219c7a5a928ae54dfd03c5583443beab0a09a7bef3f13d00e674f9dbc9870ca4f868faed55c655f567df74638fe786679f0e762814fc9a036fbdf7d051e26f9371b1bbf4e6f9f2e23a1e4',
    'https://storage.googleapis.com/kagglesdsdata/datasets/7399389/11785112/food-101/food-101/images/risotto/1034236.jpg?X-Goog-Algorithm=GOOG4-RSA-SHA256&X-Goog-Credential=databundle-worker-v2%40kaggle-161607.iam.gserviceaccount.com%2F20250607%2Fauto%2Fstorage%2Fgoog4_request&X-Goog-Date=20250607T145022Z&X-Goog-Expires=345600&X-Goog-SignedHeaders=host&X-Goog-Signature=301dc5a01efe0ea87e38171cd4a72dc6f4d82d28fc1c1b815ff4b9392fae984af11d1c7db91ce48b1b8e2c56337f2c2077d6545832d0dac1347795f647ab145de5d263a71c18491ae8eff12531e3204f92a2d5ceff540fbcc86c5e3e2bf4e077e0dd749a8956449c2fe8b6cd97fab850ea44fc501e51ef0b0d1afd12fa4390390d5168fe28d0b18b6e302a109c29b946ef2987d08668b118137b5504ab24506898cfb97dc66f9c61cb428cba4a310babb653cda64be219c7a5a928ae54dfd03c5583443beab0a09a7bef3f13d00e674f9dbc9870ca4f868faed55c655f567df74638fe786679f0e762814fc9a036fbdf7d051e26f9371b1bbf4e6f9f2e23a1e4',
    'train'
);

INSERT INTO Food_Ingredient (FoodID, Ingredient)
VALUES ('f101_0085', N'1 1/2 cups Arborio rice');

INSERT INTO Food_Ingredient (FoodID, Ingredient)
VALUES ('f101_0085', N'1 small onion (finely chopped)');

INSERT INTO Food_Ingredient (FoodID, Ingredient)
VALUES ('f101_0085', N'2 tbsp olive oil or unsalted butter');

INSERT INTO Food_Ingredient (FoodID, Ingredient)
VALUES ('f101_0085', N'1/2 cup dry white wine (optional)');

INSERT INTO Food_Ingredient (FoodID, Ingredient)
VALUES ('f101_0085', N'4–5 cups chicken or vegetable stock (kept warm)');

INSERT INTO Food_Ingredient (FoodID, Ingredient)
VALUES ('f101_0085', N'1/2 cup grated Parmesan cheese');

INSERT INTO Food_Ingredient (FoodID, Ingredient)
VALUES ('f101_0085', N'2 tbsp unsalted butter (for finishing)');

INSERT INTO Food_Ingredient (FoodID, Ingredient)
VALUES ('f101_0085', N'Salt and black pepper to taste');

INSERT INTO Food_Ingredient (FoodID, Ingredient)
VALUES ('f101_0085', N'Fresh parsley or herbs (for garnish, optional)');

INSERT INTO Food (FoodID, Title, Description, Calories, Instructions, ImageURL, SourceURL, Partition)
VALUES (
    'f101_0086',
    N'Samosa',
    N'Samosa is a crispy Indian pastry featuring a golden, flaky triangular shell filled with a savory blend of spiced potatoes, peas, lentils, or meat, seasoned with aromatic cumin, coriander, and garam masala, served with tangy tamarind chutney or mint yogurt for a flavorful, handheld delight.',
    281,
    N'1. In a bowl, mix flour, salt, and oil. Gradually add water and knead into a firm dough. Cover and rest for 30 minutes. 2. Heat 1 tbsp oil in a pan. Add cumin seeds, ginger, green chili, and spices. Sauté briefly. 3. Add mashed potatoes, peas, and salt. Cook for 2–3 minutes, mixing well. Stir in cilantro. Let cool. 4. Divide dough into small balls. Roll each into a thin oval. Cut in half to form 2 semi-circles. 5. Form a cone with one semi-circle, seal edge with water, and fill with potato mixture. Seal the top to form a triangle. 6. Heat oil in a deep pan to 170–180°C (340–355°F). Fry samosas in batches until golden and crisp, about 5–6 minutes each. 7. Drain on paper towels and serve hot with chutney or tamarind sauce.',
    'https://storage.googleapis.com/kagglesdsdata/datasets/7399389/11785112/food-101/food-101/images/samosa/1027905.jpg?X-Goog-Algorithm=GOOG4-RSA-SHA256&X-Goog-Credential=databundle-worker-v2%40kaggle-161607.iam.gserviceaccount.com%2F20250607%2Fauto%2Fstorage%2Fgoog4_request&X-Goog-Date=20250607T145058Z&X-Goog-Expires=345600&X-Goog-SignedHeaders=host&X-Goog-Signature=48adf9871826284add10db8d087d34f3225a657615a0512a9f41a24950ffdc3a52d356035fbef3cb12bd32aaeb6bd8f0767f88c8b04b938565e997391ce9dc29858331c6cdc1cc398744e38e0c5d933e3ad55f66c7064e6ffb779a784324822254f3fe83172352efcec9f1796d0a1867e44e295f87fa4e5ea82aacd1316658b1530c3e42819c9117298afff32a8b545ffdab1b81089e7d17ce813eee782310e3fdb61c32c757d56e7aabfc5d0651ee95c881e06d4fdb68fbc3431f1ca8d0227b3514f953ef673014b0a03835b302d842fbbd636ffa7f59a888abfc3bb7035f555679d22a72fbd01605484ab40bb9039237be459dad6d0e9d37cade18db3771be',
    'https://storage.googleapis.com/kagglesdsdata/datasets/7399389/11785112/food-101/food-101/images/samosa/1027905.jpg?X-Goog-Algorithm=GOOG4-RSA-SHA256&X-Goog-Credential=databundle-worker-v2%40kaggle-161607.iam.gserviceaccount.com%2F20250607%2Fauto%2Fstorage%2Fgoog4_request&X-Goog-Date=20250607T145058Z&X-Goog-Expires=345600&X-Goog-SignedHeaders=host&X-Goog-Signature=48adf9871826284add10db8d087d34f3225a657615a0512a9f41a24950ffdc3a52d356035fbef3cb12bd32aaeb6bd8f0767f88c8b04b938565e997391ce9dc29858331c6cdc1cc398744e38e0c5d933e3ad55f66c7064e6ffb779a784324822254f3fe83172352efcec9f1796d0a1867e44e295f87fa4e5ea82aacd1316658b1530c3e42819c9117298afff32a8b545ffdab1b81089e7d17ce813eee782310e3fdb61c32c757d56e7aabfc5d0651ee95c881e06d4fdb68fbc3431f1ca8d0227b3514f953ef673014b0a03835b302d842fbbd636ffa7f59a888abfc3bb7035f555679d22a72fbd01605484ab40bb9039237be459dad6d0e9d37cade18db3771be',
    'test'
);

INSERT INTO Food_Ingredient (FoodID, Ingredient)
VALUES ('f101_0086', N'2 cups all-purpose flour');

INSERT INTO Food_Ingredient (FoodID, Ingredient)
VALUES ('f101_0086', N'1/4 cup vegetable oil or ghee (for dough)');

INSERT INTO Food_Ingredient (FoodID, Ingredient)
VALUES ('f101_0086', N'1/2 tsp salt');

INSERT INTO Food_Ingredient (FoodID, Ingredient)
VALUES ('f101_0086', N'1/2 cup water (as needed for dough)');

INSERT INTO Food_Ingredient (FoodID, Ingredient)
VALUES ('f101_0086', N'2 medium potatoes (boiled and mashed)');

INSERT INTO Food_Ingredient (FoodID, Ingredient)
VALUES ('f101_0086', N'1/2 cup green peas (boiled)');

INSERT INTO Food_Ingredient (FoodID, Ingredient)
VALUES ('f101_0086', N'1 tsp cumin seeds');

INSERT INTO Food_Ingredient (FoodID, Ingredient)
VALUES ('f101_0086', N'1 tsp grated ginger');

INSERT INTO Food_Ingredient (FoodID, Ingredient)
VALUES ('f101_0086', N'1 green chili (finely chopped, optional)');

INSERT INTO Food_Ingredient (FoodID, Ingredient)
VALUES ('f101_0086', N'1/2 tsp garam masala');

INSERT INTO Food_Ingredient (FoodID, Ingredient)
VALUES ('f101_0086', N'1/2 tsp ground coriander');

INSERT INTO Food_Ingredient (FoodID, Ingredient)
VALUES ('f101_0086', N'1/2 tsp ground cumin');

INSERT INTO Food_Ingredient (FoodID, Ingredient)
VALUES ('f101_0086', N'1/2 tsp turmeric powder');

INSERT INTO Food_Ingredient (FoodID, Ingredient)
VALUES ('f101_0086', N'1 tbsp chopped cilantro (optional)');

INSERT INTO Food_Ingredient (FoodID, Ingredient)
VALUES ('f101_0086', N'Salt to taste');

INSERT INTO Food_Ingredient (FoodID, Ingredient)
VALUES ('f101_0086', N'Vegetable oil (for deep frying)');

INSERT INTO Food (FoodID, Title, Description, Calories, Instructions, ImageURL, SourceURL, Partition)
VALUES (
    'f101_0087',
    N'Sashimi',
    N'Sashimi is a refined Japanese delicacy featuring thinly sliced, impeccably fresh raw fish or seafood, such as tuna, salmon, or yellowtail, served with soy sauce, wasabi, and pickled ginger, offering a pure, delicate flavor and silky texture for an elegant, minimalist dining experience.',
    231,
    N'1. Ensure the fish is sashimi-grade and has been properly refrigerated and handled. 2. Using a very sharp knife, slice the fish against the grain into thin, even slices (about 5–7 mm thick). 3. Arrange the slices neatly on a chilled serving plate. 4. Garnish with shiso leaves or shredded daikon radish if desired. 5. Serve immediately with small dishes of soy sauce, wasabi, and pickled ginger on the side.',
    'https://storage.googleapis.com/kagglesdsdata/datasets/7399389/11785112/food-101/food-101/images/sashimi/101812.jpg?X-Goog-Algorithm=GOOG4-RSA-SHA256&X-Goog-Credential=databundle-worker-v2%40kaggle-161607.iam.gserviceaccount.com%2F20250607%2Fauto%2Fstorage%2Fgoog4_request&X-Goog-Date=20250607T145127Z&X-Goog-Expires=345600&X-Goog-SignedHeaders=host&X-Goog-Signature=32b2f172bc55f9219f814cce6f361ba5dd363c7068a433b4bad3eadef56c054901be2bb313a92e2fb44ffb8cb3227daf671aad93903befa738157de9338f99ed4c70859be32f8e4b1a88ffe10575476a278c64b3945fe562a14fccde03e24f895d455ac8228e7c3f8f0d06c0b587a6ee76af104a9a16477229dc816e96ce58583a523d992129582a2943fa0e74f1a3207733b2f6b83bbd2e7839dbd60a38ba53615f0e9214967e912b0b508395b106df297a7df2b1bdf73636df7f92db12ce160bcd468bba697074a4f45e968c66d454e0c1f6b9e32fa54cabcff84460deafc3f83a29ac4d9779d81c452786b00a50f92d3b6c12af7b9db9a1c297610f06ec6a',
    'https://storage.googleapis.com/kagglesdsdata/datasets/7399389/11785112/food-101/food-101/images/sashimi/101812.jpg?X-Goog-Algorithm=GOOG4-RSA-SHA256&X-Goog-Credential=databundle-worker-v2%40kaggle-161607.iam.gserviceaccount.com%2F20250607%2Fauto%2Fstorage%2Fgoog4_request&X-Goog-Date=20250607T145127Z&X-Goog-Expires=345600&X-Goog-SignedHeaders=host&X-Goog-Signature=32b2f172bc55f9219f814cce6f361ba5dd363c7068a433b4bad3eadef56c054901be2bb313a92e2fb44ffb8cb3227daf671aad93903befa738157de9338f99ed4c70859be32f8e4b1a88ffe10575476a278c64b3945fe562a14fccde03e24f895d455ac8228e7c3f8f0d06c0b587a6ee76af104a9a16477229dc816e96ce58583a523d992129582a2943fa0e74f1a3207733b2f6b83bbd2e7839dbd60a38ba53615f0e9214967e912b0b508395b106df297a7df2b1bdf73636df7f92db12ce160bcd468bba697074a4f45e968c66d454e0c1f6b9e32fa54cabcff84460deafc3f83a29ac4d9779d81c452786b00a50f92d3b6c12af7b9db9a1c297610f06ec6a',
    'train'
);

INSERT INTO Food_Ingredient (FoodID, Ingredient)
VALUES ('f101_0087', N'200g sashimi-grade raw fish (e.g., tuna, salmon, yellowtail)');

INSERT INTO Food_Ingredient (FoodID, Ingredient)
VALUES ('f101_0087', N'Pickled ginger (for serving)');

INSERT INTO Food_Ingredient (FoodID, Ingredient)
VALUES ('f101_0087', N'Wasabi (for serving)');

INSERT INTO Food_Ingredient (FoodID, Ingredient)
VALUES ('f101_0087', N'Soy sauce (for dipping)');

INSERT INTO Food_Ingredient (FoodID, Ingredient)
VALUES ('f101_0087', N'Shiso leaves or shredded daikon radish (for garnish, optional)');

INSERT INTO Food (FoodID, Title, Description, Calories, Instructions, ImageURL, SourceURL, Partition)
VALUES (
    'f101_0088',
    N'Scallops',
    N'Scallops are a luxurious seafood delicacy featuring tender, sweet sea scallops, perfectly seared to a golden crust with a buttery, melt-in-your-mouth center, often drizzled with a light lemon-garlic sauce or served atop a bed of creamy risotto for an elegant, flavorful dish.',
    221,
    N'1. Pat scallops very dry with paper towels. Season both sides with salt and pepper. 2. Heat olive oil in a large skillet over medium-high heat until just smoking. 3. Add scallops in a single layer (do not overcrowd). Sear undisturbed for 1.5–2 minutes until golden crust forms. 4. Flip scallops, add butter and garlic (if using), and baste briefly. Cook another 1–2 minutes until just opaque. 5. Transfer to a plate and garnish with herbs and lemon wedges. 6. Serve immediately as a starter or over risotto, pasta, or salad.',
    'https://storage.googleapis.com/kagglesdsdata/datasets/7399389/11785112/food-101/food-101/images/scallops/1007089.jpg?X-Goog-Algorithm=GOOG4-RSA-SHA256&X-Goog-Credential=databundle-worker-v2%40kaggle-161607.iam.gserviceaccount.com%2F20250607%2Fauto%2Fstorage%2Fgoog4_request&X-Goog-Date=20250607T145219Z&X-Goog-Expires=345600&X-Goog-SignedHeaders=host&X-Goog-Signature=b2ad981aad8a6a34ebb1494c66bad4a03c5a56162fb8d7ffdccc5ff5b9aa5802f2007aa8a28b9ba2f962619ce04e5b72172ee6de62bb93f975c84839af142d478359a330b0562c9f1b159a0938af1c22a78987bbb5228d64d575dbc5c544721499e0b42cc232fafdf66b1b7a43462d6c8f82ccb01bfffce84a7f6e47e9634d5d5523992465b9346678f586b4bfd98cb8633f6fd03a80b263eedf6348ef7d12f4c4539e201aa5eec3ef56945415615518550b014bf5c07fbcfbae8b443ef180661a0f313c4d9ae5434f93bc89f3cf9f7b8be106deaa3d856be128c4a5ab4b96789ec55715bc1db1eb5b20caf73188746b50cc74e9e3e2ee6011b8afa45ef61c47',
    'https://storage.googleapis.com/kagglesdsdata/datasets/7399389/11785112/food-101/food-101/images/scallops/1007089.jpg?X-Goog-Algorithm=GOOG4-RSA-SHA256&X-Goog-Credential=databundle-worker-v2%40kaggle-161607.iam.gserviceaccount.com%2F20250607%2Fauto%2Fstorage%2Fgoog4_request&X-Goog-Date=20250607T145219Z&X-Goog-Expires=345600&X-Goog-SignedHeaders=host&X-Goog-Signature=b2ad981aad8a6a34ebb1494c66bad4a03c5a56162fb8d7ffdccc5ff5b9aa5802f2007aa8a28b9ba2f962619ce04e5b72172ee6de62bb93f975c84839af142d478359a330b0562c9f1b159a0938af1c22a78987bbb5228d64d575dbc5c544721499e0b42cc232fafdf66b1b7a43462d6c8f82ccb01bfffce84a7f6e47e9634d5d5523992465b9346678f586b4bfd98cb8633f6fd03a80b263eedf6348ef7d12f4c4539e201aa5eec3ef56945415615518550b014bf5c07fbcfbae8b443ef180661a0f313c4d9ae5434f93bc89f3cf9f7b8be106deaa3d856be128c4a5ab4b96789ec55715bc1db1eb5b20caf73188746b50cc74e9e3e2ee6011b8afa45ef61c47',
    'train'
);

INSERT INTO Food_Ingredient (FoodID, Ingredient)
VALUES ('f101_0088', N'8–10 large sea scallops (patted dry)');

INSERT INTO Food_Ingredient (FoodID, Ingredient)
VALUES ('f101_0088', N'1 tbsp olive oil');

INSERT INTO Food_Ingredient (FoodID, Ingredient)
VALUES ('f101_0088', N'1 tbsp unsalted butter');

INSERT INTO Food_Ingredient (FoodID, Ingredient)
VALUES ('f101_0088', N'Salt to taste');

INSERT INTO Food_Ingredient (FoodID, Ingredient)
VALUES ('f101_0088', N'Black pepper to taste');

INSERT INTO Food_Ingredient (FoodID, Ingredient)
VALUES ('f101_0088', N'1 clove garlic (smashed, optional)');

INSERT INTO Food_Ingredient (FoodID, Ingredient)
VALUES ('f101_0088', N'1 sprig fresh thyme or parsley (optional, for garnish)');

INSERT INTO Food_Ingredient (FoodID, Ingredient)
VALUES ('f101_0088', N'Lemon wedges (for serving)');

INSERT INTO Food (FoodID, Title, Description, Calories, Instructions, ImageURL, SourceURL, Partition)
VALUES (
    'f101_0089',
    N'Seaweed Salad',
    N'Seaweed Salad is a refreshing Japanese dish featuring vibrant, tender seaweed marinated in a tangy sesame-soy dressing with a hint of rice vinegar and chili, offering a crisp, umami-packed bite, often garnished with sesame seeds and served as a light, healthy side.',
    141,
    N'1. Soak dried seaweed in cold water for 5–10 minutes until rehydrated and tender. Drain and squeeze out excess water. 2. In a small bowl, whisk together rice vinegar, soy sauce, sesame oil, sugar, and grated ginger until well combined. 3. In a mixing bowl, combine rehydrated seaweed with carrot and green onion if using. 4. Pour dressing over and toss to coat evenly. 5. Sprinkle with toasted sesame seeds and chili flakes if desired. 6. Chill for 10–15 minutes and serve cold as an appetizer or side dish.',
    'https://storage.googleapis.com/kagglesdsdata/datasets/7399389/11785112/food-101/food-101/images/seaweed_salad/1008972.jpg?X-Goog-Algorithm=GOOG4-RSA-SHA256&X-Goog-Credential=databundle-worker-v2%40kaggle-161607.iam.gserviceaccount.com%2F20250607%2Fauto%2Fstorage%2Fgoog4_request&X-Goog-Date=20250607T145255Z&X-Goog-Expires=345600&X-Goog-SignedHeaders=host&X-Goog-Signature=4bbb78eee4a75fdc0a1d40a331b32d6503ba0f582d5cbcff54bfc7550e32f5f8d82e42e61b5566d804c963719b0a9e5daf3a96c977dfd3aab99bbcbf7fb4ccd07e42218c6446da36cd1c4386d9cbd6bb5d8c75f1bb4fae3eb5eccee4301dc586c4a3b71a7bb925d17d02852d867dfe66458cbf6dee144c67f1af40d53f7688e3c651c5aa3efbc5dd759ee15dae448f96bf89645e98b04dd6921f2d6df25cdb53a25d15676f78c20eaa9880e168400dc970617d7354cce2b28984907728b4ce5d9199adae5b767c36cbd9d488fa53d9cc0d0abe567722821e857d1215513c03d414d1f4ce7656b29e5b898f99a9c2519b52cbe2c346b307e0119519edb0a79c7c',
    'https://storage.googleapis.com/kagglesdsdata/datasets/7399389/11785112/food-101/food-101/images/seaweed_salad/1008972.jpg?X-Goog-Algorithm=GOOG4-RSA-SHA256&X-Goog-Credential=databundle-worker-v2%40kaggle-161607.iam.gserviceaccount.com%2F20250607%2Fauto%2Fstorage%2Fgoog4_request&X-Goog-Date=20250607T145255Z&X-Goog-Expires=345600&X-Goog-SignedHeaders=host&X-Goog-Signature=4bbb78eee4a75fdc0a1d40a331b32d6503ba0f582d5cbcff54bfc7550e32f5f8d82e42e61b5566d804c963719b0a9e5daf3a96c977dfd3aab99bbcbf7fb4ccd07e42218c6446da36cd1c4386d9cbd6bb5d8c75f1bb4fae3eb5eccee4301dc586c4a3b71a7bb925d17d02852d867dfe66458cbf6dee144c67f1af40d53f7688e3c651c5aa3efbc5dd759ee15dae448f96bf89645e98b04dd6921f2d6df25cdb53a25d15676f78c20eaa9880e168400dc970617d7354cce2b28984907728b4ce5d9199adae5b767c36cbd9d488fa53d9cc0d0abe567722821e857d1215513c03d414d1f4ce7656b29e5b898f99a9c2519b52cbe2c346b307e0119519edb0a79c7c',
    'train'
);

INSERT INTO Food_Ingredient (FoodID, Ingredient)
VALUES ('f101_0089', N'1 cup dried wakame seaweed (or mixed seaweed blend)');

INSERT INTO Food_Ingredient (FoodID, Ingredient)
VALUES ('f101_0089', N'1 tbsp rice vinegar');

INSERT INTO Food_Ingredient (FoodID, Ingredient)
VALUES ('f101_0089', N'1 tbsp soy sauce');

INSERT INTO Food_Ingredient (FoodID, Ingredient)
VALUES ('f101_0089', N'1 tsp sesame oil');

INSERT INTO Food_Ingredient (FoodID, Ingredient)
VALUES ('f101_0089', N'1 tsp sugar');

INSERT INTO Food_Ingredient (FoodID, Ingredient)
VALUES ('f101_0089', N'1 tsp grated ginger');

INSERT INTO Food_Ingredient (FoodID, Ingredient)
VALUES ('f101_0089', N'1 tsp sesame seeds (toasted)');

INSERT INTO Food_Ingredient (FoodID, Ingredient)
VALUES ('f101_0089', N'1 small carrot (julienned, optional)');

INSERT INTO Food_Ingredient (FoodID, Ingredient)
VALUES ('f101_0089', N'1 green onion (thinly sliced, optional)');

INSERT INTO Food_Ingredient (FoodID, Ingredient)
VALUES ('f101_0089', N'Chili flakes (optional, to taste)');

INSERT INTO Food (FoodID, Title, Description, Calories, Instructions, ImageURL, SourceURL, Partition)
VALUES (
    'f101_0090',
    N'Shrimp And Grits',
    N'Shrimp and Grits is a soulful Southern classic featuring plump, juicy shrimp sautéed with garlic, butter, and a hint of Cajun spice, served over creamy, buttery grits enriched with sharp cheddar, often garnished with crispy bacon bits and green onions for a rich, comforting dish.',
    371,
    N'1. In a saucepan, bring water or broth to a boil. Add salt and slowly stir in grits. Reduce heat and cook, stirring occasionally, for 20–25 minutes until thick and creamy. 2. Stir in butter and cheese (if using), and adjust seasoning. Keep warm. 3. In a skillet, heat olive oil over medium-high heat. Add shrimp, garlic, cayenne or paprika, salt, and pepper. Cook for 2–3 minutes per side until pink and opaque. 4. Remove from heat and toss with green onions and crumbled bacon (if using). 5. Spoon grits into bowls, top with shrimp mixture, and garnish with extra green onions or lemon wedges. 6. Serve immediately.',
    'https://storage.googleapis.com/kagglesdsdata/datasets/7399389/11785112/food-101/food-101/images/shrimp_and_grits/1043390.jpg?X-Goog-Algorithm=GOOG4-RSA-SHA256&X-Goog-Credential=databundle-worker-v2%40kaggle-161607.iam.gserviceaccount.com%2F20250607%2Fauto%2Fstorage%2Fgoog4_request&X-Goog-Date=20250607T145325Z&X-Goog-Expires=345600&X-Goog-SignedHeaders=host&X-Goog-Signature=86b8e8f71d5dc9a7d95fbd19ce55717a9550f58fd65814d6407edf1fbb13ba082eb22ab405abda32d76281ef06fd193e0a210adf141e6c7ed196d3fa98f04a7220d09ac888cbd1f82fab3f2def9b1b01e3862c0440a0fb13f17642b1421e6758fd4d3b7c7f5833eb0ac36178a21c96350e947e7273417db75f81c5373fbc0e0f4e5e8b6e560c40472b689d07faf10d92685b5931e9cde63d70d4361d473ca30cb99376905e5af005466a557a6700973ec05d33585ae77b2d24c876694021797e9bceccd25907cbf51ff32771a0299861814e52fd2f40cc7a313ba253e4d6e05743aba2971b1ea0d86c6a3e5949a9deb4084a89852fdb0b86249731c78faaf6ed',
    'https://storage.googleapis.com/kagglesdsdata/datasets/7399389/11785112/food-101/food-101/images/shrimp_and_grits/1043390.jpg?X-Goog-Algorithm=GOOG4-RSA-SHA256&X-Goog-Credential=databundle-worker-v2%40kaggle-161607.iam.gserviceaccount.com%2F20250607%2Fauto%2Fstorage%2Fgoog4_request&X-Goog-Date=20250607T145325Z&X-Goog-Expires=345600&X-Goog-SignedHeaders=host&X-Goog-Signature=86b8e8f71d5dc9a7d95fbd19ce55717a9550f58fd65814d6407edf1fbb13ba082eb22ab405abda32d76281ef06fd193e0a210adf141e6c7ed196d3fa98f04a7220d09ac888cbd1f82fab3f2def9b1b01e3862c0440a0fb13f17642b1421e6758fd4d3b7c7f5833eb0ac36178a21c96350e947e7273417db75f81c5373fbc0e0f4e5e8b6e560c40472b689d07faf10d92685b5931e9cde63d70d4361d473ca30cb99376905e5af005466a557a6700973ec05d33585ae77b2d24c876694021797e9bceccd25907cbf51ff32771a0299861814e52fd2f40cc7a313ba253e4d6e05743aba2971b1ea0d86c6a3e5949a9deb4084a89852fdb0b86249731c78faaf6ed',
    'train'
);

INSERT INTO Food_Ingredient (FoodID, Ingredient)
VALUES ('f101_0090', N'1 cup stone-ground grits (or polenta)');

INSERT INTO Food_Ingredient (FoodID, Ingredient)
VALUES ('f101_0090', N'4 cups water or chicken broth');

INSERT INTO Food_Ingredient (FoodID, Ingredient)
VALUES ('f101_0090', N'1/2 tsp salt');

INSERT INTO Food_Ingredient (FoodID, Ingredient)
VALUES ('f101_0090', N'1/2 cup shredded cheddar cheese (optional)');

INSERT INTO Food_Ingredient (FoodID, Ingredient)
VALUES ('f101_0090', N'2 tbsp butter');

INSERT INTO Food_Ingredient (FoodID, Ingredient)
VALUES ('f101_0090', N'500g shrimp (peeled and deveined)');

INSERT INTO Food_Ingredient (FoodID, Ingredient)
VALUES ('f101_0090', N'1 tbsp olive oil');

INSERT INTO Food_Ingredient (FoodID, Ingredient)
VALUES ('f101_0090', N'2 cloves garlic (minced)');

INSERT INTO Food_Ingredient (FoodID, Ingredient)
VALUES ('f101_0090', N'1/4 tsp cayenne pepper or smoked paprika (optional)');

INSERT INTO Food_Ingredient (FoodID, Ingredient)
VALUES ('f101_0090', N'1/4 cup chopped green onions');

INSERT INTO Food_Ingredient (FoodID, Ingredient)
VALUES ('f101_0090', N'4 slices bacon (cooked and crumbled, optional)');

INSERT INTO Food_Ingredient (FoodID, Ingredient)
VALUES ('f101_0090', N'Salt and pepper to taste');

INSERT INTO Food_Ingredient (FoodID, Ingredient)
VALUES ('f101_0090', N'Lemon wedges (for serving, optional)');

INSERT INTO Food (FoodID, Title, Description, Calories, Instructions, ImageURL, SourceURL, Partition)
VALUES (
    'f101_0091',
    N'Spaghetti Bolognese',
    N'Spaghetti Bolognese is a hearty Italian classic featuring al dente spaghetti tossed in a rich, savory meat sauce made from slow-simmered ground beef, tomatoes, onions, and aromatic herbs like basil and oregano, finished with a generous sprinkle of Parmesan cheese for a comforting, flavorful meal.',
    450,
    N'1. Cook spaghetti in salted boiling water until al dente. Drain and set aside. 2. Heat olive oil in a large pan over medium heat. Add onion, garlic, carrot, and celery. Sauté for 5–7 minutes until soft. 3. Add ground beef and cook until browned, breaking it up with a spoon. 4. Stir in tomato paste and cook for 1 minute. Add crushed tomatoes and red wine (if using). 5. Season with salt, pepper, and oregano. Simmer uncovered for 20–30 minutes until thickened. 6. Toss cooked spaghetti with the sauce or spoon sauce on top of noodles. 7. Serve with grated Parmesan and fresh herbs if desired.',
    'https://storage.googleapis.com/kagglesdsdata/datasets/7399389/11785112/food-101/food-101/images/spaghetti_bolognese/1016511.jpg?X-Goog-Algorithm=GOOG4-RSA-SHA256&X-Goog-Credential=databundle-worker-v2%40kaggle-161607.iam.gserviceaccount.com%2F20250607%2Fauto%2Fstorage%2Fgoog4_request&X-Goog-Date=20250607T145418Z&X-Goog-Expires=345600&X-Goog-SignedHeaders=host&X-Goog-Signature=2abd8ea6413d96ef2128184cadb3cf81d01430f0a92e16e52d3adcefc2cbfd2702b6cbddad3734ff2173277600035da5e7d4f0dcdb0beaa5a3869e257cdf71d6e2f107bb0c357ca8e8ec5441b6923188561c8662fc3896f2b2f7f60c8a20ebdec9681f95f43f259bd0a24124fe371316a8d8bbf5cd8f8a141d9bc915f049410499bfab09149ca03b5a9bcfad7f5632fc2a93630f1605b7f95dee947a0350d15d9cb8547fc828c700af4c35f5165e7680ba3075c01ae843ab51b82226d13cf69e8e85ec13cee161ff0f3757a04c417933a9570623e805f48ea891d1df5747a4ec5578c5448df071ac245f1ae06bc6d5db596957c85a8fee749a2958f852734d7b',
    'https://storage.googleapis.com/kagglesdsdata/datasets/7399389/11785112/food-101/food-101/images/spaghetti_bolognese/1016511.jpg?X-Goog-Algorithm=GOOG4-RSA-SHA256&X-Goog-Credential=databundle-worker-v2%40kaggle-161607.iam.gserviceaccount.com%2F20250607%2Fauto%2Fstorage%2Fgoog4_request&X-Goog-Date=20250607T145418Z&X-Goog-Expires=345600&X-Goog-SignedHeaders=host&X-Goog-Signature=2abd8ea6413d96ef2128184cadb3cf81d01430f0a92e16e52d3adcefc2cbfd2702b6cbddad3734ff2173277600035da5e7d4f0dcdb0beaa5a3869e257cdf71d6e2f107bb0c357ca8e8ec5441b6923188561c8662fc3896f2b2f7f60c8a20ebdec9681f95f43f259bd0a24124fe371316a8d8bbf5cd8f8a141d9bc915f049410499bfab09149ca03b5a9bcfad7f5632fc2a93630f1605b7f95dee947a0350d15d9cb8547fc828c700af4c35f5165e7680ba3075c01ae843ab51b82226d13cf69e8e85ec13cee161ff0f3757a04c417933a9570623e805f48ea891d1df5747a4ec5578c5448df071ac245f1ae06bc6d5db596957c85a8fee749a2958f852734d7b',
    'test'
);

INSERT INTO Food_Ingredient (FoodID, Ingredient)
VALUES ('f101_0091', N'400g spaghetti');

INSERT INTO Food_Ingredient (FoodID, Ingredient)
VALUES ('f101_0091', N'2 tbsp olive oil');

INSERT INTO Food_Ingredient (FoodID, Ingredient)
VALUES ('f101_0091', N'1 onion (finely chopped)');

INSERT INTO Food_Ingredient (FoodID, Ingredient)
VALUES ('f101_0091', N'2 cloves garlic (minced)');

INSERT INTO Food_Ingredient (FoodID, Ingredient)
VALUES ('f101_0091', N'1 carrot (finely diced)');

INSERT INTO Food_Ingredient (FoodID, Ingredient)
VALUES ('f101_0091', N'1 celery stalk (finely diced, optional)');

INSERT INTO Food_Ingredient (FoodID, Ingredient)
VALUES ('f101_0091', N'500g ground beef (or beef-pork mix)');

INSERT INTO Food_Ingredient (FoodID, Ingredient)
VALUES ('f101_0091', N'2 tbsp tomato paste');

INSERT INTO Food_Ingredient (FoodID, Ingredient)
VALUES ('f101_0091', N'400g canned crushed tomatoes');

INSERT INTO Food_Ingredient (FoodID, Ingredient)
VALUES ('f101_0091', N'1/2 cup red wine (optional)');

INSERT INTO Food_Ingredient (FoodID, Ingredient)
VALUES ('f101_0091', N'1 tsp dried oregano or Italian seasoning');

INSERT INTO Food_Ingredient (FoodID, Ingredient)
VALUES ('f101_0091', N'Salt and pepper to taste');

INSERT INTO Food_Ingredient (FoodID, Ingredient)
VALUES ('f101_0091', N'Fresh basil or parsley (for garnish, optional)');

INSERT INTO Food_Ingredient (FoodID, Ingredient)
VALUES ('f101_0091', N'Grated Parmesan cheese (for serving)');

INSERT INTO Food (FoodID, Title, Description, Calories, Instructions, ImageURL, SourceURL, Partition)
VALUES (
    'f101_0092',
    N'Spaghetti Carbonara',
    N'Spaghetti Carbonara is a timeless Italian dish featuring al dente spaghetti coated in a creamy, velvety sauce made from eggs, Pecorino Romano cheese, and crispy pancetta or guanciale, finished with a generous grind of black pepper for a rich, savory, and indulgent pasta experience.',
    431,
    N'1. Cook spaghetti in a large pot of salted boiling water until al dente. Reserve 1 cup of pasta water, then drain. 2. While pasta cooks, cook pancetta/guanciale in a pan over medium heat until crispy. Remove from heat and set aside. 3. In a bowl, whisk egg yolks, whole egg, cheese, and black pepper until smooth. 4. Quickly toss hot drained pasta with the pancetta and rendered fat in the pan. 5. Remove pan from heat. Slowly pour in the egg-cheese mixture while tossing quickly to prevent scrambling. Add reserved pasta water a little at a time until a creamy sauce forms. 6. Serve immediately with extra cheese and pepper on top if desired.',
    'https://storage.googleapis.com/kagglesdsdata/datasets/7399389/11785112/food-101/food-101/images/spaghetti_carbonara/1005482.jpg?X-Goog-Algorithm=GOOG4-RSA-SHA256&X-Goog-Credential=databundle-worker-v2%40kaggle-161607.iam.gserviceaccount.com%2F20250607%2Fauto%2Fstorage%2Fgoog4_request&X-Goog-Date=20250607T145444Z&X-Goog-Expires=345600&X-Goog-SignedHeaders=host&X-Goog-Signature=b5c391056c23183b72d419a22b4eb5917a7f69b9529c06e81e791c4323764191132f294b2fecc3739576e866a64bdce0f15a6e18f3490f50558a3b58e5ff9c1f9f7e642029e317acf1fec2d5fc5bde6baa89410b51d514641d64c114ad13d28870e84aed2907a086a6b39bd4cb8a9709fdfee807487c4d472f416b67c34612919ab026dc7da62ecffd3979cc176f497bf56984209c7a33879b48783e7180b0bf4869c07be4f255ef1cd5836edb1c6df21648a3ddfbe6aa6b1f26b85e02e8f9be052edf6c50ef7a131727cbf3d9f368073de9304a2eb44f2f6dc3198c00db548db5937d3f9e5cb4785a3743d63e6b2b236ba23639e259c39a6c38d1afb2ea9921',
    'https://storage.googleapis.com/kagglesdsdata/datasets/7399389/11785112/food-101/food-101/images/spaghetti_carbonara/1005482.jpg?X-Goog-Algorithm=GOOG4-RSA-SHA256&X-Goog-Credential=databundle-worker-v2%40kaggle-161607.iam.gserviceaccount.com%2F20250607%2Fauto%2Fstorage%2Fgoog4_request&X-Goog-Date=20250607T145444Z&X-Goog-Expires=345600&X-Goog-SignedHeaders=host&X-Goog-Signature=b5c391056c23183b72d419a22b4eb5917a7f69b9529c06e81e791c4323764191132f294b2fecc3739576e866a64bdce0f15a6e18f3490f50558a3b58e5ff9c1f9f7e642029e317acf1fec2d5fc5bde6baa89410b51d514641d64c114ad13d28870e84aed2907a086a6b39bd4cb8a9709fdfee807487c4d472f416b67c34612919ab026dc7da62ecffd3979cc176f497bf56984209c7a33879b48783e7180b0bf4869c07be4f255ef1cd5836edb1c6df21648a3ddfbe6aa6b1f26b85e02e8f9be052edf6c50ef7a131727cbf3d9f368073de9304a2eb44f2f6dc3198c00db548db5937d3f9e5cb4785a3743d63e6b2b236ba23639e259c39a6c38d1afb2ea9921',
    'train'
);

INSERT INTO Food_Ingredient (FoodID, Ingredient)
VALUES ('f101_0092', N'400g spaghetti');

INSERT INTO Food_Ingredient (FoodID, Ingredient)
VALUES ('f101_0092', N'150g pancetta hoặc guanciale (cắt hạt lựu)');

INSERT INTO Food_Ingredient (FoodID, Ingredient)
VALUES ('f101_0092', N'3 large egg yolks');

INSERT INTO Food_Ingredient (FoodID, Ingredient)
VALUES ('f101_0092', N'1 whole egg');

INSERT INTO Food_Ingredient (FoodID, Ingredient)
VALUES ('f101_0092', N'1 cup grated Pecorino Romano hoặc Parmesan cheese');

INSERT INTO Food_Ingredient (FoodID, Ingredient)
VALUES ('f101_0092', N'1/2 tsp freshly ground black pepper');

INSERT INTO Food_Ingredient (FoodID, Ingredient)
VALUES ('f101_0092', N'Salt (for pasta water)');

INSERT INTO Food (FoodID, Title, Description, Calories, Instructions, ImageURL, SourceURL, Partition)
VALUES (
    'f101_0093',
    N'Spring Rolls',
    N'Spring Rolls are a light and crispy Asian appetizer featuring delicate, golden wrappers filled with a vibrant mix of fresh vegetables, tender shrimp or pork, and fragrant herbs like cilantro and mint, served with a sweet and tangy chili dipping sauce for a refreshing, flavorful bite.',
    181,
    N'1. Prepare all ingredients and have them ready before rolling. 2. Dip one rice paper wrapper in warm water for 5–10 seconds until soft and pliable. 3. Place wrapper on a clean surface. In the center, layer lettuce, noodles, carrots, cucumber, herbs, and protein (if using). 4. Fold in the sides, then roll up tightly from the bottom like a burrito. 5. Repeat with remaining ingredients. Keep finished rolls covered with a damp towel to prevent drying. 6. Serve fresh with peanut or hoisin dipping sauce.',
    'https://storage.googleapis.com/kagglesdsdata/datasets/7399389/11785112/food-101/food-101/images/spring_rolls/1080138.jpg?X-Goog-Algorithm=GOOG4-RSA-SHA256&X-Goog-Credential=databundle-worker-v2%40kaggle-161607.iam.gserviceaccount.com%2F20250607%2Fauto%2Fstorage%2Fgoog4_request&X-Goog-Date=20250607T145548Z&X-Goog-Expires=345600&X-Goog-SignedHeaders=host&X-Goog-Signature=d1187e087c9eb39e1d1c2261256494e0265f2efbe80319bfd39c996f2db8a379022646886c6b64f5c256a00d2b373a9364aef2661df0215d00047e296f9c68204a703ee33abdcccfb7d8e0a50583a0ad304a2227fe968caa8c7169f78d4d241aa2a8c8de4c3f9236e06d391b50d0409ffdb2315f85df0434053eab5789c5a31a25d58052fead19a7acc9c5dc2cdced86b516d1d7f1bc93c3bc0a6991c20a963a191ec7283c9722cbc3211d5d9a1bba35c464c2484db4bd2b00de4915c6a24fd7da8272e019666a0d8012269d231d7be8cb6ea994b36197e9e801ebcbb91685028caffa60a93ad6af68bc68421a5a53c044da4d5d2cf369a58703e26d1451d13d',
    'https://storage.googleapis.com/kagglesdsdata/datasets/7399389/11785112/food-101/food-101/images/spring_rolls/1080138.jpg?X-Goog-Algorithm=GOOG4-RSA-SHA256&X-Goog-Credential=databundle-worker-v2%40kaggle-161607.iam.gserviceaccount.com%2F20250607%2Fauto%2Fstorage%2Fgoog4_request&X-Goog-Date=20250607T145548Z&X-Goog-Expires=345600&X-Goog-SignedHeaders=host&X-Goog-Signature=d1187e087c9eb39e1d1c2261256494e0265f2efbe80319bfd39c996f2db8a379022646886c6b64f5c256a00d2b373a9364aef2661df0215d00047e296f9c68204a703ee33abdcccfb7d8e0a50583a0ad304a2227fe968caa8c7169f78d4d241aa2a8c8de4c3f9236e06d391b50d0409ffdb2315f85df0434053eab5789c5a31a25d58052fead19a7acc9c5dc2cdced86b516d1d7f1bc93c3bc0a6991c20a963a191ec7283c9722cbc3211d5d9a1bba35c464c2484db4bd2b00de4915c6a24fd7da8272e019666a0d8012269d231d7be8cb6ea994b36197e9e801ebcbb91685028caffa60a93ad6af68bc68421a5a53c044da4d5d2cf369a58703e26d1451d13d',
    'train'
);

INSERT INTO Food_Ingredient (FoodID, Ingredient)
VALUES ('f101_0093', N'12 rice paper wrappers');

INSERT INTO Food_Ingredient (FoodID, Ingredient)
VALUES ('f101_0093', N'100g rice vermicelli noodles (cooked and cooled)');

INSERT INTO Food_Ingredient (FoodID, Ingredient)
VALUES ('f101_0093', N'100g cooked shrimp or sliced pork (optional)');

INSERT INTO Food_Ingredient (FoodID, Ingredient)
VALUES ('f101_0093', N'1 cup shredded lettuce or cabbage');

INSERT INTO Food_Ingredient (FoodID, Ingredient)
VALUES ('f101_0093', N'1/2 cup grated carrots');

INSERT INTO Food_Ingredient (FoodID, Ingredient)
VALUES ('f101_0093', N'1/2 cup fresh herbs (mint, Thai basil, cilantro)');

INSERT INTO Food_Ingredient (FoodID, Ingredient)
VALUES ('f101_0093', N'1/2 cucumber (julienned)');

INSERT INTO Food_Ingredient (FoodID, Ingredient)
VALUES ('f101_0093', N'Peanut dipping sauce or hoisin sauce (for serving)');

INSERT INTO Food (FoodID, Title, Description, Calories, Instructions, ImageURL, SourceURL, Partition)
VALUES (
    'f101_0094',
    N'Steak',
    N'Steak is a succulent, premium cut of beef, such as ribeye or sirloin, expertly grilled or seared to a perfect medium-rare, boasting a caramelized crust and juicy, tender interior, often served with a herb-infused compound butter and sides like garlic mashed potatoes or grilled asparagus for a bold, satisfying meal.',
    401,
    N'1. Bring steaks to room temperature for about 30 minutes. Pat dry thoroughly with paper towels. 2. Season both sides generously with salt and freshly ground black pepper. 3. Heat a heavy skillet (cast iron preferred) over high heat until very hot. Add olive oil. 4. Place steaks in the skillet and sear without moving for 2–3 minutes until a golden crust forms. 5. Flip steaks. Add butter, garlic, and herbs. Baste the steak with melted butter for 1–2 minutes. 6. Continue cooking to desired doneness: 50°C (122°F) for rare, 55°C (130°F) for medium-rare, 60°C (140°F) for medium. 7. Remove steaks from pan and rest for 5–10 minutes before slicing. 8. Serve with sauce, vegetables, or mashed potatoes if desired.',
    'https://storage.googleapis.com/kagglesdsdata/datasets/7399389/11785112/food-101/food-101/images/steak/1053665.jpg?X-Goog-Algorithm=GOOG4-RSA-SHA256&X-Goog-Credential=databundle-worker-v2%40kaggle-161607.iam.gserviceaccount.com%2F20250607%2Fauto%2Fstorage%2Fgoog4_request&X-Goog-Date=20250607T145639Z&X-Goog-Expires=345600&X-Goog-SignedHeaders=host&X-Goog-Signature=7200edaa319c6af5df3e9c27765b5b4aca4b10a45339de3c6307ab2194ba730dd7fa937dcf9f3b3176b10aa5576da198ee84074c9008b9f1de7f862093e8a0f6a0e23550772c3eaa0d97f5d07faf53ec529563b27406440590d4e58adbd1633614472db155a5f548cbc950dd632c3e69fee4d23e7d0e79d0f270ac1465a705b32dbf5dc937b3c02f13b4851e94b3633879aa23032b388cff06fc8c3f7ef29464ef7720e1c2e3a06031df2f7565ca3744ca84023be40eab7c0dbe3b9ba65bf19232d46e403fc336267404da6379ea8326e5fa573534feb13dcc48474ae8aa219e9d713a9f0c152ed326146369520b5d26d3355a2b88002ff9e1289e1e3be37cbe',
    'https://storage.googleapis.com/kagglesdsdata/datasets/7399389/11785112/food-101/food-101/images/steak/1053665.jpg?X-Goog-Algorithm=GOOG4-RSA-SHA256&X-Goog-Credential=databundle-worker-v2%40kaggle-161607.iam.gserviceaccount.com%2F20250607%2Fauto%2Fstorage%2Fgoog4_request&X-Goog-Date=20250607T145639Z&X-Goog-Expires=345600&X-Goog-SignedHeaders=host&X-Goog-Signature=7200edaa319c6af5df3e9c27765b5b4aca4b10a45339de3c6307ab2194ba730dd7fa937dcf9f3b3176b10aa5576da198ee84074c9008b9f1de7f862093e8a0f6a0e23550772c3eaa0d97f5d07faf53ec529563b27406440590d4e58adbd1633614472db155a5f548cbc950dd632c3e69fee4d23e7d0e79d0f270ac1465a705b32dbf5dc937b3c02f13b4851e94b3633879aa23032b388cff06fc8c3f7ef29464ef7720e1c2e3a06031df2f7565ca3744ca84023be40eab7c0dbe3b9ba65bf19232d46e403fc336267404da6379ea8326e5fa573534feb13dcc48474ae8aa219e9d713a9f0c152ed326146369520b5d26d3355a2b88002ff9e1289e1e3be37cbe',
    'train'
);

INSERT INTO Food_Ingredient (FoodID, Ingredient)
VALUES ('f101_0094', N'2 beef steaks (ribeye, sirloin, or filet mignon, 2.5–3 cm thick)');

INSERT INTO Food_Ingredient (FoodID, Ingredient)
VALUES ('f101_0094', N'1 tbsp olive oil');

INSERT INTO Food_Ingredient (FoodID, Ingredient)
VALUES ('f101_0094', N'Salt to taste');

INSERT INTO Food_Ingredient (FoodID, Ingredient)
VALUES ('f101_0094', N'Black pepper to taste');

INSERT INTO Food_Ingredient (FoodID, Ingredient)
VALUES ('f101_0094', N'2 tbsp unsalted butter');

INSERT INTO Food_Ingredient (FoodID, Ingredient)
VALUES ('f101_0094', N'2 cloves garlic (smashed)');

INSERT INTO Food_Ingredient (FoodID, Ingredient)
VALUES ('f101_0094', N'1–2 sprigs fresh rosemary or thyme (optional)');

INSERT INTO Food (FoodID, Title, Description, Calories, Instructions, ImageURL, SourceURL, Partition)
VALUES (
    'f101_0095',
    N'Strawberry Shortcake',
    N'Strawberry Shortcake is a delightful summer dessert featuring flaky, buttery shortcake biscuits layered with juicy, fresh strawberries and clouds of sweetened whipped cream, offering a perfect balance of tender, crumbly texture and vibrant, fruity sweetness for a refreshing, indulgent treat.',
    391,
    N'1. Preheat oven to 220°C (425°F). 2. In a bowl, mix flour, granulated sugar, baking powder, and salt. 3. Cut in cold butter until mixture resembles coarse crumbs. 4. Add milk and vanilla; stir until just combined. Do not overmix. 5. Drop spoonfuls of dough onto a baking sheet or shape into rounds. Bake for 12–15 minutes or until golden. 6. Meanwhile, mix sliced strawberries with 2 tbsp sugar and let macerate for 15–20 minutes. 7. In a cold bowl, whip cream with powdered sugar and vanilla until soft peaks form. 8. To serve, split shortcakes in half. Layer with whipped cream and strawberries. Top with more cream and berries if desired.',
    'https://storage.googleapis.com/kagglesdsdata/datasets/7399389/11785112/food-101/food-101/images/strawberry_shortcake/1030449.jpg?X-Goog-Algorithm=GOOG4-RSA-SHA256&X-Goog-Credential=databundle-worker-v2%40kaggle-161607.iam.gserviceaccount.com%2F20250607%2Fauto%2Fstorage%2Fgoog4_request&X-Goog-Date=20250607T145753Z&X-Goog-Expires=345600&X-Goog-SignedHeaders=host&X-Goog-Signature=275e1afa3ac528c48dc13ad713cdd47f24287fe8ce4f9d37baa59ce936b16bbc7d125de67c1ce960aa29b84c89752a4ef33a152313e93cb06e40837af65d77bd89851b5d8d7ef832233e53dbc77d9f4c7016c23245711e31b928b8abbe76d5988e394c51da95f7b2ae0f0ff07a097bf451517d570a6bb825afb0a83ff95c2947ef9ee05f8193d8ba895aab7c9c943cdc57b480cb652c8ee00c80c1f412f0ce0f4a201469918c3ba77dcb21bb76c8521718a7d4851407db243120f1f64af0fe56ff8b80efa7a24ceebc98eca4025101faafcab6cea081f6cf555c224e6d7cc56c877e1d02c7efc507a46da41b3a0a9666eddeccc29dcff3a70e2ba5d9d7540e52',
    'https://storage.googleapis.com/kagglesdsdata/datasets/7399389/11785112/food-101/food-101/images/strawberry_shortcake/1030449.jpg?X-Goog-Algorithm=GOOG4-RSA-SHA256&X-Goog-Credential=databundle-worker-v2%40kaggle-161607.iam.gserviceaccount.com%2F20250607%2Fauto%2Fstorage%2Fgoog4_request&X-Goog-Date=20250607T145753Z&X-Goog-Expires=345600&X-Goog-SignedHeaders=host&X-Goog-Signature=275e1afa3ac528c48dc13ad713cdd47f24287fe8ce4f9d37baa59ce936b16bbc7d125de67c1ce960aa29b84c89752a4ef33a152313e93cb06e40837af65d77bd89851b5d8d7ef832233e53dbc77d9f4c7016c23245711e31b928b8abbe76d5988e394c51da95f7b2ae0f0ff07a097bf451517d570a6bb825afb0a83ff95c2947ef9ee05f8193d8ba895aab7c9c943cdc57b480cb652c8ee00c80c1f412f0ce0f4a201469918c3ba77dcb21bb76c8521718a7d4851407db243120f1f64af0fe56ff8b80efa7a24ceebc98eca4025101faafcab6cea081f6cf555c224e6d7cc56c877e1d02c7efc507a46da41b3a0a9666eddeccc29dcff3a70e2ba5d9d7540e52',
    'train'
);

INSERT INTO Food_Ingredient (FoodID, Ingredient)
VALUES ('f101_0095', N'2 cups all-purpose flour');

INSERT INTO Food_Ingredient (FoodID, Ingredient)
VALUES ('f101_0095', N'1/4 cup granulated sugar');

INSERT INTO Food_Ingredient (FoodID, Ingredient)
VALUES ('f101_0095', N'1 tbsp baking powder');

INSERT INTO Food_Ingredient (FoodID, Ingredient)
VALUES ('f101_0095', N'1/2 tsp salt');

INSERT INTO Food_Ingredient (FoodID, Ingredient)
VALUES ('f101_0095', N'1/2 cup unsalted butter (cold, cubed)');

INSERT INTO Food_Ingredient (FoodID, Ingredient)
VALUES ('f101_0095', N'2/3 cup whole milk');

INSERT INTO Food_Ingredient (FoodID, Ingredient)
VALUES ('f101_0095', N'1 tsp vanilla extract');

INSERT INTO Food_Ingredient (FoodID, Ingredient)
VALUES ('f101_0095', N'2 cups fresh strawberries (hulled and sliced)');

INSERT INTO Food_Ingredient (FoodID, Ingredient)
VALUES ('f101_0095', N'2 tbsp sugar (for strawberries)');

INSERT INTO Food_Ingredient (FoodID, Ingredient)
VALUES ('f101_0095', N'1 cup heavy whipping cream');

INSERT INTO Food_Ingredient (FoodID, Ingredient)
VALUES ('f101_0095', N'2 tbsp powdered sugar (for whipped cream)');

INSERT INTO Food_Ingredient (FoodID, Ingredient)
VALUES ('f101_0095', N'1/2 tsp vanilla extract (for whipped cream)');

INSERT INTO Food (FoodID, Title, Description, Calories, Instructions, ImageURL, SourceURL, Partition)
VALUES (
    'f101_0096',
    N'Sushi',
    N'Sushi is an exquisite Japanese delicacy featuring bite-sized portions of vinegared rice delicately shaped and paired with fresh, silky slices of raw or seared fish, vibrant vegetables, or creamy avocado, often wrapped in crisp seaweed or garnished with a touch of wasabi and soy sauce, offering a harmonious balance of umami, subtle sweetness, and refreshing textures in every meticulously crafted piece.',
    251,
    N'1. Rinse sushi rice under cold water until water runs clear. Cook with measured water, then let steam for 10 minutes. 2. In a saucepan, gently heat vinegar, sugar, and salt until dissolved. Pour over cooked rice and fold to mix. Let cool to room temperature. 3. Place a sheet of nori, shiny side down, on a bamboo mat. Spread a thin, even layer of sushi rice on the nori, leaving 2 cm uncovered at the top edge. 4. Arrange desired fillings horizontally about 3 cm from the bottom edge. 5. Lift the edge of the mat and roll tightly away from you, pressing gently to shape the roll. 6. Seal the edge with a little water. Slice roll into 6–8 pieces with a sharp wet knife. 7. Serve with soy sauce, wasabi, and pickled ginger.',
    'https://storage.googleapis.com/kagglesdsdata/datasets/7399389/11785112/food-101/food-101/images/sushi/1005352.jpg?X-Goog-Algorithm=GOOG4-RSA-SHA256&X-Goog-Credential=databundle-worker-v2%40kaggle-161607.iam.gserviceaccount.com%2F20250607%2Fauto%2Fstorage%2Fgoog4_request&X-Goog-Date=20250607T145827Z&X-Goog-Expires=345600&X-Goog-SignedHeaders=host&X-Goog-Signature=c064d6c55fc2b2fa6c2544399978875ce5da54cc6f0d7c37b2cc5a2c01f3898c95c3e60d30d1fe642f14428b60fb355e9437109787bfa4adbe8d8683cf5caa29c86e705b8c3351791ef9c88c3e58369b644dd0206bfb64eb2d89dc28c53e8a515d184b494e0c00951ac50f5174ae5c296740871d5c0fa06c28e8d1e44dec56cbe84ad338e1010c43223518ca582feb5d3f348207b3699e98699eae3f6066b5128f527cf8f71c50957655a378c3033035acf607ecc9b596d10482406a46b94e87d65923f74e7a79be336d8f9dd98cd7498300206ddc10fb02ec5e76cec017bb80497a88ca169a0219e50e3a1bef6756c5dcf417ae47461b672d6d782297b38508',
    'https://storage.googleapis.com/kagglesdsdata/datasets/7399389/11785112/food-101/food-101/images/sushi/1005352.jpg?X-Goog-Algorithm=GOOG4-RSA-SHA256&X-Goog-Credential=databundle-worker-v2%40kaggle-161607.iam.gserviceaccount.com%2F20250607%2Fauto%2Fstorage%2Fgoog4_request&X-Goog-Date=20250607T145827Z&X-Goog-Expires=345600&X-Goog-SignedHeaders=host&X-Goog-Signature=c064d6c55fc2b2fa6c2544399978875ce5da54cc6f0d7c37b2cc5a2c01f3898c95c3e60d30d1fe642f14428b60fb355e9437109787bfa4adbe8d8683cf5caa29c86e705b8c3351791ef9c88c3e58369b644dd0206bfb64eb2d89dc28c53e8a515d184b494e0c00951ac50f5174ae5c296740871d5c0fa06c28e8d1e44dec56cbe84ad338e1010c43223518ca582feb5d3f348207b3699e98699eae3f6066b5128f527cf8f71c50957655a378c3033035acf607ecc9b596d10482406a46b94e87d65923f74e7a79be336d8f9dd98cd7498300206ddc10fb02ec5e76cec017bb80497a88ca169a0219e50e3a1bef6756c5dcf417ae47461b672d6d782297b38508',
    'test'
);

INSERT INTO Food_Ingredient (FoodID, Ingredient)
VALUES ('f101_0096', N'2 cups sushi rice');

INSERT INTO Food_Ingredient (FoodID, Ingredient)
VALUES ('f101_0096', N'2 1/2 cups water');

INSERT INTO Food_Ingredient (FoodID, Ingredient)
VALUES ('f101_0096', N'1/3 cup rice vinegar');

INSERT INTO Food_Ingredient (FoodID, Ingredient)
VALUES ('f101_0096', N'2 tbsp sugar');

INSERT INTO Food_Ingredient (FoodID, Ingredient)
VALUES ('f101_0096', N'1 tsp salt');

INSERT INTO Food_Ingredient (FoodID, Ingredient)
VALUES ('f101_0096', N'4 sheets nori (rong biển khô)');

INSERT INTO Food_Ingredient (FoodID, Ingredient)
VALUES ('f101_0096', N'Fillings: sliced raw fish (e.g., tuna, salmon), cucumber, avocado, cooked shrimp, or imitation crab');

INSERT INTO Food_Ingredient (FoodID, Ingredient)
VALUES ('f101_0096', N'Wasabi, pickled ginger, and soy sauce (for serving)');

INSERT INTO Food (FoodID, Title, Description, Calories, Instructions, ImageURL, SourceURL, Partition)
VALUES (
    'f101_0097',
    N'Tacos',
    N'Tacos are a vibrant Mexican street food staple, featuring warm, soft corn or flour tortillas folded around a savory filling of seasoned grilled meats, such as juicy carne asada or spicy al pastor, topped with crisp onions, fresh cilantro, and a squeeze of zesty lime, delivering a bold, tangy burst of flavors with a perfect balance of tender, crunchy, and spicy textures in every bite.',
    271,
    N'1. Heat oil in a skillet over medium heat. Add meat, breaking it apart with a spatula. 2. Add chili powder, cumin, paprika, garlic powder, salt, and pepper. Cook until meat is fully browned and seasoned. 3. Warm tortillas in a dry skillet or microwave until pliable. 4. Assemble tacos: fill each tortilla with cooked meat, lettuce, tomatoes, cheese, onion, and optional toppings. 5. Garnish with cilantro and a squeeze of lime. Serve with sour cream or salsa on the side.',
    'https://storage.googleapis.com/kagglesdsdata/datasets/7399389/11785112/food-101/food-101/images/tacos/1026681.jpg?X-Goog-Algorithm=GOOG4-RSA-SHA256&X-Goog-Credential=databundle-worker-v2%40kaggle-161607.iam.gserviceaccount.com%2F20250607%2Fauto%2Fstorage%2Fgoog4_request&X-Goog-Date=20250607T145927Z&X-Goog-Expires=345600&X-Goog-SignedHeaders=host&X-Goog-Signature=b2d31f2900c14c29c6617de4b9c1bf94cd2f89b662d156cce8e1ac16eeb6077b21905e2f397c3957467001d57c0fa430a8e097742c94337da21fdfb5000844c37c19228f8329c572f62d4e399fda5ce5c23412a1886b0c6503fbe621c3f0ad41b4bf5b473e521aa39332cde01d308ccdcfe45d1de59343998da37a2d918aaf01dc3cfeac770fc12e7871eb45212d100e09a6fbf5b6a164f041e097d5707503dd5572b33e64901ff09eb0a3e42dc144379988def5e3ae70a878c2fa935358b36da78f533385dd9b167582213a31c0de3e1878d0489c7365657d0ce7a63bddf08906ac40df4d149522b4573a6c913df3e1e14da9d475b5c9280279d7634157aed0',
    'https://storage.googleapis.com/kagglesdsdata/datasets/7399389/11785112/food-101/food-101/images/tacos/1026681.jpg?X-Goog-Algorithm=GOOG4-RSA-SHA256&X-Goog-Credential=databundle-worker-v2%40kaggle-161607.iam.gserviceaccount.com%2F20250607%2Fauto%2Fstorage%2Fgoog4_request&X-Goog-Date=20250607T145927Z&X-Goog-Expires=345600&X-Goog-SignedHeaders=host&X-Goog-Signature=b2d31f2900c14c29c6617de4b9c1bf94cd2f89b662d156cce8e1ac16eeb6077b21905e2f397c3957467001d57c0fa430a8e097742c94337da21fdfb5000844c37c19228f8329c572f62d4e399fda5ce5c23412a1886b0c6503fbe621c3f0ad41b4bf5b473e521aa39332cde01d308ccdcfe45d1de59343998da37a2d918aaf01dc3cfeac770fc12e7871eb45212d100e09a6fbf5b6a164f041e097d5707503dd5572b33e64901ff09eb0a3e42dc144379988def5e3ae70a878c2fa935358b36da78f533385dd9b167582213a31c0de3e1878d0489c7365657d0ce7a63bddf08906ac40df4d149522b4573a6c913df3e1e14da9d475b5c9280279d7634157aed0',
    'train'
);

INSERT INTO Food_Ingredient (FoodID, Ingredient)
VALUES ('f101_0097', N'8 small corn or flour tortillas');

INSERT INTO Food_Ingredient (FoodID, Ingredient)
VALUES ('f101_0097', N'300g ground beef, chicken, or shredded pork');

INSERT INTO Food_Ingredient (FoodID, Ingredient)
VALUES ('f101_0097', N'1 tbsp vegetable oil');

INSERT INTO Food_Ingredient (FoodID, Ingredient)
VALUES ('f101_0097', N'1 tsp chili powder');

INSERT INTO Food_Ingredient (FoodID, Ingredient)
VALUES ('f101_0097', N'1/2 tsp cumin');

INSERT INTO Food_Ingredient (FoodID, Ingredient)
VALUES ('f101_0097', N'1/2 tsp paprika');

INSERT INTO Food_Ingredient (FoodID, Ingredient)
VALUES ('f101_0097', N'1/2 tsp garlic powder');

INSERT INTO Food_Ingredient (FoodID, Ingredient)
VALUES ('f101_0097', N'Salt and pepper to taste');

INSERT INTO Food_Ingredient (FoodID, Ingredient)
VALUES ('f101_0097', N'1/2 cup chopped onion (optional)');

INSERT INTO Food_Ingredient (FoodID, Ingredient)
VALUES ('f101_0097', N'1/2 cup chopped tomatoes');

INSERT INTO Food_Ingredient (FoodID, Ingredient)
VALUES ('f101_0097', N'1 cup shredded lettuce or cabbage');

INSERT INTO Food_Ingredient (FoodID, Ingredient)
VALUES ('f101_0097', N'1/2 cup shredded cheese (cheddar, queso fresco, or your choice)');

INSERT INTO Food_Ingredient (FoodID, Ingredient)
VALUES ('f101_0097', N'1/2 avocado or guacamole (optional)');

INSERT INTO Food_Ingredient (FoodID, Ingredient)
VALUES ('f101_0097', N'Sour cream or salsa (for serving)');

INSERT INTO Food_Ingredient (FoodID, Ingredient)
VALUES ('f101_0097', N'Fresh cilantro and lime wedges (for garnish)');

INSERT INTO Food (FoodID, Title, Description, Calories, Instructions, ImageURL, SourceURL, Partition)
VALUES (
    'f101_0098',
    N'Takoyaki',
    N'Takoyaki is a beloved Japanese street food, featuring golden, crispy balls of savory batter filled with tender chunks of octopus, green onions, and pickled ginger, cooked to a fluffy center and drizzled with tangy takoyaki sauce and creamy mayonnaise, then sprinkled with bonito flakes that dance in the heat, offering a delightful contrast of crunchy exterior, soft interior, and umami-packed flavors in every bite.',
    241,
    N'1. In a bowl, whisk flour, eggs, dashi stock, soy sauce, salt, and baking powder until smooth. 2. Preheat and grease a takoyaki pan with oil over medium heat. 3. Pour batter into the holes, filling slightly over the top. 4. Add a piece of octopus to each hole, followed by green onions, tenkasu, and pickled ginger. 5. As the edges cook, use skewers or chopsticks to turn the balls 90 degrees to form a round shape. Continue turning until golden brown and evenly cooked (about 5–7 minutes). 6. Transfer to a plate and top with takoyaki sauce, mayonnaise, aonori, and bonito flakes. 7. Serve hot and enjoy!',
    'https://storage.googleapis.com/kagglesdsdata/datasets/7399389/11785112/food-101/food-101/images/takoyaki/1010258.jpg?X-Goog-Algorithm=GOOG4-RSA-SHA256&X-Goog-Credential=databundle-worker-v2%40kaggle-161607.iam.gserviceaccount.com%2F20250607%2Fauto%2Fstorage%2Fgoog4_request&X-Goog-Date=20250607T150010Z&X-Goog-Expires=345600&X-Goog-SignedHeaders=host&X-Goog-Signature=d6f6cd7bcda6fc6cec45963a7be125dd127ea96a3b00a06917cf348a14e8a53df97f7e3e9607f62fcd7641faad7fcb19cd04b11426aeb82db51b887e08d63b37833855f61c0d786a5195634fc7990239c40a382c354cc02b8d8308eeadec4b677c1ff2c61c16321d92cff7b60157a5d358bb37ee9946a38d780f308a505383b8cd4d15ef18407bdadf183125771f0add5f02886ed9abd795008255224ce11caf33c1611ebfd64c98465ff46a8a3889ad997af023cdf15dff72365e8a3793fbbe6fd64f21dd830fa4a8d6941475f23ffaead09f6542cfc0ac90b9e76f1e5b10b572324f725eb42dee79eec613d6be712d254107fe95626b18029d6f6eecfff818',
    'https://storage.googleapis.com/kagglesdsdata/datasets/7399389/11785112/food-101/food-101/images/takoyaki/1010258.jpg?X-Goog-Algorithm=GOOG4-RSA-SHA256&X-Goog-Credential=databundle-worker-v2%40kaggle-161607.iam.gserviceaccount.com%2F20250607%2Fauto%2Fstorage%2Fgoog4_request&X-Goog-Date=20250607T150010Z&X-Goog-Expires=345600&X-Goog-SignedHeaders=host&X-Goog-Signature=d6f6cd7bcda6fc6cec45963a7be125dd127ea96a3b00a06917cf348a14e8a53df97f7e3e9607f62fcd7641faad7fcb19cd04b11426aeb82db51b887e08d63b37833855f61c0d786a5195634fc7990239c40a382c354cc02b8d8308eeadec4b677c1ff2c61c16321d92cff7b60157a5d358bb37ee9946a38d780f308a505383b8cd4d15ef18407bdadf183125771f0add5f02886ed9abd795008255224ce11caf33c1611ebfd64c98465ff46a8a3889ad997af023cdf15dff72365e8a3793fbbe6fd64f21dd830fa4a8d6941475f23ffaead09f6542cfc0ac90b9e76f1e5b10b572324f725eb42dee79eec613d6be712d254107fe95626b18029d6f6eecfff818',
    'train'
);

INSERT INTO Food_Ingredient (FoodID, Ingredient)
VALUES ('f101_0098', N'1 cup all-purpose flour');

INSERT INTO Food_Ingredient (FoodID, Ingredient)
VALUES ('f101_0098', N'2 large eggs');

INSERT INTO Food_Ingredient (FoodID, Ingredient)
VALUES ('f101_0098', N'2 cups dashi stock (or water with dashi powder)');

INSERT INTO Food_Ingredient (FoodID, Ingredient)
VALUES ('f101_0098', N'1/2 tsp soy sauce');

INSERT INTO Food_Ingredient (FoodID, Ingredient)
VALUES ('f101_0098', N'1/4 tsp salt');

INSERT INTO Food_Ingredient (FoodID, Ingredient)
VALUES ('f101_0098', N'1/2 tsp baking powder');

INSERT INTO Food_Ingredient (FoodID, Ingredient)
VALUES ('f101_0098', N'100g cooked octopus (cut into small cubes)');

INSERT INTO Food_Ingredient (FoodID, Ingredient)
VALUES ('f101_0098', N'1/4 cup chopped green onions');

INSERT INTO Food_Ingredient (FoodID, Ingredient)
VALUES ('f101_0098', N'1/4 cup tenkasu (crispy tempura bits, optional)');

INSERT INTO Food_Ingredient (FoodID, Ingredient)
VALUES ('f101_0098', N'1/4 cup pickled ginger (beni shoga, optional)');

INSERT INTO Food_Ingredient (FoodID, Ingredient)
VALUES ('f101_0098', N'Oil (for greasing takoyaki pan)');

INSERT INTO Food_Ingredient (FoodID, Ingredient)
VALUES ('f101_0098', N'Takoyaki sauce (or okonomiyaki sauce)');

INSERT INTO Food_Ingredient (FoodID, Ingredient)
VALUES ('f101_0098', N'Japanese mayonnaise');

INSERT INTO Food_Ingredient (FoodID, Ingredient)
VALUES ('f101_0098', N'Aonori (seaweed flakes)');

INSERT INTO Food_Ingredient (FoodID, Ingredient)
VALUES ('f101_0098', N'Katsuobushi (bonito flakes)');

INSERT INTO Food (FoodID, Title, Description, Calories, Instructions, ImageURL, SourceURL, Partition)
VALUES (
    'f101_0099',
    N'Tiramisu',
    N'Tiramisu is an elegant Italian dessert featuring layers of delicate, coffee-soaked ladyfinger biscuits nestled between rich, velvety mascarpone cream, lightly sweetened and dusted with a generous layer of cocoa powder, offering a harmonious blend of bold espresso bitterness, creamy decadence, and a hint of sweetness for a sophisticated, indulgent treat.',
    517,
    N'1. In a heatproof bowl, whisk egg yolks and sugar. Place over a double boiler with simmering water and cook, stirring constantly, until thickened and pale (about 5–7 minutes). Let cool slightly. 2. Whisk softened mascarpone into the cooled yolk mixture until smooth. 3. In a separate bowl, whip heavy cream to stiff peaks. Gently fold into the mascarpone mixture to create a creamy custard. 4. In a shallow dish, combine cooled coffee and coffee liqueur (if using). Briefly dip each ladyfinger into the coffee mixture and arrange in a single layer in a 9x13-inch dish. 5. Spread half the mascarpone custard over the ladyfingers. Add another layer of dipped ladyfingers, then top with the remaining custard, smoothing the surface. 6. Cover and refrigerate for at least 4 hours, or overnight for best results. 7. Before serving, dust with cocoa powder and sprinkle with chocolate shavings (if using). 8. Serve chilled and enjoy!',
    'https://storage.googleapis.com/kagglesdsdata/datasets/7399389/11785112/food-101/food-101/images/tiramisu/1059966.jpg?X-Goog-Algorithm=GOOG4-RSA-SHA256&X-Goog-Credential=databundle-worker-v2%40kaggle-161607.iam.gserviceaccount.com%2F20250607%2Fauto%2Fstorage%2Fgoog4_request&X-Goog-Date=20250607T150037Z&X-Goog-Expires=345600&X-Goog-SignedHeaders=host&X-Goog-Signature=5e0e8353a7e2d0bb304670e080dd87b2634de0affa9c1fbd3468a39b9aa2ce1d3879d27773a1097a9e2d5201e0e70cd2660645a5159ff871aca79004394aa79b8d17827a29b55dece0600eb47b6defa9dd2ac90b96d7e697addbb82e238d04195088cde4cccb933bb486c425c2d76a3760012231d0df2b596a04be363cd9b3ff4ea82d4781d7a1458ccd3153d253427d6aa9fb66f4c7d752407275a113397c48fbdba20b2a2aa4e4cc4702e23e18e264dd612b744829d5b26c588c0eb533dead2131b193cd46016ba739bd3ce14536b6ec83f387426dc916f9988b2b6a7fb881c087ab801813c0cb13f532f6254dda5c5bfc78e5adc3f6574780aef79540dc56',
    'https://storage.googleapis.com/kagglesdsdata/datasets/7399389/11785112/food-101/food-101/images/tiramisu/1059966.jpg?X-Goog-Algorithm=GOOG4-RSA-SHA256&X-Goog-Credential=databundle-worker-v2%40kaggle-161607.iam.gserviceaccount.com%2F20250607%2Fauto%2Fstorage%2Fgoog4_request&X-Goog-Date=20250607T150037Z&X-Goog-Expires=345600&X-Goog-SignedHeaders=host&X-Goog-Signature=5e0e8353a7e2d0bb304670e080dd87b2634de0affa9c1fbd3468a39b9aa2ce1d3879d27773a1097a9e2d5201e0e70cd2660645a5159ff871aca79004394aa79b8d17827a29b55dece0600eb47b6defa9dd2ac90b96d7e697addbb82e238d04195088cde4cccb933bb486c425c2d76a3760012231d0df2b596a04be363cd9b3ff4ea82d4781d7a1458ccd3153d253427d6aa9fb66f4c7d752407275a113397c48fbdba20b2a2aa4e4cc4702e23e18e264dd612b744829d5b26c588c0eb533dead2131b193cd46016ba739bd3ce14536b6ec83f387426dc916f9988b2b6a7fb881c087ab801813c0cb13f532f6254dda5c5bfc78e5adc3f6574780aef79540dc56',
    'train'
);

INSERT INTO Food_Ingredient (FoodID, Ingredient)
VALUES ('f101_0099', N'6 large egg yolks');

INSERT INTO Food_Ingredient (FoodID, Ingredient)
VALUES ('f101_0099', N'3/4 cup granulated sugar');

INSERT INTO Food_Ingredient (FoodID, Ingredient)
VALUES ('f101_0099', N'1 cup mascarpone cheese, softened');

INSERT INTO Food_Ingredient (FoodID, Ingredient)
VALUES ('f101_0099', N'1 1/2 cups heavy cream');

INSERT INTO Food_Ingredient (FoodID, Ingredient)
VALUES ('f101_0099', N'2 cups strong brewed coffee, cooled');

INSERT INTO Food_Ingredient (FoodID, Ingredient)
VALUES ('f101_0099', N'1/2 cup coffee liqueur (optional, e.g., Kahlúa)');

INSERT INTO Food_Ingredient (FoodID, Ingredient)
VALUES ('f101_0099', N'40–50 ladyfinger biscuits (savoiardi)');

INSERT INTO Food_Ingredient (FoodID, Ingredient)
VALUES ('f101_0099', N'1/4 cup unsweetened cocoa powder');

INSERT INTO Food_Ingredient (FoodID, Ingredient)
VALUES ('f101_0099', N'Dark chocolate shavings (optional)');

INSERT INTO Food (FoodID, Title, Description, Calories, Instructions, ImageURL, SourceURL, Partition)
VALUES (
    'f101_0100',
    N'Tuna Tartare',
    N'Tuna Tartare is a refined seafood delicacy showcasing finely diced, sushi-grade tuna, lightly tossed with a vibrant blend of soy sauce, sesame oil, and fresh herbs, often accented with creamy avocado and a hint of citrus zest, served chilled with crisp wonton chips or cucumber slices, offering a refreshing, silky texture and a burst of umami and subtle tanginess in every elegant bite.',
    211,
    N'1. In a bowl, combine soy sauce, sesame oil, rice vinegar, grated ginger, and sriracha (if using). Whisk until well mixed. 2. Add diced tuna, green onions, avocado, sesame seeds, and cilantro (if using) to the bowl. Gently toss to coat evenly with the dressing. 3. Cover and refrigerate for 10–15 minutes to let the flavors meld. 4. Arrange cucumber slices on a serving plate or in small bowls. 5. Spoon the tuna tartare mixture over the cucumber slices or serve in small mounds. 6. Garnish with additional sesame seeds, cilantro, or a squeeze of lime juice. 7. Serve immediately with crispy wonton chips or crackers on the side. 8. Enjoy fresh!',
    'https://storage.googleapis.com/kagglesdsdata/datasets/7399389/11785112/food-101/food-101/images/tuna_tartare/1118964.jpg?X-Goog-Algorithm=GOOG4-RSA-SHA256&X-Goog-Credential=databundle-worker-v2%40kaggle-161607.iam.gserviceaccount.com%2F20250607%2Fauto%2Fstorage%2Fgoog4_request&X-Goog-Date=20250607T150111Z&X-Goog-Expires=345600&X-Goog-SignedHeaders=host&X-Goog-Signature=4ee57f0386071826776ebb9ed148e072396afa2befadebc432e67e38a566d8a24efc28a20cdf6d7dfd713517ef6c2ed067e9daa3720cf26d19c0b4a2eca2d5d4039d89abacdf15b97476884f45078f7b607e7ab273182e77f758c6fee5920672d39002295e4eab4e45dcff4b98ccf31c09ccbba3748789f690bb1a22ddc8d12f368b2975415dfb0a57c23b1c03ea0b9157f69a2160292ba2141d8d6b08ee001115767586b06fd5e543e85c9979bd20245696ed906059ea69ff11b2b750b173f9079daf6926d4baa430e637298069175db388dacd9de3ec6aafada91b4f84e78f76aa44bddb448e71a761d98b129226fd851bc7796cff5c73acb159595fdbe6e7',
    'https://storage.googleapis.com/kagglesdsdata/datasets/7399389/11785112/food-101/food-101/images/tuna_tartare/1118964.jpg?X-Goog-Algorithm=GOOG4-RSA-SHA256&X-Goog-Credential=databundle-worker-v2%40kaggle-161607.iam.gserviceaccount.com%2F20250607%2Fauto%2Fstorage%2Fgoog4_request&X-Goog-Date=20250607T150111Z&X-Goog-Expires=345600&X-Goog-SignedHeaders=host&X-Goog-Signature=4ee57f0386071826776ebb9ed148e072396afa2befadebc432e67e38a566d8a24efc28a20cdf6d7dfd713517ef6c2ed067e9daa3720cf26d19c0b4a2eca2d5d4039d89abacdf15b97476884f45078f7b607e7ab273182e77f758c6fee5920672d39002295e4eab4e45dcff4b98ccf31c09ccbba3748789f690bb1a22ddc8d12f368b2975415dfb0a57c23b1c03ea0b9157f69a2160292ba2141d8d6b08ee001115767586b06fd5e543e85c9979bd20245696ed906059ea69ff11b2b750b173f9079daf6926d4baa430e637298069175db388dacd9de3ec6aafada91b4f84e78f76aa44bddb448e71a761d98b129226fd851bc7796cff5c73acb159595fdbe6e7',
    'train'
);

INSERT INTO Food_Ingredient (FoodID, Ingredient)
VALUES ('f101_0100', N'200g sushi-grade tuna, finely diced');

INSERT INTO Food_Ingredient (FoodID, Ingredient)
VALUES ('f101_0100', N'1 tbsp soy sauce');

INSERT INTO Food_Ingredient (FoodID, Ingredient)
VALUES ('f101_0100', N'1 tsp sesame oil');

INSERT INTO Food_Ingredient (FoodID, Ingredient)
VALUES ('f101_0100', N'1 tsp rice vinegar');

INSERT INTO Food_Ingredient (FoodID, Ingredient)
VALUES ('f101_0100', N'1/2 tsp grated fresh ginger');

INSERT INTO Food_Ingredient (FoodID, Ingredient)
VALUES ('f101_0100', N'1 tbsp finely chopped green onions');

INSERT INTO Food_Ingredient (FoodID, Ingredient)
VALUES ('f101_0100', N'1/2 avocado, finely diced');

INSERT INTO Food_Ingredient (FoodID, Ingredient)
VALUES ('f101_0100', N'1 tsp toasted sesame seeds');

INSERT INTO Food_Ingredient (FoodID, Ingredient)
VALUES ('f101_0100', N'1/4 tsp sriracha (optional, for heat)');

INSERT INTO Food_Ingredient (FoodID, Ingredient)
VALUES ('f101_0100', N'1 tbsp chopped fresh cilantro (optional)');

INSERT INTO Food_Ingredient (FoodID, Ingredient)
VALUES ('f101_0100', N'1 small cucumber, thinly sliced (for serving)');

INSERT INTO Food_Ingredient (FoodID, Ingredient)
VALUES ('f101_0100', N'Crispy wonton chips or crackers (for serving)');

INSERT INTO Food_Ingredient (FoodID, Ingredient)
VALUES ('f101_0100', N'Lime wedges (for garnish)');

INSERT INTO Food (FoodID, Title, Description, Calories, Instructions, ImageURL, SourceURL, Partition)
VALUES (
    'f101_0101',
    N'Waffles',
    N'Waffles are a beloved breakfast classic, featuring golden, crispy grids of fluffy batter with a tender, airy interior, perfectly caramelized and served warm with a drizzle of sweet maple syrup, a dollop of whipped cream, or vibrant fresh berries, offering a delightful balance of crunchy edges and soft, buttery richness for a comforting, indulgent treat.',
    321,
    N'1. In a large bowl, whisk together flour, sugar, baking powder, and salt. 2. In another bowl, beat eggs, then add milk, melted butter, and vanilla extract. Whisk until combined. 3. Pour the wet ingredients into the dry ingredients and stir gently until just combined (batter may be slightly lumpy). 4. Preheat a waffle iron according to manufacturer’s instructions and lightly grease with cooking spray or melted butter. 5. Pour an appropriate amount of batter into the waffle iron (depending on its size) and close the lid. 6. Cook until golden brown and crisp, about 3–5 minutes, or per waffle iron instructions. 7. Remove waffles and serve immediately with maple syrup, fresh berries, whipped cream, or a dusting of powdered sugar, as desired. 8. Enjoy warm!',
    'https://storage.googleapis.com/kagglesdsdata/datasets/7399389/11785112/food-101/food-101/images/waffles/1028113.jpg?X-Goog-Algorithm=GOOG4-RSA-SHA256&X-Goog-Credential=databundle-worker-v2%40kaggle-161607.iam.gserviceaccount.com%2F20250607%2Fauto%2Fstorage%2Fgoog4_request&X-Goog-Date=20250607T150224Z&X-Goog-Expires=345600&X-Goog-SignedHeaders=host&X-Goog-Signature=6b818ddd65ee6829a369053ffea59920d33595d1360f2ad7b169dcd4af01d6e9a64a1f20739ac58331dac019706da1b5a2a87dd75bb669ea03543fd01798d28a91c42643450b380ba2c043e89cf09986ae82db014e9455360ef90b953194a81e207904190f998ef38ca408221db43d85b4b8d2f3927839bc28686cf7c8ff924df084d89ba426979551c8212a1551052902552085796dfd40a3f2e50f052b73e6d2bc2f2424148dcff36d7ddebb0b5ca0383181fa56c45dad8a0573a9d2f4be0a4db4939ecad5a152f5581eeb585d984d283e1cb3fb718a635e9d5fb4dff17ff71b5d3a7186aa4d23fb2e966de617dd8f8eb62de34b26e51cb0350a88f2aadf50',
    'https://storage.googleapis.com/kagglesdsdata/datasets/7399389/11785112/food-101/food-101/images/waffles/1028113.jpg?X-Goog-Algorithm=GOOG4-RSA-SHA256&X-Goog-Credential=databundle-worker-v2%40kaggle-161607.iam.gserviceaccount.com%2F20250607%2Fauto%2Fstorage%2Fgoog4_request&X-Goog-Date=20250607T150224Z&X-Goog-Expires=345600&X-Goog-SignedHeaders=host&X-Goog-Signature=6b818ddd65ee6829a369053ffea59920d33595d1360f2ad7b169dcd4af01d6e9a64a1f20739ac58331dac019706da1b5a2a87dd75bb669ea03543fd01798d28a91c42643450b380ba2c043e89cf09986ae82db014e9455360ef90b953194a81e207904190f998ef38ca408221db43d85b4b8d2f3927839bc28686cf7c8ff924df084d89ba426979551c8212a1551052902552085796dfd40a3f2e50f052b73e6d2bc2f2424148dcff36d7ddebb0b5ca0383181fa56c45dad8a0573a9d2f4be0a4db4939ecad5a152f5581eeb585d984d283e1cb3fb718a635e9d5fb4dff17ff71b5d3a7186aa4d23fb2e966de617dd8f8eb62de34b26e51cb0350a88f2aadf50',
    'test'
);

INSERT INTO Food_Ingredient (FoodID, Ingredient)
VALUES ('f101_0101', N'2 cups all-purpose flour');

INSERT INTO Food_Ingredient (FoodID, Ingredient)
VALUES ('f101_0101', N'2 tbsp granulated sugar');

INSERT INTO Food_Ingredient (FoodID, Ingredient)
VALUES ('f101_0101', N'1 tbsp baking powder');

INSERT INTO Food_Ingredient (FoodID, Ingredient)
VALUES ('f101_0101', N'1/2 tsp salt');

INSERT INTO Food_Ingredient (FoodID, Ingredient)
VALUES ('f101_0101', N'2 large eggs');

INSERT INTO Food_Ingredient (FoodID, Ingredient)
VALUES ('f101_0101', N'1 3/4 cups milk');

INSERT INTO Food_Ingredient (FoodID, Ingredient)
VALUES ('f101_0101', N'1/2 cup unsalted butter, melted');

INSERT INTO Food_Ingredient (FoodID, Ingredient)
VALUES ('f101_0101', N'1 tsp vanilla extract');

INSERT INTO Food_Ingredient (FoodID, Ingredient)
VALUES ('f101_0101', N'Cooking spray or melted butter (for greasing waffle iron)');

INSERT INTO Food_Ingredient (FoodID, Ingredient)
VALUES ('f101_0101', N'Maple syrup (for serving)');

INSERT INTO Food_Ingredient (FoodID, Ingredient)
VALUES ('f101_0101', N'Fresh berries (optional, for serving)');

INSERT INTO Food_Ingredient (FoodID, Ingredient)
VALUES ('f101_0101', N'Whipped cream (optional, for serving)');

INSERT INTO Food_Ingredient (FoodID, Ingredient)
VALUES ('f101_0101', N'Powdered sugar (optional, for dusting)');

INSERT INTO DanhGia (NguoiDungID, FoodID, SoSao, NhanXet, ThoiGian) VALUES (1, 'f101_0223', 5, N'Sẽ quay lại ăn lần nữa!', '2025-05-31 09:14:09');
INSERT INTO DanhGia (NguoiDungID, FoodID, SoSao, NhanXet, ThoiGian) VALUES (1, 'f101_0214', 5, N'Ngon tuyệt vời!', '2024-07-24 09:14:09');
INSERT INTO DanhGia (NguoiDungID, FoodID, SoSao, NhanXet, ThoiGian) VALUES (1, 'f101_0244', 3, N'Tạm ổn.', '2025-02-08 09:14:09');
INSERT INTO DanhGia (NguoiDungID, FoodID, SoSao, NhanXet, ThoiGian) VALUES (1, 'f101_0221', 3, N'Tạm ổn.', '2025-03-02 09:14:09');
INSERT INTO DanhGia (NguoiDungID, FoodID, SoSao, NhanXet, ThoiGian) VALUES (1, 'f101_0242', 4, N'Hợp khẩu vị.', '2024-06-23 09:14:09');
INSERT INTO DanhGia (NguoiDungID, FoodID, SoSao, NhanXet, ThoiGian) VALUES (1, 'f101_0232', 3, N'Bình thường, không quá đặc biệt.', '2025-03-16 09:14:09');
INSERT INTO DanhGia (NguoiDungID, FoodID, SoSao, NhanXet, ThoiGian) VALUES (1, 'f101_0236', 4, N'Món ăn ngon.', '2024-07-09 09:14:09');
INSERT INTO DanhGia (NguoiDungID, FoodID, SoSao, NhanXet, ThoiGian) VALUES (1, 'f101_0245', 5, N'Hài lòng tuyệt đối.', '2024-09-05 09:14:09');
INSERT INTO DanhGia (NguoiDungID, FoodID, SoSao, NhanXet, ThoiGian) VALUES (1, 'f101_0236', 2, N'Nêm nếm chưa ổn.', '2024-09-26 09:14:09');
INSERT INTO DanhGia (NguoiDungID, FoodID, SoSao, NhanXet, ThoiGian) VALUES (1, 'f101_0235', 2, N'Nêm nếm chưa ổn.', '2025-05-11 09:14:09');
INSERT INTO DanhGia (NguoiDungID, FoodID, SoSao, NhanXet, ThoiGian) VALUES (1, 'f101_0221', 3, N'Cần cải thiện chút.', '2025-01-01 09:14:09');
INSERT INTO DanhGia (NguoiDungID, FoodID, SoSao, NhanXet, ThoiGian) VALUES (1, 'f101_0236', 5, N'Sẽ quay lại ăn lần nữa!', '2025-02-23 09:14:09');
INSERT INTO DanhGia (NguoiDungID, FoodID, SoSao, NhanXet, ThoiGian) VALUES (1, 'f101_0259', 4, N'Khá ưng ý.', '2024-10-25 09:14:09');
INSERT INTO DanhGia (NguoiDungID, FoodID, SoSao, NhanXet, ThoiGian) VALUES (1, 'f101_0236', 4, N'Món ăn ngon.', '2025-01-26 09:14:09');
INSERT INTO DanhGia (NguoiDungID, FoodID, SoSao, NhanXet, ThoiGian) VALUES (1, 'f101_0245', 4, N'Khá ưng ý.', '2024-12-11 09:14:09');
INSERT INTO DanhGia (NguoiDungID, FoodID, SoSao, NhanXet, ThoiGian) VALUES (1, 'f101_0253', 5, N'Hài lòng tuyệt đối.', '2024-10-23 09:14:09');
INSERT INTO DanhGia (NguoiDungID, FoodID, SoSao, NhanXet, ThoiGian) VALUES (1, 'f101_0258', 3, N'Bình thường, không quá đặc biệt.', '2024-10-18 09:14:09');
INSERT INTO DanhGia (NguoiDungID, FoodID, SoSao, NhanXet, ThoiGian) VALUES (1, 'f101_0245', 4, N'Món ăn ngon.', '2025-05-03 09:14:09');
INSERT INTO DanhGia (NguoiDungID, FoodID, SoSao, NhanXet, ThoiGian) VALUES (1, 'f101_0237', 4, N'Món ăn ngon.', '2025-02-22 09:14:09');
INSERT INTO DanhGia (NguoiDungID, FoodID, SoSao, NhanXet, ThoiGian) VALUES (1, 'f101_0214', 5, N'Sẽ quay lại ăn lần nữa!', '2024-10-18 09:14:09');
INSERT INTO DanhGia (NguoiDungID, FoodID, SoSao, NhanXet, ThoiGian) VALUES (1, 'f101_0258', 4, N'Món ăn ngon.', '2024-11-18 09:14:09');
INSERT INTO DanhGia (NguoiDungID, FoodID, SoSao, NhanXet, ThoiGian) VALUES (1, 'f101_0226', 1, N'Rất tệ, không ngon.', '2024-11-19 09:14:09');
INSERT INTO DanhGia (NguoiDungID, FoodID, SoSao, NhanXet, ThoiGian) VALUES (1, 'f101_0268', 3, N'Tạm ổn.', '2025-03-23 09:14:09');
INSERT INTO DanhGia (NguoiDungID, FoodID, SoSao, NhanXet, ThoiGian) VALUES (1, 'f101_0214', 4, N'Khá ưng ý.', '2025-03-01 09:14:09');
INSERT INTO DanhGia (NguoiDungID, FoodID, SoSao, NhanXet, ThoiGian) VALUES (1, 'f101_0246', 3, N'Cần cải thiện chút.', '2025-06-04 09:14:09');
INSERT INTO DanhGia (NguoiDungID, FoodID, SoSao, NhanXet, ThoiGian) VALUES (1, 'f101_0249', 4, N'Món ăn ngon.', '2024-08-13 09:14:09');
INSERT INTO DanhGia (NguoiDungID, FoodID, SoSao, NhanXet, ThoiGian) VALUES (1, 'f101_0245', 4, N'Hợp khẩu vị.', '2025-03-29 09:14:09');
INSERT INTO DanhGia (NguoiDungID, FoodID, SoSao, NhanXet, ThoiGian) VALUES (1, 'f101_0232', 4, N'Hợp khẩu vị.', '2024-12-22 09:14:09');
INSERT INTO DanhGia (NguoiDungID, FoodID, SoSao, NhanXet, ThoiGian) VALUES (1, 'f101_0232', 4, N'Khá ưng ý.', '2024-11-24 09:14:09');
INSERT INTO DanhGia (NguoiDungID, FoodID, SoSao, NhanXet, ThoiGian) VALUES (1, 'f101_0252', 4, N'Món ăn ngon.', '2024-10-29 09:14:09');
INSERT INTO DanhGia (NguoiDungID, FoodID, SoSao, NhanXet, ThoiGian) VALUES (2, 'f101_0244', 4, N'Khá ưng ý.', '2024-09-13 09:14:09');
INSERT INTO DanhGia (NguoiDungID, FoodID, SoSao, NhanXet, ThoiGian) VALUES (2, 'f101_0244', 5, N'Món ăn rất ngon và hấp dẫn.', '2025-03-06 09:14:09');
INSERT INTO DanhGia (NguoiDungID, FoodID, SoSao, NhanXet, ThoiGian) VALUES (2, 'f101_0245', 3, N'Bình thường, không quá đặc biệt.', '2024-11-08 09:14:09');
INSERT INTO DanhGia (NguoiDungID, FoodID, SoSao, NhanXet, ThoiGian) VALUES (2, 'f101_0216', 5, N'Sẽ quay lại ăn lần nữa!', '2024-10-20 09:14:09');
INSERT INTO DanhGia (NguoiDungID, FoodID, SoSao, NhanXet, ThoiGian) VALUES (2, 'f101_0240', 1, N'Rất tệ, không ngon.', '2024-06-24 09:14:09');
INSERT INTO DanhGia (NguoiDungID, FoodID, SoSao, NhanXet, ThoiGian) VALUES (2, 'f101_0249', 5, N'Hài lòng tuyệt đối.', '2024-08-04 09:14:09');
INSERT INTO DanhGia (NguoiDungID, FoodID, SoSao, NhanXet, ThoiGian) VALUES (2, 'f101_0216', 5, N'Ngon tuyệt vời!', '2024-11-27 09:14:09');
INSERT INTO DanhGia (NguoiDungID, FoodID, SoSao, NhanXet, ThoiGian) VALUES (2, 'f101_0249', 5, N'Ngon tuyệt vời!', '2024-08-12 09:14:09');
INSERT INTO DanhGia (NguoiDungID, FoodID, SoSao, NhanXet, ThoiGian) VALUES (2, 'f101_0226', 4, N'Món ăn ngon.', '2024-10-05 09:14:09');
INSERT INTO DanhGia (NguoiDungID, FoodID, SoSao, NhanXet, ThoiGian) VALUES (2, 'f101_0236', 5, N'Hài lòng tuyệt đối.', '2025-04-01 09:14:09');
INSERT INTO DanhGia (NguoiDungID, FoodID, SoSao, NhanXet, ThoiGian) VALUES (2, 'f101_0259', 5, N'Sẽ quay lại ăn lần nữa!', '2024-12-29 09:14:09');
INSERT INTO DanhGia (NguoiDungID, FoodID, SoSao, NhanXet, ThoiGian) VALUES (2, 'f101_0219', 5, N'Ngon tuyệt vời!', '2024-07-10 09:14:09');
INSERT INTO DanhGia (NguoiDungID, FoodID, SoSao, NhanXet, ThoiGian) VALUES (2, 'f101_0249', 3, N'Tạm ổn.', '2024-08-01 09:14:09');
INSERT INTO DanhGia (NguoiDungID, FoodID, SoSao, NhanXet, ThoiGian) VALUES (2, 'f101_0259', 4, N'Hợp khẩu vị.', '2024-10-18 09:14:09');
INSERT INTO DanhGia (NguoiDungID, FoodID, SoSao, NhanXet, ThoiGian) VALUES (2, 'f101_0211', 3, N'Bình thường, không quá đặc biệt.', '2025-04-27 09:14:09');
INSERT INTO DanhGia (NguoiDungID, FoodID, SoSao, NhanXet, ThoiGian) VALUES (2, 'f101_0240', 3, N'Cần cải thiện chút.', '2024-07-11 09:14:09');
INSERT INTO DanhGia (NguoiDungID, FoodID, SoSao, NhanXet, ThoiGian) VALUES (2, 'f101_0246', 5, N'Món ăn rất ngon và hấp dẫn.', '2024-07-22 09:14:09');
INSERT INTO DanhGia (NguoiDungID, FoodID, SoSao, NhanXet, ThoiGian) VALUES (2, 'f101_0245', 4, N'Hợp khẩu vị.', '2025-05-26 09:14:09');
INSERT INTO DanhGia (NguoiDungID, FoodID, SoSao, NhanXet, ThoiGian) VALUES (2, 'f101_0244', 3, N'Bình thường, không quá đặc biệt.', '2025-01-23 09:14:09');
INSERT INTO DanhGia (NguoiDungID, FoodID, SoSao, NhanXet, ThoiGian) VALUES (2, 'f101_0221', 4, N'Hợp khẩu vị.', '2025-04-09 09:14:09');
INSERT INTO DanhGia (NguoiDungID, FoodID, SoSao, NhanXet, ThoiGian) VALUES (2, 'f101_0244', 3, N'Bình thường, không quá đặc biệt.', '2025-05-27 09:14:09');
INSERT INTO DanhGia (NguoiDungID, FoodID, SoSao, NhanXet, ThoiGian) VALUES (2, 'f101_0252', 3, N'Bình thường, không quá đặc biệt.', '2024-12-05 09:14:09');
INSERT INTO DanhGia (NguoiDungID, FoodID, SoSao, NhanXet, ThoiGian) VALUES (2, 'f101_0244', 3, N'Tạm ổn.', '2025-04-04 09:14:09');
INSERT INTO DanhGia (NguoiDungID, FoodID, SoSao, NhanXet, ThoiGian) VALUES (2, 'f101_0246', 4, N'Món ăn ngon.', '2024-10-18 09:14:09');
INSERT INTO DanhGia (NguoiDungID, FoodID, SoSao, NhanXet, ThoiGian) VALUES (2, 'f101_0236', 5, N'Món ăn rất ngon và hấp dẫn.', '2024-11-18 09:14:09');
INSERT INTO DanhGia (NguoiDungID, FoodID, SoSao, NhanXet, ThoiGian) VALUES (2, 'f101_0219', 4, N'Khá ưng ý.', '2024-11-15 09:14:09');
INSERT INTO DanhGia (NguoiDungID, FoodID, SoSao, NhanXet, ThoiGian) VALUES (2, 'f101_0253', 5, N'Hài lòng tuyệt đối.', '2025-02-21 09:14:09');
INSERT INTO DanhGia (NguoiDungID, FoodID, SoSao, NhanXet, ThoiGian) VALUES (2, 'f101_0216', 4, N'Món ăn ngon.', '2025-04-29 09:14:09');
INSERT INTO DanhGia (NguoiDungID, FoodID, SoSao, NhanXet, ThoiGian) VALUES (2, 'f101_0232', 5, N'Ngon tuyệt vời!', '2024-07-09 09:14:09');
INSERT INTO DanhGia (NguoiDungID, FoodID, SoSao, NhanXet, ThoiGian) VALUES (2, 'f101_0216', 5, N'Ngon tuyệt vời!', '2024-09-15 09:14:09');
INSERT INTO DanhGia (NguoiDungID, FoodID, SoSao, NhanXet, ThoiGian) VALUES (2, 'f101_0258', 5, N'Món ăn rất ngon và hấp dẫn.', '2025-02-09 09:14:09');
INSERT INTO DanhGia (NguoiDungID, FoodID, SoSao, NhanXet, ThoiGian) VALUES (2, 'f101_0253', 5, N'Hài lòng tuyệt đối.', '2025-04-09 09:14:09');
INSERT INTO DanhGia (NguoiDungID, FoodID, SoSao, NhanXet, ThoiGian) VALUES (2, 'f101_0268', 5, N'Ngon tuyệt vời!', '2025-03-14 09:14:09');
INSERT INTO DanhGia (NguoiDungID, FoodID, SoSao, NhanXet, ThoiGian) VALUES (2, 'f101_0221', 4, N'Khá ưng ý.', '2024-12-06 09:14:09');
INSERT INTO DanhGia (NguoiDungID, FoodID, SoSao, NhanXet, ThoiGian) VALUES (3, 'f101_0232', 2, N'Nêm nếm chưa ổn.', '2025-01-04 09:14:09');
INSERT INTO DanhGia (NguoiDungID, FoodID, SoSao, NhanXet, ThoiGian) VALUES (3, 'f101_0235', 3, N'Cần cải thiện chút.', '2024-09-07 09:14:09');
INSERT INTO DanhGia (NguoiDungID, FoodID, SoSao, NhanXet, ThoiGian) VALUES (3, 'f101_0243', 4, N'Hợp khẩu vị.', '2024-11-22 09:14:09');
INSERT INTO DanhGia (NguoiDungID, FoodID, SoSao, NhanXet, ThoiGian) VALUES (3, 'f101_0211', 5, N'Hài lòng tuyệt đối.', '2024-10-05 09:14:09');
INSERT INTO DanhGia (NguoiDungID, FoodID, SoSao, NhanXet, ThoiGian) VALUES (3, 'f101_0253', 4, N'Món ăn ngon.', '2025-02-20 09:14:09');
INSERT INTO DanhGia (NguoiDungID, FoodID, SoSao, NhanXet, ThoiGian) VALUES (3, 'f101_0242', 5, N'Sẽ quay lại ăn lần nữa!', '2024-11-17 09:14:09');
INSERT INTO DanhGia (NguoiDungID, FoodID, SoSao, NhanXet, ThoiGian) VALUES (3, 'f101_0219', 5, N'Sẽ quay lại ăn lần nữa!', '2024-10-04 09:14:09');
INSERT INTO DanhGia (NguoiDungID, FoodID, SoSao, NhanXet, ThoiGian) VALUES (3, 'f101_0219', 4, N'Món ăn ngon.', '2025-04-26 09:14:09');
INSERT INTO DanhGia (NguoiDungID, FoodID, SoSao, NhanXet, ThoiGian) VALUES (3, 'f101_0226', 4, N'Hợp khẩu vị.', '2024-07-31 09:14:09');
INSERT INTO DanhGia (NguoiDungID, FoodID, SoSao, NhanXet, ThoiGian) VALUES (3, 'f101_0226', 5, N'Món ăn rất ngon và hấp dẫn.', '2024-08-15 09:14:09');
INSERT INTO DanhGia (NguoiDungID, FoodID, SoSao, NhanXet, ThoiGian) VALUES (3, 'f101_0214', 1, N'Rất tệ, không ngon.', '2024-11-15 09:14:09');
INSERT INTO DanhGia (NguoiDungID, FoodID, SoSao, NhanXet, ThoiGian) VALUES (3, 'f101_0245', 3, N'Tạm ổn.', '2025-04-29 09:14:09');
INSERT INTO DanhGia (NguoiDungID, FoodID, SoSao, NhanXet, ThoiGian) VALUES (3, 'f101_0236', 3, N'Bình thường, không quá đặc biệt.', '2025-01-08 09:14:09');
INSERT INTO DanhGia (NguoiDungID, FoodID, SoSao, NhanXet, ThoiGian) VALUES (3, 'f101_0214', 4, N'Khá ưng ý.', '2025-01-15 09:14:09');
INSERT INTO DanhGia (NguoiDungID, FoodID, SoSao, NhanXet, ThoiGian) VALUES (3, 'f101_0216', 3, N'Bình thường, không quá đặc biệt.', '2025-02-04 09:14:09');
INSERT INTO DanhGia (NguoiDungID, FoodID, SoSao, NhanXet, ThoiGian) VALUES (3, 'f101_0214', 3, N'Tạm ổn.', '2025-04-29 09:14:09');
INSERT INTO DanhGia (NguoiDungID, FoodID, SoSao, NhanXet, ThoiGian) VALUES (3, 'f101_0221', 5, N'Món ăn rất ngon và hấp dẫn.', '2024-12-31 09:14:09');
INSERT INTO DanhGia (NguoiDungID, FoodID, SoSao, NhanXet, ThoiGian) VALUES (3, 'f101_0236', 2, N'Nêm nếm chưa ổn.', '2024-10-07 09:14:09');
INSERT INTO DanhGia (NguoiDungID, FoodID, SoSao, NhanXet, ThoiGian) VALUES (3, 'f101_0211', 5, N'Món ăn rất ngon và hấp dẫn.', '2025-05-16 09:14:09');
INSERT INTO DanhGia (NguoiDungID, FoodID, SoSao, NhanXet, ThoiGian) VALUES (3, 'f101_0221', 3, N'Bình thường, không quá đặc biệt.', '2025-05-31 09:14:09');
INSERT INTO DanhGia (NguoiDungID, FoodID, SoSao, NhanXet, ThoiGian) VALUES (3, 'f101_0216', 4, N'Hợp khẩu vị.', '2024-10-10 09:14:09');
INSERT INTO DanhGia (NguoiDungID, FoodID, SoSao, NhanXet, ThoiGian) VALUES (3, 'f101_0214', 5, N'Sẽ quay lại ăn lần nữa!', '2024-12-30 09:14:09');
INSERT INTO DanhGia (NguoiDungID, FoodID, SoSao, NhanXet, ThoiGian) VALUES (3, 'f101_0237', 5, N'Hài lòng tuyệt đối.', '2025-03-05 09:14:09');
INSERT INTO DanhGia (NguoiDungID, FoodID, SoSao, NhanXet, ThoiGian) VALUES (3, 'f101_0252', 4, N'Món ăn ngon.', '2025-04-29 09:14:09');
INSERT INTO DanhGia (NguoiDungID, FoodID, SoSao, NhanXet, ThoiGian) VALUES (3, 'f101_0235', 3, N'Tạm ổn.', '2024-10-02 09:14:09');
INSERT INTO DanhGia (NguoiDungID, FoodID, SoSao, NhanXet, ThoiGian) VALUES (3, 'f101_0232', 4, N'Món ăn ngon.', '2025-03-27 09:14:09');
INSERT INTO DanhGia (NguoiDungID, FoodID, SoSao, NhanXet, ThoiGian) VALUES (3, 'f101_0259', 5, N'Sẽ quay lại ăn lần nữa!', '2024-06-12 09:14:09');
INSERT INTO DanhGia (NguoiDungID, FoodID, SoSao, NhanXet, ThoiGian) VALUES (3, 'f101_0249', 3, N'Cần cải thiện chút.', '2025-01-20 09:14:09');
INSERT INTO DanhGia (NguoiDungID, FoodID, SoSao, NhanXet, ThoiGian) VALUES (3, 'f101_0243', 1, N'Rất tệ, không ngon.', '2024-11-23 09:14:09');
INSERT INTO DanhGia (NguoiDungID, FoodID, SoSao, NhanXet, ThoiGian) VALUES (3, 'f101_0268', 4, N'Khá ưng ý.', '2025-02-22 09:14:09');
INSERT INTO DanhGia (NguoiDungID, FoodID, SoSao, NhanXet, ThoiGian) VALUES (3, 'f101_0219', 5, N'Ngon tuyệt vời!', '2025-03-18 09:14:09');
INSERT INTO DanhGia (NguoiDungID, FoodID, SoSao, NhanXet, ThoiGian) VALUES (3, 'f101_0232', 4, N'Món ăn ngon.', '2025-01-11 09:14:09');
INSERT INTO DanhGia (NguoiDungID, FoodID, SoSao, NhanXet, ThoiGian) VALUES (3, 'f101_0268', 5, N'Sẽ quay lại ăn lần nữa!', '2024-09-18 09:14:09');
INSERT INTO DanhGia (NguoiDungID, FoodID, SoSao, NhanXet, ThoiGian) VALUES (4, 'f101_0243', 3, N'Bình thường, không quá đặc biệt.', '2025-05-01 09:14:09');
INSERT INTO DanhGia (NguoiDungID, FoodID, SoSao, NhanXet, ThoiGian) VALUES (4, 'f101_0216', 5, N'Sẽ quay lại ăn lần nữa!', '2024-08-25 09:14:09');
INSERT INTO DanhGia (NguoiDungID, FoodID, SoSao, NhanXet, ThoiGian) VALUES (4, 'f101_0243', 1, N'Không đáng thử.', '2025-02-22 09:14:09');
INSERT INTO DanhGia (NguoiDungID, FoodID, SoSao, NhanXet, ThoiGian) VALUES (4, 'f101_0242', 5, N'Sẽ quay lại ăn lần nữa!', '2025-04-08 09:14:09');
INSERT INTO DanhGia (NguoiDungID, FoodID, SoSao, NhanXet, ThoiGian) VALUES (4, 'f101_0268', 1, N'Rất tệ, không ngon.', '2024-10-02 09:14:09');
INSERT INTO DanhGia (NguoiDungID, FoodID, SoSao, NhanXet, ThoiGian) VALUES (4, 'f101_0221', 4, N'Khá ưng ý.', '2025-04-13 09:14:09');
INSERT INTO DanhGia (NguoiDungID, FoodID, SoSao, NhanXet, ThoiGian) VALUES (4, 'f101_0258', 5, N'Ngon tuyệt vời!', '2024-11-03 09:14:09');
INSERT INTO DanhGia (NguoiDungID, FoodID, SoSao, NhanXet, ThoiGian) VALUES (4, 'f101_0216', 4, N'Món ăn ngon.', '2024-07-20 09:14:09');
INSERT INTO DanhGia (NguoiDungID, FoodID, SoSao, NhanXet, ThoiGian) VALUES (4, 'f101_0258', 5, N'Món ăn rất ngon và hấp dẫn.', '2025-05-27 09:14:09');
INSERT INTO DanhGia (NguoiDungID, FoodID, SoSao, NhanXet, ThoiGian) VALUES (4, 'f101_0221', 3, N'Tạm ổn.', '2024-12-24 09:14:09');
INSERT INTO DanhGia (NguoiDungID, FoodID, SoSao, NhanXet, ThoiGian) VALUES (4, 'f101_0252', 3, N'Cần cải thiện chút.', '2024-06-15 09:14:09');
INSERT INTO DanhGia (NguoiDungID, FoodID, SoSao, NhanXet, ThoiGian) VALUES (4, 'f101_0242', 5, N'Ngon tuyệt vời!', '2025-03-25 09:14:09');
INSERT INTO DanhGia (NguoiDungID, FoodID, SoSao, NhanXet, ThoiGian) VALUES (4, 'f101_0253', 3, N'Cần cải thiện chút.', '2025-01-02 09:14:09');
INSERT INTO DanhGia (NguoiDungID, FoodID, SoSao, NhanXet, ThoiGian) VALUES (4, 'f101_0243', 4, N'Món ăn ngon.', '2025-03-30 09:14:09');
INSERT INTO DanhGia (NguoiDungID, FoodID, SoSao, NhanXet, ThoiGian) VALUES (4, 'f101_0243', 4, N'Khá ưng ý.', '2024-06-15 09:14:09');
INSERT INTO DanhGia (NguoiDungID, FoodID, SoSao, NhanXet, ThoiGian) VALUES (4, 'f101_0235', 3, N'Bình thường, không quá đặc biệt.', '2025-02-26 09:14:09');
INSERT INTO DanhGia (NguoiDungID, FoodID, SoSao, NhanXet, ThoiGian) VALUES (4, 'f101_0259', 5, N'Sẽ quay lại ăn lần nữa!', '2024-07-07 09:14:09');
INSERT INTO DanhGia (NguoiDungID, FoodID, SoSao, NhanXet, ThoiGian) VALUES (4, 'f101_0223', 5, N'Sẽ quay lại ăn lần nữa!', '2024-11-27 09:14:09');
INSERT INTO DanhGia (NguoiDungID, FoodID, SoSao, NhanXet, ThoiGian) VALUES (4, 'f101_0252', 2, N'Nêm nếm chưa ổn.', '2024-08-24 09:14:09');
INSERT INTO DanhGia (NguoiDungID, FoodID, SoSao, NhanXet, ThoiGian) VALUES (4, 'f101_0246', 4, N'Món ăn ngon.', '2025-01-27 09:14:09');
INSERT INTO DanhGia (NguoiDungID, FoodID, SoSao, NhanXet, ThoiGian) VALUES (4, 'f101_0243', 3, N'Cần cải thiện chút.', '2024-06-28 09:14:09');
INSERT INTO DanhGia (NguoiDungID, FoodID, SoSao, NhanXet, ThoiGian) VALUES (4, 'f101_0235', 4, N'Hợp khẩu vị.', '2025-03-28 09:14:09');
INSERT INTO DanhGia (NguoiDungID, FoodID, SoSao, NhanXet, ThoiGian) VALUES (4, 'f101_0244', 5, N'Món ăn rất ngon và hấp dẫn.', '2024-06-26 09:14:09');
INSERT INTO DanhGia (NguoiDungID, FoodID, SoSao, NhanXet, ThoiGian) VALUES (4, 'f101_0246', 2, N'Nêm nếm chưa ổn.', '2025-01-12 09:14:09');
INSERT INTO DanhGia (NguoiDungID, FoodID, SoSao, NhanXet, ThoiGian) VALUES (4, 'f101_0246', 2, N'Không hợp khẩu vị.', '2024-10-11 09:14:09');
INSERT INTO DanhGia (NguoiDungID, FoodID, SoSao, NhanXet, ThoiGian) VALUES (4, 'f101_0246', 5, N'Hài lòng tuyệt đối.', '2025-04-21 09:14:09');
INSERT INTO DanhGia (NguoiDungID, FoodID, SoSao, NhanXet, ThoiGian) VALUES (4, 'f101_0253', 4, N'Món ăn ngon.', '2025-02-22 09:14:09');
INSERT INTO DanhGia (NguoiDungID, FoodID, SoSao, NhanXet, ThoiGian) VALUES (4, 'f101_0242', 4, N'Hợp khẩu vị.', '2025-05-13 09:14:09');
INSERT INTO DanhGia (NguoiDungID, FoodID, SoSao, NhanXet, ThoiGian) VALUES (4, 'f101_0235', 4, N'Hợp khẩu vị.', '2025-01-24 09:14:09');
INSERT INTO DanhGia (NguoiDungID, FoodID, SoSao, NhanXet, ThoiGian) VALUES (4, 'f101_0240', 5, N'Món ăn rất ngon và hấp dẫn.', '2024-06-21 09:14:09');
INSERT INTO DanhGia (NguoiDungID, FoodID, SoSao, NhanXet, ThoiGian) VALUES (4, 'f101_0214', 3, N'Cần cải thiện chút.', '2024-11-11 09:14:09');
INSERT INTO DanhGia (NguoiDungID, FoodID, SoSao, NhanXet, ThoiGian) VALUES (4, 'f101_0223', 3, N'Cần cải thiện chút.', '2024-12-21 09:14:09');
INSERT INTO DanhGia (NguoiDungID, FoodID, SoSao, NhanXet, ThoiGian) VALUES (5, 'f101_0246', 4, N'Món ăn ngon.', '2025-01-04 09:14:09');
INSERT INTO DanhGia (NguoiDungID, FoodID, SoSao, NhanXet, ThoiGian) VALUES (5, 'f101_0214', 3, N'Cần cải thiện chút.', '2025-03-16 09:14:09');
INSERT INTO DanhGia (NguoiDungID, FoodID, SoSao, NhanXet, ThoiGian) VALUES (5, 'f101_0246', 3, N'Tạm ổn.', '2025-04-06 09:14:09');
INSERT INTO DanhGia (NguoiDungID, FoodID, SoSao, NhanXet, ThoiGian) VALUES (5, 'f101_0240', 3, N'Cần cải thiện chút.', '2024-11-30 09:14:09');
INSERT INTO DanhGia (NguoiDungID, FoodID, SoSao, NhanXet, ThoiGian) VALUES (5, 'f101_0253', 3, N'Tạm ổn.', '2025-04-01 09:14:09');
INSERT INTO DanhGia (NguoiDungID, FoodID, SoSao, NhanXet, ThoiGian) VALUES (5, 'f101_0235', 5, N'Hài lòng tuyệt đối.', '2024-11-28 09:14:09');
INSERT INTO DanhGia (NguoiDungID, FoodID, SoSao, NhanXet, ThoiGian) VALUES (5, 'f101_0246', 4, N'Khá ưng ý.', '2024-09-06 09:14:09');
INSERT INTO DanhGia (NguoiDungID, FoodID, SoSao, NhanXet, ThoiGian) VALUES (5, 'f101_0259', 5, N'Món ăn rất ngon và hấp dẫn.', '2024-12-04 09:14:09');
INSERT INTO DanhGia (NguoiDungID, FoodID, SoSao, NhanXet, ThoiGian) VALUES (5, 'f101_0252', 4, N'Khá ưng ý.', '2024-09-26 09:14:09');
INSERT INTO DanhGia (NguoiDungID, FoodID, SoSao, NhanXet, ThoiGian) VALUES (5, 'f101_0214', 4, N'Hợp khẩu vị.', '2025-06-07 09:14:09');
INSERT INTO DanhGia (NguoiDungID, FoodID, SoSao, NhanXet, ThoiGian) VALUES (5, 'f101_0237', 4, N'Món ăn ngon.', '2024-07-21 09:14:09');
INSERT INTO DanhGia (NguoiDungID, FoodID, SoSao, NhanXet, ThoiGian) VALUES (5, 'f101_0232', 5, N'Món ăn rất ngon và hấp dẫn.', '2024-10-31 09:14:09');
INSERT INTO DanhGia (NguoiDungID, FoodID, SoSao, NhanXet, ThoiGian) VALUES (5, 'f101_0242', 5, N'Ngon tuyệt vời!', '2025-05-31 09:14:09');
INSERT INTO DanhGia (NguoiDungID, FoodID, SoSao, NhanXet, ThoiGian) VALUES (5, 'f101_0237', 5, N'Sẽ quay lại ăn lần nữa!', '2025-05-27 09:14:09');
INSERT INTO DanhGia (NguoiDungID, FoodID, SoSao, NhanXet, ThoiGian) VALUES (5, 'f101_0235', 5, N'Ngon tuyệt vời!', '2024-12-21 09:14:09');
INSERT INTO DanhGia (NguoiDungID, FoodID, SoSao, NhanXet, ThoiGian) VALUES (5, 'f101_0252', 2, N'Không hợp khẩu vị.', '2025-01-12 09:14:09');
INSERT INTO DanhGia (NguoiDungID, FoodID, SoSao, NhanXet, ThoiGian) VALUES (5, 'f101_0221', 2, N'Nêm nếm chưa ổn.', '2024-12-25 09:14:09');
INSERT INTO DanhGia (NguoiDungID, FoodID, SoSao, NhanXet, ThoiGian) VALUES (5, 'f101_0232', 4, N'Hợp khẩu vị.', '2024-12-22 09:14:09');
INSERT INTO DanhGia (NguoiDungID, FoodID, SoSao, NhanXet, ThoiGian) VALUES (5, 'f101_0259', 4, N'Khá ưng ý.', '2025-04-09 09:14:09');
INSERT INTO DanhGia (NguoiDungID, FoodID, SoSao, NhanXet, ThoiGian) VALUES (5, 'f101_0237', 4, N'Khá ưng ý.', '2024-10-07 09:14:09');
INSERT INTO DanhGia (NguoiDungID, FoodID, SoSao, NhanXet, ThoiGian) VALUES (5, 'f101_0249', 3, N'Cần cải thiện chút.', '2024-10-26 09:14:09');
INSERT INTO DanhGia (NguoiDungID, FoodID, SoSao, NhanXet, ThoiGian) VALUES (5, 'f101_0240', 3, N'Cần cải thiện chút.', '2024-10-08 09:14:09');
INSERT INTO DanhGia (NguoiDungID, FoodID, SoSao, NhanXet, ThoiGian) VALUES (5, 'f101_0253', 2, N'Không hợp khẩu vị.', '2024-12-26 09:14:09');
INSERT INTO DanhGia (NguoiDungID, FoodID, SoSao, NhanXet, ThoiGian) VALUES (5, 'f101_0242', 3, N'Cần cải thiện chút.', '2024-09-05 09:14:09');
INSERT INTO DanhGia (NguoiDungID, FoodID, SoSao, NhanXet, ThoiGian) VALUES (5, 'f101_0243', 4, N'Hợp khẩu vị.', '2025-01-04 09:14:09');
INSERT INTO DanhGia (NguoiDungID, FoodID, SoSao, NhanXet, ThoiGian) VALUES (5, 'f101_0242', 5, N'Ngon tuyệt vời!', '2025-05-30 09:14:09');
INSERT INTO DanhGia (NguoiDungID, FoodID, SoSao, NhanXet, ThoiGian) VALUES (5, 'f101_0223', 4, N'Khá ưng ý.', '2024-06-14 09:14:09');
INSERT INTO DanhGia (NguoiDungID, FoodID, SoSao, NhanXet, ThoiGian) VALUES (5, 'f101_0214', 4, N'Hợp khẩu vị.', '2025-05-03 09:14:09');
INSERT INTO DanhGia (NguoiDungID, FoodID, SoSao, NhanXet, ThoiGian) VALUES (5, 'f101_0232', 1, N'Rất tệ, không ngon.', '2025-04-05 09:14:09');
INSERT INTO DanhGia (NguoiDungID, FoodID, SoSao, NhanXet, ThoiGian) VALUES (5, 'f101_0249', 4, N'Khá ưng ý.', '2024-10-06 09:14:09');
INSERT INTO DanhGia (NguoiDungID, FoodID, SoSao, NhanXet, ThoiGian) VALUES (5, 'f101_0236', 2, N'Nêm nếm chưa ổn.', '2024-06-14 09:14:09');
INSERT INTO DanhGia (NguoiDungID, FoodID, SoSao, NhanXet, ThoiGian) VALUES (5, 'f101_0242', 5, N'Món ăn rất ngon và hấp dẫn.', '2024-12-06 09:14:09');
INSERT INTO DanhGia (NguoiDungID, FoodID, SoSao, NhanXet, ThoiGian) VALUES (5, 'f101_0214', 4, N'Hợp khẩu vị.', '2024-10-16 09:14:09');
INSERT INTO DanhGia (NguoiDungID, FoodID, SoSao, NhanXet, ThoiGian) VALUES (5, 'f101_0252', 4, N'Khá ưng ý.', '2025-05-16 09:14:09');
INSERT INTO DanhGia (NguoiDungID, FoodID, SoSao, NhanXet, ThoiGian) VALUES (6, 'f101_0259', 3, N'Cần cải thiện chút.', '2024-06-24 09:14:09');
INSERT INTO DanhGia (NguoiDungID, FoodID, SoSao, NhanXet, ThoiGian) VALUES (6, 'f101_0211', 4, N'Hợp khẩu vị.', '2024-12-16 09:14:09');
INSERT INTO DanhGia (NguoiDungID, FoodID, SoSao, NhanXet, ThoiGian) VALUES (6, 'f101_0232', 3, N'Tạm ổn.', '2024-11-12 09:14:09');
INSERT INTO DanhGia (NguoiDungID, FoodID, SoSao, NhanXet, ThoiGian) VALUES (6, 'f101_0221', 1, N'Không đáng thử.', '2025-03-30 09:14:09');
INSERT INTO DanhGia (NguoiDungID, FoodID, SoSao, NhanXet, ThoiGian) VALUES (6, 'f101_0252', 5, N'Món ăn rất ngon và hấp dẫn.', '2024-09-14 09:14:09');
INSERT INTO DanhGia (NguoiDungID, FoodID, SoSao, NhanXet, ThoiGian) VALUES (6, 'f101_0240', 5, N'Sẽ quay lại ăn lần nữa!', '2025-03-31 09:14:09');
INSERT INTO DanhGia (NguoiDungID, FoodID, SoSao, NhanXet, ThoiGian) VALUES (6, 'f101_0245', 2, N'Không hợp khẩu vị.', '2025-03-29 09:14:09');
INSERT INTO DanhGia (NguoiDungID, FoodID, SoSao, NhanXet, ThoiGian) VALUES (6, 'f101_0216', 4, N'Hợp khẩu vị.', '2025-05-09 09:14:09');
INSERT INTO DanhGia (NguoiDungID, FoodID, SoSao, NhanXet, ThoiGian) VALUES (6, 'f101_0242', 3, N'Cần cải thiện chút.', '2024-10-08 09:14:09');
INSERT INTO DanhGia (NguoiDungID, FoodID, SoSao, NhanXet, ThoiGian) VALUES (6, 'f101_0246', 4, N'Hợp khẩu vị.', '2024-12-11 09:14:09');
INSERT INTO DanhGia (NguoiDungID, FoodID, SoSao, NhanXet, ThoiGian) VALUES (6, 'f101_0235', 5, N'Hài lòng tuyệt đối.', '2025-02-25 09:14:09');
INSERT INTO DanhGia (NguoiDungID, FoodID, SoSao, NhanXet, ThoiGian) VALUES (6, 'f101_0226', 5, N'Ngon tuyệt vời!', '2024-12-10 09:14:09');
INSERT INTO DanhGia (NguoiDungID, FoodID, SoSao, NhanXet, ThoiGian) VALUES (6, 'f101_0244', 3, N'Bình thường, không quá đặc biệt.', '2024-12-06 09:14:09');
INSERT INTO DanhGia (NguoiDungID, FoodID, SoSao, NhanXet, ThoiGian) VALUES (6, 'f101_0219', 3, N'Cần cải thiện chút.', '2024-08-08 09:14:09');
INSERT INTO DanhGia (NguoiDungID, FoodID, SoSao, NhanXet, ThoiGian) VALUES (6, 'f101_0246', 3, N'Cần cải thiện chút.', '2024-06-15 09:14:09');
INSERT INTO DanhGia (NguoiDungID, FoodID, SoSao, NhanXet, ThoiGian) VALUES (6, 'f101_0258', 1, N'Rất tệ, không ngon.', '2024-06-09 09:14:09');
INSERT INTO DanhGia (NguoiDungID, FoodID, SoSao, NhanXet, ThoiGian) VALUES (6, 'f101_0219', 3, N'Cần cải thiện chút.', '2024-06-14 09:14:09');
INSERT INTO DanhGia (NguoiDungID, FoodID, SoSao, NhanXet, ThoiGian) VALUES (6, 'f101_0221', 5, N'Ngon tuyệt vời!', '2025-01-04 09:14:09');
INSERT INTO DanhGia (NguoiDungID, FoodID, SoSao, NhanXet, ThoiGian) VALUES (6, 'f101_0258', 5, N'Hài lòng tuyệt đối.', '2025-03-17 09:14:09');
INSERT INTO DanhGia (NguoiDungID, FoodID, SoSao, NhanXet, ThoiGian) VALUES (6, 'f101_0246', 5, N'Món ăn rất ngon và hấp dẫn.', '2024-10-01 09:14:09');
INSERT INTO DanhGia (NguoiDungID, FoodID, SoSao, NhanXet, ThoiGian) VALUES (6, 'f101_0236', 5, N'Hài lòng tuyệt đối.', '2025-05-16 09:14:09');
INSERT INTO DanhGia (NguoiDungID, FoodID, SoSao, NhanXet, ThoiGian) VALUES (6, 'f101_0235', 4, N'Hợp khẩu vị.', '2024-07-21 09:14:09');
INSERT INTO DanhGia (NguoiDungID, FoodID, SoSao, NhanXet, ThoiGian) VALUES (6, 'f101_0226', 4, N'Món ăn ngon.', '2024-07-25 09:14:09');
INSERT INTO DanhGia (NguoiDungID, FoodID, SoSao, NhanXet, ThoiGian) VALUES (6, 'f101_0223', 5, N'Món ăn rất ngon và hấp dẫn.', '2024-12-29 09:14:09');
INSERT INTO DanhGia (NguoiDungID, FoodID, SoSao, NhanXet, ThoiGian) VALUES (6, 'f101_0258', 4, N'Hợp khẩu vị.', '2025-01-10 09:14:09');
INSERT INTO DanhGia (NguoiDungID, FoodID, SoSao, NhanXet, ThoiGian) VALUES (6, 'f101_0242', 5, N'Món ăn rất ngon và hấp dẫn.', '2024-10-23 09:14:09');
INSERT INTO DanhGia (NguoiDungID, FoodID, SoSao, NhanXet, ThoiGian) VALUES (6, 'f101_0244', 5, N'Sẽ quay lại ăn lần nữa!', '2025-04-24 09:14:09');
INSERT INTO DanhGia (NguoiDungID, FoodID, SoSao, NhanXet, ThoiGian) VALUES (6, 'f101_0235', 3, N'Tạm ổn.', '2025-03-20 09:14:09');
INSERT INTO DanhGia (NguoiDungID, FoodID, SoSao, NhanXet, ThoiGian) VALUES (6, 'f101_0259', 4, N'Món ăn ngon.', '2024-08-13 09:14:09');
INSERT INTO DanhGia (NguoiDungID, FoodID, SoSao, NhanXet, ThoiGian) VALUES (6, 'f101_0244', 4, N'Hợp khẩu vị.', '2024-09-06 09:14:09');
INSERT INTO DanhGia (NguoiDungID, FoodID, SoSao, NhanXet, ThoiGian) VALUES (6, 'f101_0219', 2, N'Nêm nếm chưa ổn.', '2024-10-16 09:14:09');
INSERT INTO DanhGia (NguoiDungID, FoodID, SoSao, NhanXet, ThoiGian) VALUES (6, 'f101_0237', 5, N'Ngon tuyệt vời!', '2025-04-19 09:14:09');
INSERT INTO DanhGia (NguoiDungID, FoodID, SoSao, NhanXet, ThoiGian) VALUES (6, 'f101_0242', 4, N'Món ăn ngon.', '2024-11-30 09:14:09');
INSERT INTO DanhGia (NguoiDungID, FoodID, SoSao, NhanXet, ThoiGian) VALUES (6, 'f101_0219', 5, N'Món ăn rất ngon và hấp dẫn.', '2024-12-13 09:14:09');
INSERT INTO DanhGia (NguoiDungID, FoodID, SoSao, NhanXet, ThoiGian) VALUES (6, 'f101_0232', 4, N'Món ăn ngon.', '2024-11-25 09:14:09');
INSERT INTO DanhGia (NguoiDungID, FoodID, SoSao, NhanXet, ThoiGian) VALUES (6, 'f101_0235', 3, N'Tạm ổn.', '2025-03-27 09:14:09');
INSERT INTO DanhGia (NguoiDungID, FoodID, SoSao, NhanXet, ThoiGian) VALUES (6, 'f101_0211', 4, N'Món ăn ngon.', '2025-04-25 09:14:09');
INSERT INTO DanhGia (NguoiDungID, FoodID, SoSao, NhanXet, ThoiGian) VALUES (7, 'f101_0211', 4, N'Món ăn ngon.', '2025-04-18 09:14:09');
INSERT INTO DanhGia (NguoiDungID, FoodID, SoSao, NhanXet, ThoiGian) VALUES (7, 'f101_0214', 5, N'Món ăn rất ngon và hấp dẫn.', '2025-01-09 09:14:09');
INSERT INTO DanhGia (NguoiDungID, FoodID, SoSao, NhanXet, ThoiGian) VALUES (7, 'f101_0268', 5, N'Sẽ quay lại ăn lần nữa!', '2025-01-10 09:14:09');
INSERT INTO DanhGia (NguoiDungID, FoodID, SoSao, NhanXet, ThoiGian) VALUES (7, 'f101_0253', 4, N'Hợp khẩu vị.', '2024-12-24 09:14:09');
INSERT INTO DanhGia (NguoiDungID, FoodID, SoSao, NhanXet, ThoiGian) VALUES (7, 'f101_0235', 2, N'Nêm nếm chưa ổn.', '2025-05-11 09:14:09');
INSERT INTO DanhGia (NguoiDungID, FoodID, SoSao, NhanXet, ThoiGian) VALUES (7, 'f101_0259', 4, N'Món ăn ngon.', '2025-03-18 09:14:09');
INSERT INTO DanhGia (NguoiDungID, FoodID, SoSao, NhanXet, ThoiGian) VALUES (7, 'f101_0211', 5, N'Ngon tuyệt vời!', '2024-12-24 09:14:09');
INSERT INTO DanhGia (NguoiDungID, FoodID, SoSao, NhanXet, ThoiGian) VALUES (7, 'f101_0253', 5, N'Sẽ quay lại ăn lần nữa!', '2024-10-12 09:14:09');
INSERT INTO DanhGia (NguoiDungID, FoodID, SoSao, NhanXet, ThoiGian) VALUES (7, 'f101_0216', 2, N'Nêm nếm chưa ổn.', '2024-06-08 09:14:09');
INSERT INTO DanhGia (NguoiDungID, FoodID, SoSao, NhanXet, ThoiGian) VALUES (7, 'f101_0219', 4, N'Hợp khẩu vị.', '2024-10-07 09:14:09');
INSERT INTO DanhGia (NguoiDungID, FoodID, SoSao, NhanXet, ThoiGian) VALUES (7, 'f101_0259', 4, N'Khá ưng ý.', '2024-08-09 09:14:09');
INSERT INTO DanhGia (NguoiDungID, FoodID, SoSao, NhanXet, ThoiGian) VALUES (7, 'f101_0211', 4, N'Món ăn ngon.', '2025-05-12 09:14:09');
INSERT INTO DanhGia (NguoiDungID, FoodID, SoSao, NhanXet, ThoiGian) VALUES (7, 'f101_0219', 5, N'Món ăn rất ngon và hấp dẫn.', '2024-07-20 09:14:09');
INSERT INTO DanhGia (NguoiDungID, FoodID, SoSao, NhanXet, ThoiGian) VALUES (7, 'f101_0246', 4, N'Khá ưng ý.', '2025-05-25 09:14:09');
INSERT INTO DanhGia (NguoiDungID, FoodID, SoSao, NhanXet, ThoiGian) VALUES (7, 'f101_0245', 4, N'Món ăn ngon.', '2024-12-01 09:14:09');
INSERT INTO DanhGia (NguoiDungID, FoodID, SoSao, NhanXet, ThoiGian) VALUES (7, 'f101_0211', 4, N'Hợp khẩu vị.', '2025-02-18 09:14:09');
INSERT INTO DanhGia (NguoiDungID, FoodID, SoSao, NhanXet, ThoiGian) VALUES (7, 'f101_0219', 5, N'Món ăn rất ngon và hấp dẫn.', '2025-03-06 09:14:09');
INSERT INTO DanhGia (NguoiDungID, FoodID, SoSao, NhanXet, ThoiGian) VALUES (7, 'f101_0259', 5, N'Sẽ quay lại ăn lần nữa!', '2025-01-02 09:14:09');
INSERT INTO DanhGia (NguoiDungID, FoodID, SoSao, NhanXet, ThoiGian) VALUES (7, 'f101_0249', 5, N'Sẽ quay lại ăn lần nữa!', '2025-01-10 09:14:09');
INSERT INTO DanhGia (NguoiDungID, FoodID, SoSao, NhanXet, ThoiGian) VALUES (7, 'f101_0232', 3, N'Bình thường, không quá đặc biệt.', '2024-06-20 09:14:09');
INSERT INTO DanhGia (NguoiDungID, FoodID, SoSao, NhanXet, ThoiGian) VALUES (7, 'f101_0236', 3, N'Tạm ổn.', '2024-11-24 09:14:09');
INSERT INTO DanhGia (NguoiDungID, FoodID, SoSao, NhanXet, ThoiGian) VALUES (7, 'f101_0232', 5, N'Món ăn rất ngon và hấp dẫn.', '2024-09-13 09:14:09');
INSERT INTO DanhGia (NguoiDungID, FoodID, SoSao, NhanXet, ThoiGian) VALUES (7, 'f101_0259', 3, N'Tạm ổn.', '2025-04-10 09:14:09');
INSERT INTO DanhGia (NguoiDungID, FoodID, SoSao, NhanXet, ThoiGian) VALUES (7, 'f101_0252', 2, N'Nêm nếm chưa ổn.', '2025-02-05 09:14:09');
INSERT INTO DanhGia (NguoiDungID, FoodID, SoSao, NhanXet, ThoiGian) VALUES (7, 'f101_0232', 5, N'Ngon tuyệt vời!', '2024-11-21 09:14:09');
INSERT INTO DanhGia (NguoiDungID, FoodID, SoSao, NhanXet, ThoiGian) VALUES (7, 'f101_0258', 4, N'Hợp khẩu vị.', '2025-01-21 09:14:09');
INSERT INTO DanhGia (NguoiDungID, FoodID, SoSao, NhanXet, ThoiGian) VALUES (7, 'f101_0221', 4, N'Món ăn ngon.', '2024-09-01 09:14:09');
INSERT INTO DanhGia (NguoiDungID, FoodID, SoSao, NhanXet, ThoiGian) VALUES (7, 'f101_0235', 4, N'Hợp khẩu vị.', '2024-11-23 09:14:09');
INSERT INTO DanhGia (NguoiDungID, FoodID, SoSao, NhanXet, ThoiGian) VALUES (7, 'f101_0226', 5, N'Ngon tuyệt vời!', '2025-02-23 09:14:09');
INSERT INTO DanhGia (NguoiDungID, FoodID, SoSao, NhanXet, ThoiGian) VALUES (7, 'f101_0235', 4, N'Món ăn ngon.', '2024-07-29 09:14:09');
INSERT INTO DanhGia (NguoiDungID, FoodID, SoSao, NhanXet, ThoiGian) VALUES (8, 'f101_0245', 5, N'Sẽ quay lại ăn lần nữa!', '2025-05-19 09:14:09');
INSERT INTO DanhGia (NguoiDungID, FoodID, SoSao, NhanXet, ThoiGian) VALUES (8, 'f101_0268', 5, N'Món ăn rất ngon và hấp dẫn.', '2025-01-24 09:14:09');
INSERT INTO DanhGia (NguoiDungID, FoodID, SoSao, NhanXet, ThoiGian) VALUES (8, 'f101_0221', 4, N'Món ăn ngon.', '2025-02-02 09:14:09');
INSERT INTO DanhGia (NguoiDungID, FoodID, SoSao, NhanXet, ThoiGian) VALUES (8, 'f101_0211', 5, N'Món ăn rất ngon và hấp dẫn.', '2025-05-06 09:14:09');
INSERT INTO DanhGia (NguoiDungID, FoodID, SoSao, NhanXet, ThoiGian) VALUES (8, 'f101_0216', 5, N'Ngon tuyệt vời!', '2024-07-28 09:14:09');
INSERT INTO DanhGia (NguoiDungID, FoodID, SoSao, NhanXet, ThoiGian) VALUES (8, 'f101_0268', 4, N'Món ăn ngon.', '2025-02-19 09:14:09');
INSERT INTO DanhGia (NguoiDungID, FoodID, SoSao, NhanXet, ThoiGian) VALUES (8, 'f101_0246', 5, N'Ngon tuyệt vời!', '2025-03-10 09:14:09');
INSERT INTO DanhGia (NguoiDungID, FoodID, SoSao, NhanXet, ThoiGian) VALUES (8, 'f101_0237', 4, N'Khá ưng ý.', '2025-05-22 09:14:09');
INSERT INTO DanhGia (NguoiDungID, FoodID, SoSao, NhanXet, ThoiGian) VALUES (8, 'f101_0216', 2, N'Nêm nếm chưa ổn.', '2025-05-15 09:14:09');
INSERT INTO DanhGia (NguoiDungID, FoodID, SoSao, NhanXet, ThoiGian) VALUES (8, 'f101_0237', 3, N'Tạm ổn.', '2025-06-07 09:14:09');
INSERT INTO DanhGia (NguoiDungID, FoodID, SoSao, NhanXet, ThoiGian) VALUES (8, 'f101_0268', 5, N'Món ăn rất ngon và hấp dẫn.', '2025-05-28 09:14:09');
INSERT INTO DanhGia (NguoiDungID, FoodID, SoSao, NhanXet, ThoiGian) VALUES (8, 'f101_0258', 3, N'Cần cải thiện chút.', '2025-02-08 09:14:09');
INSERT INTO DanhGia (NguoiDungID, FoodID, SoSao, NhanXet, ThoiGian) VALUES (8, 'f101_0246', 5, N'Sẽ quay lại ăn lần nữa!', '2025-03-08 09:14:09');
INSERT INTO DanhGia (NguoiDungID, FoodID, SoSao, NhanXet, ThoiGian) VALUES (8, 'f101_0235', 5, N'Món ăn rất ngon và hấp dẫn.', '2024-12-01 09:14:09');
INSERT INTO DanhGia (NguoiDungID, FoodID, SoSao, NhanXet, ThoiGian) VALUES (8, 'f101_0253', 5, N'Món ăn rất ngon và hấp dẫn.', '2024-10-19 09:14:09');
INSERT INTO DanhGia (NguoiDungID, FoodID, SoSao, NhanXet, ThoiGian) VALUES (8, 'f101_0252', 4, N'Hợp khẩu vị.', '2025-04-02 09:14:09');
INSERT INTO DanhGia (NguoiDungID, FoodID, SoSao, NhanXet, ThoiGian) VALUES (8, 'f101_0259', 5, N'Món ăn rất ngon và hấp dẫn.', '2025-05-01 09:14:09');
INSERT INTO DanhGia (NguoiDungID, FoodID, SoSao, NhanXet, ThoiGian) VALUES (8, 'f101_0258', 5, N'Sẽ quay lại ăn lần nữa!', '2024-07-19 09:14:09');
INSERT INTO DanhGia (NguoiDungID, FoodID, SoSao, NhanXet, ThoiGian) VALUES (8, 'f101_0223', 5, N'Ngon tuyệt vời!', '2024-06-27 09:14:09');
INSERT INTO DanhGia (NguoiDungID, FoodID, SoSao, NhanXet, ThoiGian) VALUES (8, 'f101_0232', 3, N'Tạm ổn.', '2024-09-15 09:14:09');
INSERT INTO DanhGia (NguoiDungID, FoodID, SoSao, NhanXet, ThoiGian) VALUES (8, 'f101_0249', 4, N'Khá ưng ý.', '2024-09-25 09:14:09');
INSERT INTO DanhGia (NguoiDungID, FoodID, SoSao, NhanXet, ThoiGian) VALUES (8, 'f101_0211', 2, N'Nêm nếm chưa ổn.', '2024-11-03 09:14:09');
INSERT INTO DanhGia (NguoiDungID, FoodID, SoSao, NhanXet, ThoiGian) VALUES (8, 'f101_0216', 4, N'Khá ưng ý.', '2024-06-24 09:14:09');
INSERT INTO DanhGia (NguoiDungID, FoodID, SoSao, NhanXet, ThoiGian) VALUES (8, 'f101_0268', 4, N'Hợp khẩu vị.', '2025-02-08 09:14:09');
INSERT INTO DanhGia (NguoiDungID, FoodID, SoSao, NhanXet, ThoiGian) VALUES (8, 'f101_0214', 5, N'Ngon tuyệt vời!', '2025-05-08 09:14:09');
INSERT INTO DanhGia (NguoiDungID, FoodID, SoSao, NhanXet, ThoiGian) VALUES (8, 'f101_0211', 4, N'Hợp khẩu vị.', '2024-06-30 09:14:09');
INSERT INTO DanhGia (NguoiDungID, FoodID, SoSao, NhanXet, ThoiGian) VALUES (8, 'f101_0216', 5, N'Hài lòng tuyệt đối.', '2024-07-29 09:14:09');
INSERT INTO DanhGia (NguoiDungID, FoodID, SoSao, NhanXet, ThoiGian) VALUES (8, 'f101_0223', 4, N'Hợp khẩu vị.', '2024-10-26 09:14:09');
INSERT INTO DanhGia (NguoiDungID, FoodID, SoSao, NhanXet, ThoiGian) VALUES (8, 'f101_0242', 2, N'Nêm nếm chưa ổn.', '2024-07-06 09:14:09');
INSERT INTO DanhGia (NguoiDungID, FoodID, SoSao, NhanXet, ThoiGian) VALUES (8, 'f101_0211', 3, N'Bình thường, không quá đặc biệt.', '2024-11-27 09:14:09');
INSERT INTO DanhGia (NguoiDungID, FoodID, SoSao, NhanXet, ThoiGian) VALUES (8, 'f101_0243', 5, N'Sẽ quay lại ăn lần nữa!', '2024-10-18 09:14:09');
INSERT INTO DanhGia (NguoiDungID, FoodID, SoSao, NhanXet, ThoiGian) VALUES (8, 'f101_0243', 5, N'Hài lòng tuyệt đối.', '2025-02-14 09:14:09');
INSERT INTO DanhGia (NguoiDungID, FoodID, SoSao, NhanXet, ThoiGian) VALUES (8, 'f101_0236', 3, N'Tạm ổn.', '2025-03-06 09:14:09');
INSERT INTO DanhGia (NguoiDungID, FoodID, SoSao, NhanXet, ThoiGian) VALUES (8, 'f101_0236', 4, N'Món ăn ngon.', '2025-05-15 09:14:09');
INSERT INTO DanhGia (NguoiDungID, FoodID, SoSao, NhanXet, ThoiGian) VALUES (8, 'f101_0253', 5, N'Món ăn rất ngon và hấp dẫn.', '2024-07-17 09:14:09');
INSERT INTO DanhGia (NguoiDungID, FoodID, SoSao, NhanXet, ThoiGian) VALUES (8, 'f101_0221', 5, N'Hài lòng tuyệt đối.', '2024-08-24 09:14:09');
INSERT INTO DanhGia (NguoiDungID, FoodID, SoSao, NhanXet, ThoiGian) VALUES (8, 'f101_0216', 3, N'Bình thường, không quá đặc biệt.', '2025-05-27 09:14:09');
INSERT INTO DanhGia (NguoiDungID, FoodID, SoSao, NhanXet, ThoiGian) VALUES (8, 'f101_0214', 5, N'Hài lòng tuyệt đối.', '2025-02-24 09:14:09');
INSERT INTO DanhGia (NguoiDungID, FoodID, SoSao, NhanXet, ThoiGian) VALUES (9, 'f101_0253', 4, N'Món ăn ngon.', '2025-03-05 09:14:09');
INSERT INTO DanhGia (NguoiDungID, FoodID, SoSao, NhanXet, ThoiGian) VALUES (9, 'f101_0244', 5, N'Hài lòng tuyệt đối.', '2025-02-01 09:14:09');
INSERT INTO DanhGia (NguoiDungID, FoodID, SoSao, NhanXet, ThoiGian) VALUES (9, 'f101_0242', 4, N'Khá ưng ý.', '2025-02-01 09:14:09');
INSERT INTO DanhGia (NguoiDungID, FoodID, SoSao, NhanXet, ThoiGian) VALUES (9, 'f101_0221', 3, N'Cần cải thiện chút.', '2024-11-14 09:14:09');
INSERT INTO DanhGia (NguoiDungID, FoodID, SoSao, NhanXet, ThoiGian) VALUES (9, 'f101_0216', 5, N'Món ăn rất ngon và hấp dẫn.', '2024-12-07 09:14:09');
INSERT INTO DanhGia (NguoiDungID, FoodID, SoSao, NhanXet, ThoiGian) VALUES (9, 'f101_0259', 4, N'Món ăn ngon.', '2024-08-01 09:14:09');
INSERT INTO DanhGia (NguoiDungID, FoodID, SoSao, NhanXet, ThoiGian) VALUES (9, 'f101_0252', 5, N'Món ăn rất ngon và hấp dẫn.', '2025-01-17 09:14:09');
INSERT INTO DanhGia (NguoiDungID, FoodID, SoSao, NhanXet, ThoiGian) VALUES (9, 'f101_0236', 5, N'Ngon tuyệt vời!', '2025-05-02 09:14:09');
INSERT INTO DanhGia (NguoiDungID, FoodID, SoSao, NhanXet, ThoiGian) VALUES (9, 'f101_0214', 2, N'Nêm nếm chưa ổn.', '2024-08-30 09:14:09');
INSERT INTO DanhGia (NguoiDungID, FoodID, SoSao, NhanXet, ThoiGian) VALUES (9, 'f101_0253', 4, N'Món ăn ngon.', '2024-07-01 09:14:09');
INSERT INTO DanhGia (NguoiDungID, FoodID, SoSao, NhanXet, ThoiGian) VALUES (9, 'f101_0216', 5, N'Sẽ quay lại ăn lần nữa!', '2024-09-26 09:14:09');
INSERT INTO DanhGia (NguoiDungID, FoodID, SoSao, NhanXet, ThoiGian) VALUES (9, 'f101_0211', 4, N'Khá ưng ý.', '2025-03-20 09:14:09');
INSERT INTO DanhGia (NguoiDungID, FoodID, SoSao, NhanXet, ThoiGian) VALUES (9, 'f101_0240', 3, N'Bình thường, không quá đặc biệt.', '2024-07-04 09:14:09');
INSERT INTO DanhGia (NguoiDungID, FoodID, SoSao, NhanXet, ThoiGian) VALUES (9, 'f101_0221', 5, N'Món ăn rất ngon và hấp dẫn.', '2025-04-24 09:14:09');
INSERT INTO DanhGia (NguoiDungID, FoodID, SoSao, NhanXet, ThoiGian) VALUES (9, 'f101_0242', 4, N'Khá ưng ý.', '2025-05-04 09:14:09');
INSERT INTO DanhGia (NguoiDungID, FoodID, SoSao, NhanXet, ThoiGian) VALUES (9, 'f101_0240', 4, N'Hợp khẩu vị.', '2024-06-21 09:14:09');
INSERT INTO DanhGia (NguoiDungID, FoodID, SoSao, NhanXet, ThoiGian) VALUES (9, 'f101_0235', 2, N'Nêm nếm chưa ổn.', '2025-01-13 09:14:09');
INSERT INTO DanhGia (NguoiDungID, FoodID, SoSao, NhanXet, ThoiGian) VALUES (9, 'f101_0242', 5, N'Hài lòng tuyệt đối.', '2025-04-28 09:14:09');
INSERT INTO DanhGia (NguoiDungID, FoodID, SoSao, NhanXet, ThoiGian) VALUES (9, 'f101_0235', 5, N'Hài lòng tuyệt đối.', '2024-08-15 09:14:09');
INSERT INTO DanhGia (NguoiDungID, FoodID, SoSao, NhanXet, ThoiGian) VALUES (9, 'f101_0232', 4, N'Khá ưng ý.', '2024-09-17 09:14:09');
INSERT INTO DanhGia (NguoiDungID, FoodID, SoSao, NhanXet, ThoiGian) VALUES (9, 'f101_0252', 5, N'Sẽ quay lại ăn lần nữa!', '2025-02-21 09:14:09');
INSERT INTO DanhGia (NguoiDungID, FoodID, SoSao, NhanXet, ThoiGian) VALUES (9, 'f101_0244', 2, N'Nêm nếm chưa ổn.', '2025-04-18 09:14:09');
INSERT INTO DanhGia (NguoiDungID, FoodID, SoSao, NhanXet, ThoiGian) VALUES (9, 'f101_0252', 2, N'Nêm nếm chưa ổn.', '2024-07-25 09:14:09');
INSERT INTO DanhGia (NguoiDungID, FoodID, SoSao, NhanXet, ThoiGian) VALUES (9, 'f101_0252', 5, N'Hài lòng tuyệt đối.', '2024-08-31 09:14:09');
INSERT INTO DanhGia (NguoiDungID, FoodID, SoSao, NhanXet, ThoiGian) VALUES (9, 'f101_0211', 4, N'Hợp khẩu vị.', '2024-07-10 09:14:09');
INSERT INTO DanhGia (NguoiDungID, FoodID, SoSao, NhanXet, ThoiGian) VALUES (9, 'f101_0226', 5, N'Hài lòng tuyệt đối.', '2025-02-11 09:14:09');
INSERT INTO DanhGia (NguoiDungID, FoodID, SoSao, NhanXet, ThoiGian) VALUES (9, 'f101_0268', 5, N'Sẽ quay lại ăn lần nữa!', '2024-08-30 09:14:09');
INSERT INTO DanhGia (NguoiDungID, FoodID, SoSao, NhanXet, ThoiGian) VALUES (9, 'f101_0223', 3, N'Bình thường, không quá đặc biệt.', '2025-04-20 09:14:09');
INSERT INTO DanhGia (NguoiDungID, FoodID, SoSao, NhanXet, ThoiGian) VALUES (9, 'f101_0226', 5, N'Hài lòng tuyệt đối.', '2025-01-25 09:14:09');
INSERT INTO DanhGia (NguoiDungID, FoodID, SoSao, NhanXet, ThoiGian) VALUES (9, 'f101_0237', 5, N'Sẽ quay lại ăn lần nữa!', '2024-11-27 09:14:09');
INSERT INTO DanhGia (NguoiDungID, FoodID, SoSao, NhanXet, ThoiGian) VALUES (9, 'f101_0237', 5, N'Món ăn rất ngon và hấp dẫn.', '2025-05-05 09:14:09');
INSERT INTO DanhGia (NguoiDungID, FoodID, SoSao, NhanXet, ThoiGian) VALUES (9, 'f101_0236', 3, N'Tạm ổn.', '2025-05-08 09:14:09');
INSERT INTO DanhGia (NguoiDungID, FoodID, SoSao, NhanXet, ThoiGian) VALUES (9, 'f101_0236', 5, N'Sẽ quay lại ăn lần nữa!', '2025-01-21 09:14:09');
INSERT INTO DanhGia (NguoiDungID, FoodID, SoSao, NhanXet, ThoiGian) VALUES (9, 'f101_0221', 4, N'Món ăn ngon.', '2024-11-15 09:14:09');
INSERT INTO DanhGia (NguoiDungID, FoodID, SoSao, NhanXet, ThoiGian) VALUES (9, 'f101_0237', 1, N'Rất tệ, không ngon.', '2024-06-20 09:14:09');
INSERT INTO DanhGia (NguoiDungID, FoodID, SoSao, NhanXet, ThoiGian) VALUES (10, 'f101_0216', 2, N'Không hợp khẩu vị.', '2025-01-25 09:14:09');
INSERT INTO DanhGia (NguoiDungID, FoodID, SoSao, NhanXet, ThoiGian) VALUES (10, 'f101_0246', 4, N'Hợp khẩu vị.', '2024-07-07 09:14:09');
INSERT INTO DanhGia (NguoiDungID, FoodID, SoSao, NhanXet, ThoiGian) VALUES (10, 'f101_0259', 4, N'Khá ưng ý.', '2024-06-10 09:14:09');
INSERT INTO DanhGia (NguoiDungID, FoodID, SoSao, NhanXet, ThoiGian) VALUES (10, 'f101_0211', 3, N'Cần cải thiện chút.', '2025-05-18 09:14:09');
INSERT INTO DanhGia (NguoiDungID, FoodID, SoSao, NhanXet, ThoiGian) VALUES (10, 'f101_0253', 5, N'Ngon tuyệt vời!', '2024-12-19 09:14:09');
INSERT INTO DanhGia (NguoiDungID, FoodID, SoSao, NhanXet, ThoiGian) VALUES (10, 'f101_0259', 4, N'Món ăn ngon.', '2025-04-06 09:14:09');
INSERT INTO DanhGia (NguoiDungID, FoodID, SoSao, NhanXet, ThoiGian) VALUES (10, 'f101_0253', 4, N'Món ăn ngon.', '2024-08-20 09:14:09');
INSERT INTO DanhGia (NguoiDungID, FoodID, SoSao, NhanXet, ThoiGian) VALUES (10, 'f101_0221', 5, N'Sẽ quay lại ăn lần nữa!', '2024-11-10 09:14:09');
INSERT INTO DanhGia (NguoiDungID, FoodID, SoSao, NhanXet, ThoiGian) VALUES (10, 'f101_0226', 3, N'Cần cải thiện chút.', '2025-04-03 09:14:09');
INSERT INTO DanhGia (NguoiDungID, FoodID, SoSao, NhanXet, ThoiGian) VALUES (10, 'f101_0219', 2, N'Nêm nếm chưa ổn.', '2025-03-16 09:14:09');
INSERT INTO DanhGia (NguoiDungID, FoodID, SoSao, NhanXet, ThoiGian) VALUES (10, 'f101_0219', 4, N'Món ăn ngon.', '2025-01-02 09:14:09');
INSERT INTO DanhGia (NguoiDungID, FoodID, SoSao, NhanXet, ThoiGian) VALUES (10, 'f101_0242', 4, N'Món ăn ngon.', '2025-03-07 09:14:09');
INSERT INTO DanhGia (NguoiDungID, FoodID, SoSao, NhanXet, ThoiGian) VALUES (10, 'f101_0258', 4, N'Khá ưng ý.', '2024-12-12 09:14:09');
INSERT INTO DanhGia (NguoiDungID, FoodID, SoSao, NhanXet, ThoiGian) VALUES (10, 'f101_0221', 1, N'Không đáng thử.', '2024-11-01 09:14:09');
INSERT INTO DanhGia (NguoiDungID, FoodID, SoSao, NhanXet, ThoiGian) VALUES (10, 'f101_0219', 4, N'Món ăn ngon.', '2025-05-20 09:14:09');
INSERT INTO DanhGia (NguoiDungID, FoodID, SoSao, NhanXet, ThoiGian) VALUES (10, 'f101_0240', 5, N'Ngon tuyệt vời!', '2024-10-20 09:14:09');
INSERT INTO DanhGia (NguoiDungID, FoodID, SoSao, NhanXet, ThoiGian) VALUES (10, 'f101_0237', 4, N'Hợp khẩu vị.', '2024-11-02 09:14:09');
INSERT INTO DanhGia (NguoiDungID, FoodID, SoSao, NhanXet, ThoiGian) VALUES (10, 'f101_0242', 3, N'Tạm ổn.', '2025-02-25 09:14:09');
INSERT INTO DanhGia (NguoiDungID, FoodID, SoSao, NhanXet, ThoiGian) VALUES (10, 'f101_0221', 5, N'Hài lòng tuyệt đối.', '2025-05-18 09:14:09');
INSERT INTO DanhGia (NguoiDungID, FoodID, SoSao, NhanXet, ThoiGian) VALUES (10, 'f101_0232', 4, N'Hợp khẩu vị.', '2025-05-13 09:14:09');
INSERT INTO DanhGia (NguoiDungID, FoodID, SoSao, NhanXet, ThoiGian) VALUES (10, 'f101_0219', 5, N'Ngon tuyệt vời!', '2024-08-29 09:14:09');
INSERT INTO DanhGia (NguoiDungID, FoodID, SoSao, NhanXet, ThoiGian) VALUES (10, 'f101_0211', 5, N'Ngon tuyệt vời!', '2025-05-05 09:14:09');
INSERT INTO DanhGia (NguoiDungID, FoodID, SoSao, NhanXet, ThoiGian) VALUES (10, 'f101_0240', 3, N'Tạm ổn.', '2025-03-27 09:14:09');
INSERT INTO DanhGia (NguoiDungID, FoodID, SoSao, NhanXet, ThoiGian) VALUES (10, 'f101_0246', 3, N'Tạm ổn.', '2025-03-15 09:14:09');
INSERT INTO DanhGia (NguoiDungID, FoodID, SoSao, NhanXet, ThoiGian) VALUES (10, 'f101_0268', 5, N'Sẽ quay lại ăn lần nữa!', '2025-03-06 09:14:09');
INSERT INTO DanhGia (NguoiDungID, FoodID, SoSao, NhanXet, ThoiGian) VALUES (10, 'f101_0216', 5, N'Sẽ quay lại ăn lần nữa!', '2025-04-09 09:14:09');
INSERT INTO DanhGia (NguoiDungID, FoodID, SoSao, NhanXet, ThoiGian) VALUES (10, 'f101_0237', 5, N'Ngon tuyệt vời!', '2025-02-24 09:14:09');
INSERT INTO DanhGia (NguoiDungID, FoodID, SoSao, NhanXet, ThoiGian) VALUES (10, 'f101_0235', 5, N'Món ăn rất ngon và hấp dẫn.', '2025-01-17 09:14:09');
INSERT INTO DanhGia (NguoiDungID, FoodID, SoSao, NhanXet, ThoiGian) VALUES (10, 'f101_0216', 2, N'Nêm nếm chưa ổn.', '2025-05-23 09:14:09');
INSERT INTO DanhGia (NguoiDungID, FoodID, SoSao, NhanXet, ThoiGian) VALUES (10, 'f101_0237', 4, N'Khá ưng ý.', '2025-01-31 09:14:09');
INSERT INTO DanhGia (NguoiDungID, FoodID, SoSao, NhanXet, ThoiGian) VALUES (10, 'f101_0221', 4, N'Món ăn ngon.', '2024-07-22 09:14:09');
INSERT INTO DanhGia (NguoiDungID, FoodID, SoSao, NhanXet, ThoiGian) VALUES (10, 'f101_0243', 5, N'Hài lòng tuyệt đối.', '2024-12-04 09:14:09');
INSERT INTO DanhGia (NguoiDungID, FoodID, SoSao, NhanXet, ThoiGian) VALUES (10, 'f101_0246', 5, N'Sẽ quay lại ăn lần nữa!', '2025-04-08 09:14:09');
INSERT INTO DanhGia (NguoiDungID, FoodID, SoSao, NhanXet, ThoiGian) VALUES (10, 'f101_0246', 4, N'Hợp khẩu vị.', '2024-08-20 09:14:09');
INSERT INTO DanhGia (NguoiDungID, FoodID, SoSao, NhanXet, ThoiGian) VALUES (10, 'f101_0253', 3, N'Tạm ổn.', '2024-09-30 09:14:09');
INSERT INTO DanhGia (NguoiDungID, FoodID, SoSao, NhanXet, ThoiGian) VALUES (10, 'f101_0244', 4, N'Món ăn ngon.', '2024-08-25 09:14:09');
INSERT INTO DanhGia (NguoiDungID, FoodID, SoSao, NhanXet, ThoiGian) VALUES (11, 'f101_0258', 1, N'Không đáng thử.', '2025-02-23 09:14:09');
INSERT INTO DanhGia (NguoiDungID, FoodID, SoSao, NhanXet, ThoiGian) VALUES (11, 'f101_0258', 4, N'Khá ưng ý.', '2025-06-03 09:14:09');
INSERT INTO DanhGia (NguoiDungID, FoodID, SoSao, NhanXet, ThoiGian) VALUES (11, 'f101_0226', 1, N'Không đáng thử.', '2024-06-18 09:14:09');
INSERT INTO DanhGia (NguoiDungID, FoodID, SoSao, NhanXet, ThoiGian) VALUES (11, 'f101_0240', 2, N'Không hợp khẩu vị.', '2024-07-05 09:14:09');
INSERT INTO DanhGia (NguoiDungID, FoodID, SoSao, NhanXet, ThoiGian) VALUES (11, 'f101_0252', 5, N'Món ăn rất ngon và hấp dẫn.', '2024-09-05 09:14:09');
INSERT INTO DanhGia (NguoiDungID, FoodID, SoSao, NhanXet, ThoiGian) VALUES (11, 'f101_0258', 5, N'Sẽ quay lại ăn lần nữa!', '2025-05-06 09:14:09');
INSERT INTO DanhGia (NguoiDungID, FoodID, SoSao, NhanXet, ThoiGian) VALUES (11, 'f101_0268', 5, N'Sẽ quay lại ăn lần nữa!', '2024-10-02 09:14:09');
INSERT INTO DanhGia (NguoiDungID, FoodID, SoSao, NhanXet, ThoiGian) VALUES (11, 'f101_0244', 5, N'Sẽ quay lại ăn lần nữa!', '2025-02-01 09:14:09');
INSERT INTO DanhGia (NguoiDungID, FoodID, SoSao, NhanXet, ThoiGian) VALUES (11, 'f101_0214', 4, N'Khá ưng ý.', '2024-09-19 09:14:09');
INSERT INTO DanhGia (NguoiDungID, FoodID, SoSao, NhanXet, ThoiGian) VALUES (11, 'f101_0221', 2, N'Không hợp khẩu vị.', '2024-11-27 09:14:09');
INSERT INTO DanhGia (NguoiDungID, FoodID, SoSao, NhanXet, ThoiGian) VALUES (11, 'f101_0237', 3, N'Tạm ổn.', '2024-10-29 09:14:09');
INSERT INTO DanhGia (NguoiDungID, FoodID, SoSao, NhanXet, ThoiGian) VALUES (11, 'f101_0268', 4, N'Khá ưng ý.', '2024-09-29 09:14:09');
INSERT INTO DanhGia (NguoiDungID, FoodID, SoSao, NhanXet, ThoiGian) VALUES (11, 'f101_0214', 5, N'Món ăn rất ngon và hấp dẫn.', '2024-11-21 09:14:09');
INSERT INTO DanhGia (NguoiDungID, FoodID, SoSao, NhanXet, ThoiGian) VALUES (11, 'f101_0240', 3, N'Bình thường, không quá đặc biệt.', '2024-12-15 09:14:09');
INSERT INTO DanhGia (NguoiDungID, FoodID, SoSao, NhanXet, ThoiGian) VALUES (11, 'f101_0221', 4, N'Khá ưng ý.', '2025-05-19 09:14:09');
INSERT INTO DanhGia (NguoiDungID, FoodID, SoSao, NhanXet, ThoiGian) VALUES (11, 'f101_0219', 4, N'Hợp khẩu vị.', '2025-03-04 09:14:09');
INSERT INTO DanhGia (NguoiDungID, FoodID, SoSao, NhanXet, ThoiGian) VALUES (11, 'f101_0242', 4, N'Hợp khẩu vị.', '2024-12-01 09:14:09');
INSERT INTO DanhGia (NguoiDungID, FoodID, SoSao, NhanXet, ThoiGian) VALUES (11, 'f101_0246', 5, N'Ngon tuyệt vời!', '2024-11-29 09:14:09');
INSERT INTO DanhGia (NguoiDungID, FoodID, SoSao, NhanXet, ThoiGian) VALUES (11, 'f101_0252', 3, N'Bình thường, không quá đặc biệt.', '2025-03-29 09:14:09');
INSERT INTO DanhGia (NguoiDungID, FoodID, SoSao, NhanXet, ThoiGian) VALUES (11, 'f101_0236', 5, N'Ngon tuyệt vời!', '2024-10-25 09:14:09');
INSERT INTO DanhGia (NguoiDungID, FoodID, SoSao, NhanXet, ThoiGian) VALUES (11, 'f101_0246', 4, N'Khá ưng ý.', '2024-09-04 09:14:09');
INSERT INTO DanhGia (NguoiDungID, FoodID, SoSao, NhanXet, ThoiGian) VALUES (11, 'f101_0237', 4, N'Khá ưng ý.', '2024-08-24 09:14:09');
INSERT INTO DanhGia (NguoiDungID, FoodID, SoSao, NhanXet, ThoiGian) VALUES (11, 'f101_0223', 5, N'Hài lòng tuyệt đối.', '2024-09-08 09:14:09');
INSERT INTO DanhGia (NguoiDungID, FoodID, SoSao, NhanXet, ThoiGian) VALUES (11, 'f101_0221', 3, N'Cần cải thiện chút.', '2025-03-01 09:14:09');
INSERT INTO DanhGia (NguoiDungID, FoodID, SoSao, NhanXet, ThoiGian) VALUES (11, 'f101_0258', 4, N'Khá ưng ý.', '2024-06-30 09:14:09');
INSERT INTO DanhGia (NguoiDungID, FoodID, SoSao, NhanXet, ThoiGian) VALUES (11, 'f101_0223', 5, N'Hài lòng tuyệt đối.', '2024-12-15 09:14:09');
INSERT INTO DanhGia (NguoiDungID, FoodID, SoSao, NhanXet, ThoiGian) VALUES (11, 'f101_0246', 3, N'Cần cải thiện chút.', '2024-09-09 09:14:09');
INSERT INTO DanhGia (NguoiDungID, FoodID, SoSao, NhanXet, ThoiGian) VALUES (11, 'f101_0236', 2, N'Không hợp khẩu vị.', '2025-05-16 09:14:09');
INSERT INTO DanhGia (NguoiDungID, FoodID, SoSao, NhanXet, ThoiGian) VALUES (11, 'f101_0236', 2, N'Nêm nếm chưa ổn.', '2024-07-26 09:14:09');
INSERT INTO DanhGia (NguoiDungID, FoodID, SoSao, NhanXet, ThoiGian) VALUES (11, 'f101_0223', 1, N'Không đáng thử.', '2024-12-04 09:14:09');
INSERT INTO DanhGia (NguoiDungID, FoodID, SoSao, NhanXet, ThoiGian) VALUES (11, 'f101_0235', 4, N'Món ăn ngon.', '2024-10-22 09:14:09');
INSERT INTO DanhGia (NguoiDungID, FoodID, SoSao, NhanXet, ThoiGian) VALUES (11, 'f101_0245', 5, N'Món ăn rất ngon và hấp dẫn.', '2025-03-16 09:14:09');
INSERT INTO DanhGia (NguoiDungID, FoodID, SoSao, NhanXet, ThoiGian) VALUES (11, 'f101_0240', 5, N'Ngon tuyệt vời!', '2025-03-01 09:14:09');
INSERT INTO DanhGia (NguoiDungID, FoodID, SoSao, NhanXet, ThoiGian) VALUES (12, 'f101_0216', 5, N'Ngon tuyệt vời!', '2024-06-13 09:14:09');
INSERT INTO DanhGia (NguoiDungID, FoodID, SoSao, NhanXet, ThoiGian) VALUES (12, 'f101_0249', 5, N'Ngon tuyệt vời!', '2024-10-27 09:14:09');
INSERT INTO DanhGia (NguoiDungID, FoodID, SoSao, NhanXet, ThoiGian) VALUES (12, 'f101_0214', 4, N'Món ăn ngon.', '2024-12-07 09:14:09');
INSERT INTO DanhGia (NguoiDungID, FoodID, SoSao, NhanXet, ThoiGian) VALUES (12, 'f101_0237', 2, N'Không hợp khẩu vị.', '2024-11-25 09:14:09');
INSERT INTO DanhGia (NguoiDungID, FoodID, SoSao, NhanXet, ThoiGian) VALUES (12, 'f101_0242', 2, N'Không hợp khẩu vị.', '2024-12-29 09:14:09');
INSERT INTO DanhGia (NguoiDungID, FoodID, SoSao, NhanXet, ThoiGian) VALUES (12, 'f101_0236', 5, N'Món ăn rất ngon và hấp dẫn.', '2024-10-16 09:14:09');
INSERT INTO DanhGia (NguoiDungID, FoodID, SoSao, NhanXet, ThoiGian) VALUES (12, 'f101_0244', 4, N'Hợp khẩu vị.', '2025-02-23 09:14:09');
INSERT INTO DanhGia (NguoiDungID, FoodID, SoSao, NhanXet, ThoiGian) VALUES (12, 'f101_0237', 2, N'Nêm nếm chưa ổn.', '2024-08-04 09:14:09');
INSERT INTO DanhGia (NguoiDungID, FoodID, SoSao, NhanXet, ThoiGian) VALUES (12, 'f101_0236', 4, N'Hợp khẩu vị.', '2024-09-23 09:14:09');
INSERT INTO DanhGia (NguoiDungID, FoodID, SoSao, NhanXet, ThoiGian) VALUES (12, 'f101_0242', 3, N'Cần cải thiện chút.', '2024-11-20 09:14:09');
INSERT INTO DanhGia (NguoiDungID, FoodID, SoSao, NhanXet, ThoiGian) VALUES (12, 'f101_0216', 5, N'Món ăn rất ngon và hấp dẫn.', '2024-10-01 09:14:09');
INSERT INTO DanhGia (NguoiDungID, FoodID, SoSao, NhanXet, ThoiGian) VALUES (12, 'f101_0244', 3, N'Bình thường, không quá đặc biệt.', '2024-12-10 09:14:09');
INSERT INTO DanhGia (NguoiDungID, FoodID, SoSao, NhanXet, ThoiGian) VALUES (12, 'f101_0258', 4, N'Món ăn ngon.', '2024-09-08 09:14:09');
INSERT INTO DanhGia (NguoiDungID, FoodID, SoSao, NhanXet, ThoiGian) VALUES (12, 'f101_0235', 4, N'Món ăn ngon.', '2024-10-01 09:14:09');
INSERT INTO DanhGia (NguoiDungID, FoodID, SoSao, NhanXet, ThoiGian) VALUES (12, 'f101_0249', 4, N'Khá ưng ý.', '2025-03-29 09:14:09');
INSERT INTO DanhGia (NguoiDungID, FoodID, SoSao, NhanXet, ThoiGian) VALUES (12, 'f101_0249', 4, N'Món ăn ngon.', '2024-11-15 09:14:09');
INSERT INTO DanhGia (NguoiDungID, FoodID, SoSao, NhanXet, ThoiGian) VALUES (12, 'f101_0268', 5, N'Sẽ quay lại ăn lần nữa!', '2025-03-03 09:14:09');
INSERT INTO DanhGia (NguoiDungID, FoodID, SoSao, NhanXet, ThoiGian) VALUES (12, 'f101_0211', 4, N'Món ăn ngon.', '2025-02-09 09:14:09');
INSERT INTO DanhGia (NguoiDungID, FoodID, SoSao, NhanXet, ThoiGian) VALUES (12, 'f101_0244', 5, N'Món ăn rất ngon và hấp dẫn.', '2024-11-15 09:14:09');
INSERT INTO DanhGia (NguoiDungID, FoodID, SoSao, NhanXet, ThoiGian) VALUES (12, 'f101_0221', 5, N'Món ăn rất ngon và hấp dẫn.', '2024-07-03 09:14:09');
INSERT INTO DanhGia (NguoiDungID, FoodID, SoSao, NhanXet, ThoiGian) VALUES (12, 'f101_0245', 5, N'Sẽ quay lại ăn lần nữa!', '2024-11-09 09:14:09');
INSERT INTO DanhGia (NguoiDungID, FoodID, SoSao, NhanXet, ThoiGian) VALUES (12, 'f101_0243', 4, N'Hợp khẩu vị.', '2024-11-10 09:14:09');
INSERT INTO DanhGia (NguoiDungID, FoodID, SoSao, NhanXet, ThoiGian) VALUES (12, 'f101_0249', 4, N'Hợp khẩu vị.', '2024-07-12 09:14:09');
INSERT INTO DanhGia (NguoiDungID, FoodID, SoSao, NhanXet, ThoiGian) VALUES (12, 'f101_0259', 5, N'Ngon tuyệt vời!', '2024-09-06 09:14:09');
INSERT INTO DanhGia (NguoiDungID, FoodID, SoSao, NhanXet, ThoiGian) VALUES (12, 'f101_0259', 5, N'Ngon tuyệt vời!', '2025-03-08 09:14:09');
INSERT INTO DanhGia (NguoiDungID, FoodID, SoSao, NhanXet, ThoiGian) VALUES (12, 'f101_0236', 3, N'Tạm ổn.', '2025-03-01 09:14:09');
INSERT INTO DanhGia (NguoiDungID, FoodID, SoSao, NhanXet, ThoiGian) VALUES (12, 'f101_0252', 5, N'Ngon tuyệt vời!', '2024-08-18 09:14:09');
INSERT INTO DanhGia (NguoiDungID, FoodID, SoSao, NhanXet, ThoiGian) VALUES (12, 'f101_0216', 3, N'Bình thường, không quá đặc biệt.', '2024-07-06 09:14:09');
INSERT INTO DanhGia (NguoiDungID, FoodID, SoSao, NhanXet, ThoiGian) VALUES (12, 'f101_0244', 5, N'Hài lòng tuyệt đối.', '2024-12-30 09:14:09');
INSERT INTO DanhGia (NguoiDungID, FoodID, SoSao, NhanXet, ThoiGian) VALUES (12, 'f101_0243', 3, N'Bình thường, không quá đặc biệt.', '2025-02-22 09:14:09');
INSERT INTO DanhGia (NguoiDungID, FoodID, SoSao, NhanXet, ThoiGian) VALUES (12, 'f101_0226', 5, N'Ngon tuyệt vời!', '2025-02-20 09:14:09');
INSERT INTO DanhGia (NguoiDungID, FoodID, SoSao, NhanXet, ThoiGian) VALUES (12, 'f101_0268', 4, N'Món ăn ngon.', '2025-03-06 09:14:09');
INSERT INTO DanhGia (NguoiDungID, FoodID, SoSao, NhanXet, ThoiGian) VALUES (13, 'f101_0212', 3, N'Bình thường, không quá đặc biệt.', '2025-03-13 09:14:09');
INSERT INTO DanhGia (NguoiDungID, FoodID, SoSao, NhanXet, ThoiGian) VALUES (13, 'f101_0233', 4, N'Khá ưng ý.', '2025-01-17 09:14:09');
INSERT INTO DanhGia (NguoiDungID, FoodID, SoSao, NhanXet, ThoiGian) VALUES (13, 'f101_0228', 5, N'Hài lòng tuyệt đối.', '2025-06-04 09:14:09');
INSERT INTO DanhGia (NguoiDungID, FoodID, SoSao, NhanXet, ThoiGian) VALUES (13, 'f101_0228', 2, N'Không hợp khẩu vị.', '2024-12-04 09:14:09');
INSERT INTO DanhGia (NguoiDungID, FoodID, SoSao, NhanXet, ThoiGian) VALUES (13, 'f101_0250', 4, N'Món ăn ngon.', '2024-09-26 09:14:09');
INSERT INTO DanhGia (NguoiDungID, FoodID, SoSao, NhanXet, ThoiGian) VALUES (13, 'f101_0250', 2, N'Không hợp khẩu vị.', '2025-04-26 09:14:09');
INSERT INTO DanhGia (NguoiDungID, FoodID, SoSao, NhanXet, ThoiGian) VALUES (13, 'f101_0233', 3, N'Cần cải thiện chút.', '2024-08-08 09:14:09');
INSERT INTO DanhGia (NguoiDungID, FoodID, SoSao, NhanXet, ThoiGian) VALUES (13, 'f101_0210', 2, N'Nêm nếm chưa ổn.', '2024-06-18 09:14:09');
INSERT INTO DanhGia (NguoiDungID, FoodID, SoSao, NhanXet, ThoiGian) VALUES (13, 'f101_0228', 4, N'Hợp khẩu vị.', '2024-11-12 09:14:09');
INSERT INTO DanhGia (NguoiDungID, FoodID, SoSao, NhanXet, ThoiGian) VALUES (13, 'f101_0212', 5, N'Sẽ quay lại ăn lần nữa!', '2024-09-04 09:14:09');
INSERT INTO DanhGia (NguoiDungID, FoodID, SoSao, NhanXet, ThoiGian) VALUES (13, 'f101_0234', 4, N'Khá ưng ý.', '2024-10-02 09:14:09');
INSERT INTO DanhGia (NguoiDungID, FoodID, SoSao, NhanXet, ThoiGian) VALUES (13, 'f101_0228', 5, N'Hài lòng tuyệt đối.', '2024-12-09 09:14:09');
INSERT INTO DanhGia (NguoiDungID, FoodID, SoSao, NhanXet, ThoiGian) VALUES (13, 'f101_0212', 1, N'Không đáng thử.', '2025-02-02 09:14:09');
INSERT INTO DanhGia (NguoiDungID, FoodID, SoSao, NhanXet, ThoiGian) VALUES (13, 'f101_0212', 2, N'Không hợp khẩu vị.', '2024-10-24 09:14:09');
INSERT INTO DanhGia (NguoiDungID, FoodID, SoSao, NhanXet, ThoiGian) VALUES (13, 'f101_0213', 2, N'Nêm nếm chưa ổn.', '2025-06-04 09:14:09');
INSERT INTO DanhGia (NguoiDungID, FoodID, SoSao, NhanXet, ThoiGian) VALUES (13, 'f101_0212', 1, N'Không đáng thử.', '2024-11-18 09:14:09');
INSERT INTO DanhGia (NguoiDungID, FoodID, SoSao, NhanXet, ThoiGian) VALUES (13, 'f101_0228', 5, N'Sẽ quay lại ăn lần nữa!', '2024-08-18 09:14:09');
INSERT INTO DanhGia (NguoiDungID, FoodID, SoSao, NhanXet, ThoiGian) VALUES (13, 'f101_0250', 3, N'Tạm ổn.', '2025-01-13 09:14:09');
INSERT INTO DanhGia (NguoiDungID, FoodID, SoSao, NhanXet, ThoiGian) VALUES (13, 'f101_0213', 4, N'Hợp khẩu vị.', '2024-07-25 09:14:09');
INSERT INTO DanhGia (NguoiDungID, FoodID, SoSao, NhanXet, ThoiGian) VALUES (13, 'f101_0228', 4, N'Khá ưng ý.', '2025-02-04 09:14:09');
INSERT INTO DanhGia (NguoiDungID, FoodID, SoSao, NhanXet, ThoiGian) VALUES (13, 'f101_0250', 5, N'Hài lòng tuyệt đối.', '2025-01-30 09:14:09');
INSERT INTO DanhGia (NguoiDungID, FoodID, SoSao, NhanXet, ThoiGian) VALUES (13, 'f101_0250', 1, N'Rất tệ, không ngon.', '2024-10-16 09:14:09');
INSERT INTO DanhGia (NguoiDungID, FoodID, SoSao, NhanXet, ThoiGian) VALUES (13, 'f101_0212', 5, N'Hài lòng tuyệt đối.', '2025-06-04 09:14:09');
INSERT INTO DanhGia (NguoiDungID, FoodID, SoSao, NhanXet, ThoiGian) VALUES (13, 'f101_0234', 3, N'Tạm ổn.', '2024-12-12 09:14:09');
INSERT INTO DanhGia (NguoiDungID, FoodID, SoSao, NhanXet, ThoiGian) VALUES (13, 'f101_0234', 3, N'Cần cải thiện chút.', '2025-01-07 09:14:09');
INSERT INTO DanhGia (NguoiDungID, FoodID, SoSao, NhanXet, ThoiGian) VALUES (13, 'f101_0234', 5, N'Món ăn rất ngon và hấp dẫn.', '2024-08-08 09:14:09');
INSERT INTO DanhGia (NguoiDungID, FoodID, SoSao, NhanXet, ThoiGian) VALUES (13, 'f101_0212', 4, N'Hợp khẩu vị.', '2025-01-08 09:14:09');
INSERT INTO DanhGia (NguoiDungID, FoodID, SoSao, NhanXet, ThoiGian) VALUES (13, 'f101_0234', 5, N'Món ăn rất ngon và hấp dẫn.', '2025-01-07 09:14:09');
INSERT INTO DanhGia (NguoiDungID, FoodID, SoSao, NhanXet, ThoiGian) VALUES (13, 'f101_0213', 4, N'Hợp khẩu vị.', '2025-01-31 09:14:09');
INSERT INTO DanhGia (NguoiDungID, FoodID, SoSao, NhanXet, ThoiGian) VALUES (13, 'f101_0212', 4, N'Món ăn ngon.', '2024-06-25 09:14:09');
INSERT INTO DanhGia (NguoiDungID, FoodID, SoSao, NhanXet, ThoiGian) VALUES (13, 'f101_0212', 5, N'Món ăn rất ngon và hấp dẫn.', '2024-12-04 09:14:09');
INSERT INTO DanhGia (NguoiDungID, FoodID, SoSao, NhanXet, ThoiGian) VALUES (13, 'f101_0213', 5, N'Sẽ quay lại ăn lần nữa!', '2024-12-23 09:14:09');
INSERT INTO DanhGia (NguoiDungID, FoodID, SoSao, NhanXet, ThoiGian) VALUES (13, 'f101_0228', 4, N'Khá ưng ý.', '2024-09-27 09:14:09');
INSERT INTO DanhGia (NguoiDungID, FoodID, SoSao, NhanXet, ThoiGian) VALUES (13, 'f101_0213', 2, N'Nêm nếm chưa ổn.', '2025-04-11 09:14:09');
INSERT INTO DanhGia (NguoiDungID, FoodID, SoSao, NhanXet, ThoiGian) VALUES (13, 'f101_0234', 3, N'Bình thường, không quá đặc biệt.', '2025-01-08 09:14:09');
INSERT INTO DanhGia (NguoiDungID, FoodID, SoSao, NhanXet, ThoiGian) VALUES (13, 'f101_0212', 4, N'Món ăn ngon.', '2025-05-20 09:14:09');
INSERT INTO DanhGia (NguoiDungID, FoodID, SoSao, NhanXet, ThoiGian) VALUES (13, 'f101_0228', 4, N'Món ăn ngon.', '2024-06-15 09:14:09');
INSERT INTO DanhGia (NguoiDungID, FoodID, SoSao, NhanXet, ThoiGian) VALUES (13, 'f101_0234', 5, N'Hài lòng tuyệt đối.', '2024-09-16 09:14:09');
INSERT INTO DanhGia (NguoiDungID, FoodID, SoSao, NhanXet, ThoiGian) VALUES (13, 'f101_0234', 4, N'Hợp khẩu vị.', '2024-12-02 09:14:09');
INSERT INTO DanhGia (NguoiDungID, FoodID, SoSao, NhanXet, ThoiGian) VALUES (14, 'f101_0211', 5, N'Món ăn rất ngon và hấp dẫn.', '2025-04-16 09:14:09');
INSERT INTO DanhGia (NguoiDungID, FoodID, SoSao, NhanXet, ThoiGian) VALUES (14, 'f101_0235', 5, N'Sẽ quay lại ăn lần nữa!', '2024-12-19 09:14:09');
INSERT INTO DanhGia (NguoiDungID, FoodID, SoSao, NhanXet, ThoiGian) VALUES (14, 'f101_0246', 5, N'Món ăn rất ngon và hấp dẫn.', '2024-06-25 09:14:09');
INSERT INTO DanhGia (NguoiDungID, FoodID, SoSao, NhanXet, ThoiGian) VALUES (14, 'f101_0223', 3, N'Tạm ổn.', '2024-06-19 09:14:09');
INSERT INTO DanhGia (NguoiDungID, FoodID, SoSao, NhanXet, ThoiGian) VALUES (14, 'f101_0245', 4, N'Khá ưng ý.', '2024-10-04 09:14:09');
INSERT INTO DanhGia (NguoiDungID, FoodID, SoSao, NhanXet, ThoiGian) VALUES (14, 'f101_0216', 5, N'Ngon tuyệt vời!', '2024-08-30 09:14:09');
INSERT INTO DanhGia (NguoiDungID, FoodID, SoSao, NhanXet, ThoiGian) VALUES (14, 'f101_0211', 5, N'Món ăn rất ngon và hấp dẫn.', '2025-03-06 09:14:09');
INSERT INTO DanhGia (NguoiDungID, FoodID, SoSao, NhanXet, ThoiGian) VALUES (14, 'f101_0253', 5, N'Sẽ quay lại ăn lần nữa!', '2024-12-08 09:14:09');
INSERT INTO DanhGia (NguoiDungID, FoodID, SoSao, NhanXet, ThoiGian) VALUES (14, 'f101_0216', 2, N'Nêm nếm chưa ổn.', '2024-12-03 09:14:09');
INSERT INTO DanhGia (NguoiDungID, FoodID, SoSao, NhanXet, ThoiGian) VALUES (14, 'f101_0245', 4, N'Món ăn ngon.', '2024-12-28 09:14:09');
INSERT INTO DanhGia (NguoiDungID, FoodID, SoSao, NhanXet, ThoiGian) VALUES (14, 'f101_0219', 2, N'Không hợp khẩu vị.', '2025-04-13 09:14:09');
INSERT INTO DanhGia (NguoiDungID, FoodID, SoSao, NhanXet, ThoiGian) VALUES (14, 'f101_0252', 4, N'Món ăn ngon.', '2024-09-07 09:14:09');
INSERT INTO DanhGia (NguoiDungID, FoodID, SoSao, NhanXet, ThoiGian) VALUES (14, 'f101_0245', 3, N'Tạm ổn.', '2025-04-11 09:14:09');
INSERT INTO DanhGia (NguoiDungID, FoodID, SoSao, NhanXet, ThoiGian) VALUES (14, 'f101_0226', 2, N'Không hợp khẩu vị.', '2024-07-22 09:14:09');
INSERT INTO DanhGia (NguoiDungID, FoodID, SoSao, NhanXet, ThoiGian) VALUES (14, 'f101_0268', 5, N'Sẽ quay lại ăn lần nữa!', '2024-11-30 09:14:09');
INSERT INTO DanhGia (NguoiDungID, FoodID, SoSao, NhanXet, ThoiGian) VALUES (14, 'f101_0232', 4, N'Món ăn ngon.', '2025-03-07 09:14:09');
INSERT INTO DanhGia (NguoiDungID, FoodID, SoSao, NhanXet, ThoiGian) VALUES (14, 'f101_0249', 3, N'Bình thường, không quá đặc biệt.', '2024-11-10 09:14:09');
INSERT INTO DanhGia (NguoiDungID, FoodID, SoSao, NhanXet, ThoiGian) VALUES (14, 'f101_0253', 4, N'Hợp khẩu vị.', '2024-12-25 09:14:09');
INSERT INTO DanhGia (NguoiDungID, FoodID, SoSao, NhanXet, ThoiGian) VALUES (14, 'f101_0232', 3, N'Cần cải thiện chút.', '2024-09-13 09:14:09');
INSERT INTO DanhGia (NguoiDungID, FoodID, SoSao, NhanXet, ThoiGian) VALUES (14, 'f101_0240', 5, N'Sẽ quay lại ăn lần nữa!', '2024-12-14 09:14:09');
INSERT INTO DanhGia (NguoiDungID, FoodID, SoSao, NhanXet, ThoiGian) VALUES (14, 'f101_0246', 1, N'Không đáng thử.', '2025-03-20 09:14:09');
INSERT INTO DanhGia (NguoiDungID, FoodID, SoSao, NhanXet, ThoiGian) VALUES (14, 'f101_0237', 5, N'Ngon tuyệt vời!', '2024-07-11 09:14:09');
INSERT INTO DanhGia (NguoiDungID, FoodID, SoSao, NhanXet, ThoiGian) VALUES (14, 'f101_0216', 2, N'Không hợp khẩu vị.', '2024-08-14 09:14:09');
INSERT INTO DanhGia (NguoiDungID, FoodID, SoSao, NhanXet, ThoiGian) VALUES (14, 'f101_0240', 5, N'Hài lòng tuyệt đối.', '2025-04-29 09:14:09');
INSERT INTO DanhGia (NguoiDungID, FoodID, SoSao, NhanXet, ThoiGian) VALUES (14, 'f101_0232', 3, N'Cần cải thiện chút.', '2024-10-31 09:14:09');
INSERT INTO DanhGia (NguoiDungID, FoodID, SoSao, NhanXet, ThoiGian) VALUES (14, 'f101_0249', 2, N'Nêm nếm chưa ổn.', '2024-09-03 09:14:09');
INSERT INTO DanhGia (NguoiDungID, FoodID, SoSao, NhanXet, ThoiGian) VALUES (14, 'f101_0214', 4, N'Hợp khẩu vị.', '2024-07-29 09:14:09');
INSERT INTO DanhGia (NguoiDungID, FoodID, SoSao, NhanXet, ThoiGian) VALUES (14, 'f101_0237', 4, N'Hợp khẩu vị.', '2024-09-23 09:14:09');
INSERT INTO DanhGia (NguoiDungID, FoodID, SoSao, NhanXet, ThoiGian) VALUES (14, 'f101_0245', 3, N'Tạm ổn.', '2025-02-25 09:14:09');
INSERT INTO DanhGia (NguoiDungID, FoodID, SoSao, NhanXet, ThoiGian) VALUES (14, 'f101_0244', 1, N'Rất tệ, không ngon.', '2025-05-22 09:14:09');
INSERT INTO DanhGia (NguoiDungID, FoodID, SoSao, NhanXet, ThoiGian) VALUES (14, 'f101_0268', 2, N'Nêm nếm chưa ổn.', '2024-06-20 09:14:09');
INSERT INTO DanhGia (NguoiDungID, FoodID, SoSao, NhanXet, ThoiGian) VALUES (14, 'f101_0268', 4, N'Khá ưng ý.', '2024-10-08 09:14:09');
INSERT INTO DanhGia (NguoiDungID, FoodID, SoSao, NhanXet, ThoiGian) VALUES (14, 'f101_0214', 3, N'Tạm ổn.', '2024-08-23 09:14:09');
INSERT INTO DanhGia (NguoiDungID, FoodID, SoSao, NhanXet, ThoiGian) VALUES (14, 'f101_0216', 3, N'Bình thường, không quá đặc biệt.', '2025-04-10 09:14:09');
INSERT INTO DanhGia (NguoiDungID, FoodID, SoSao, NhanXet, ThoiGian) VALUES (14, 'f101_0258', 5, N'Hài lòng tuyệt đối.', '2025-03-15 09:14:09');
INSERT INTO DanhGia (NguoiDungID, FoodID, SoSao, NhanXet, ThoiGian) VALUES (14, 'f101_0226', 5, N'Ngon tuyệt vời!', '2025-03-03 09:14:09');
INSERT INTO DanhGia (NguoiDungID, FoodID, SoSao, NhanXet, ThoiGian) VALUES (14, 'f101_0259', 5, N'Sẽ quay lại ăn lần nữa!', '2024-07-07 09:14:09');
INSERT INTO DanhGia (NguoiDungID, FoodID, SoSao, NhanXet, ThoiGian) VALUES (14, 'f101_0245', 5, N'Ngon tuyệt vời!', '2025-04-03 09:14:09');
INSERT INTO DanhGia (NguoiDungID, FoodID, SoSao, NhanXet, ThoiGian) VALUES (14, 'f101_0246', 4, N'Khá ưng ý.', '2024-07-07 09:14:09');
INSERT INTO DanhGia (NguoiDungID, FoodID, SoSao, NhanXet, ThoiGian) VALUES (14, 'f101_0242', 4, N'Món ăn ngon.', '2024-09-14 09:14:09');
INSERT INTO DanhGia (NguoiDungID, FoodID, SoSao, NhanXet, ThoiGian) VALUES (15, 'f101_0237', 3, N'Cần cải thiện chút.', '2024-08-01 09:14:09');
INSERT INTO DanhGia (NguoiDungID, FoodID, SoSao, NhanXet, ThoiGian) VALUES (15, 'f101_0232', 4, N'Món ăn ngon.', '2024-09-14 09:14:09');
INSERT INTO DanhGia (NguoiDungID, FoodID, SoSao, NhanXet, ThoiGian) VALUES (15, 'f101_0240', 4, N'Hợp khẩu vị.', '2025-01-08 09:14:09');
INSERT INTO DanhGia (NguoiDungID, FoodID, SoSao, NhanXet, ThoiGian) VALUES (15, 'f101_0258', 3, N'Cần cải thiện chút.', '2025-03-29 09:14:09');
INSERT INTO DanhGia (NguoiDungID, FoodID, SoSao, NhanXet, ThoiGian) VALUES (15, 'f101_0221', 5, N'Món ăn rất ngon và hấp dẫn.', '2025-05-01 09:14:09');
INSERT INTO DanhGia (NguoiDungID, FoodID, SoSao, NhanXet, ThoiGian) VALUES (15, 'f101_0221', 4, N'Món ăn ngon.', '2025-04-18 09:14:09');
INSERT INTO DanhGia (NguoiDungID, FoodID, SoSao, NhanXet, ThoiGian) VALUES (15, 'f101_0235', 4, N'Món ăn ngon.', '2025-04-14 09:14:09');
INSERT INTO DanhGia (NguoiDungID, FoodID, SoSao, NhanXet, ThoiGian) VALUES (15, 'f101_0214', 5, N'Ngon tuyệt vời!', '2025-06-07 09:14:09');
INSERT INTO DanhGia (NguoiDungID, FoodID, SoSao, NhanXet, ThoiGian) VALUES (15, 'f101_0216', 4, N'Món ăn ngon.', '2025-05-01 09:14:09');
INSERT INTO DanhGia (NguoiDungID, FoodID, SoSao, NhanXet, ThoiGian) VALUES (15, 'f101_0243', 3, N'Tạm ổn.', '2024-10-01 09:14:09');
INSERT INTO DanhGia (NguoiDungID, FoodID, SoSao, NhanXet, ThoiGian) VALUES (15, 'f101_0244', 5, N'Hài lòng tuyệt đối.', '2025-02-10 09:14:09');
INSERT INTO DanhGia (NguoiDungID, FoodID, SoSao, NhanXet, ThoiGian) VALUES (15, 'f101_0219', 5, N'Hài lòng tuyệt đối.', '2025-01-19 09:14:09');
INSERT INTO DanhGia (NguoiDungID, FoodID, SoSao, NhanXet, ThoiGian) VALUES (15, 'f101_0245', 4, N'Món ăn ngon.', '2024-08-02 09:14:09');
INSERT INTO DanhGia (NguoiDungID, FoodID, SoSao, NhanXet, ThoiGian) VALUES (15, 'f101_0221', 5, N'Món ăn rất ngon và hấp dẫn.', '2025-02-20 09:14:09');
INSERT INTO DanhGia (NguoiDungID, FoodID, SoSao, NhanXet, ThoiGian) VALUES (15, 'f101_0214', 2, N'Không hợp khẩu vị.', '2024-09-24 09:14:09');
INSERT INTO DanhGia (NguoiDungID, FoodID, SoSao, NhanXet, ThoiGian) VALUES (15, 'f101_0242', 5, N'Sẽ quay lại ăn lần nữa!', '2024-11-18 09:14:09');
INSERT INTO DanhGia (NguoiDungID, FoodID, SoSao, NhanXet, ThoiGian) VALUES (15, 'f101_0246', 3, N'Tạm ổn.', '2025-02-02 09:14:09');
INSERT INTO DanhGia (NguoiDungID, FoodID, SoSao, NhanXet, ThoiGian) VALUES (15, 'f101_0268', 3, N'Cần cải thiện chút.', '2025-04-07 09:14:09');
INSERT INTO DanhGia (NguoiDungID, FoodID, SoSao, NhanXet, ThoiGian) VALUES (15, 'f101_0246', 4, N'Khá ưng ý.', '2024-10-28 09:14:09');
INSERT INTO DanhGia (NguoiDungID, FoodID, SoSao, NhanXet, ThoiGian) VALUES (15, 'f101_0216', 2, N'Không hợp khẩu vị.', '2025-05-09 09:14:09');
INSERT INTO DanhGia (NguoiDungID, FoodID, SoSao, NhanXet, ThoiGian) VALUES (15, 'f101_0245', 5, N'Món ăn rất ngon và hấp dẫn.', '2024-07-27 09:14:09');
INSERT INTO DanhGia (NguoiDungID, FoodID, SoSao, NhanXet, ThoiGian) VALUES (15, 'f101_0236', 3, N'Tạm ổn.', '2025-01-14 09:14:09');
INSERT INTO DanhGia (NguoiDungID, FoodID, SoSao, NhanXet, ThoiGian) VALUES (15, 'f101_0235', 1, N'Không đáng thử.', '2024-10-30 09:14:09');
INSERT INTO DanhGia (NguoiDungID, FoodID, SoSao, NhanXet, ThoiGian) VALUES (15, 'f101_0211', 4, N'Hợp khẩu vị.', '2025-03-25 09:14:09');
INSERT INTO DanhGia (NguoiDungID, FoodID, SoSao, NhanXet, ThoiGian) VALUES (15, 'f101_0236', 4, N'Hợp khẩu vị.', '2024-07-31 09:14:09');
INSERT INTO DanhGia (NguoiDungID, FoodID, SoSao, NhanXet, ThoiGian) VALUES (15, 'f101_0223', 4, N'Hợp khẩu vị.', '2025-02-11 09:14:09');
INSERT INTO DanhGia (NguoiDungID, FoodID, SoSao, NhanXet, ThoiGian) VALUES (15, 'f101_0219', 5, N'Ngon tuyệt vời!', '2025-02-18 09:14:09');
INSERT INTO DanhGia (NguoiDungID, FoodID, SoSao, NhanXet, ThoiGian) VALUES (15, 'f101_0245', 5, N'Ngon tuyệt vời!', '2025-04-07 09:14:09');
INSERT INTO DanhGia (NguoiDungID, FoodID, SoSao, NhanXet, ThoiGian) VALUES (15, 'f101_0235', 4, N'Hợp khẩu vị.', '2025-02-03 09:14:09');
INSERT INTO DanhGia (NguoiDungID, FoodID, SoSao, NhanXet, ThoiGian) VALUES (15, 'f101_0245', 5, N'Ngon tuyệt vời!', '2024-09-03 09:14:09');
INSERT INTO DanhGia (NguoiDungID, FoodID, SoSao, NhanXet, ThoiGian) VALUES (15, 'f101_0249', 4, N'Món ăn ngon.', '2024-09-24 09:14:09');
INSERT INTO DanhGia (NguoiDungID, FoodID, SoSao, NhanXet, ThoiGian) VALUES (15, 'f101_0216', 2, N'Không hợp khẩu vị.', '2024-10-19 09:14:09');
INSERT INTO DanhGia (NguoiDungID, FoodID, SoSao, NhanXet, ThoiGian) VALUES (15, 'f101_0232', 5, N'Ngon tuyệt vời!', '2024-09-13 09:14:09');
INSERT INTO DanhGia (NguoiDungID, FoodID, SoSao, NhanXet, ThoiGian) VALUES (15, 'f101_0258', 4, N'Món ăn ngon.', '2025-02-17 09:14:09');
INSERT INTO DanhGia (NguoiDungID, FoodID, SoSao, NhanXet, ThoiGian) VALUES (15, 'f101_0242', 5, N'Món ăn rất ngon và hấp dẫn.', '2024-12-28 09:14:09');
INSERT INTO DanhGia (NguoiDungID, FoodID, SoSao, NhanXet, ThoiGian) VALUES (16, 'f101_0226', 5, N'Ngon tuyệt vời!', '2025-05-10 09:14:09');
INSERT INTO DanhGia (NguoiDungID, FoodID, SoSao, NhanXet, ThoiGian) VALUES (16, 'f101_0221', 4, N'Món ăn ngon.', '2025-06-08 09:14:09');
INSERT INTO DanhGia (NguoiDungID, FoodID, SoSao, NhanXet, ThoiGian) VALUES (16, 'f101_0258', 5, N'Sẽ quay lại ăn lần nữa!', '2024-08-18 09:14:09');
INSERT INTO DanhGia (NguoiDungID, FoodID, SoSao, NhanXet, ThoiGian) VALUES (16, 'f101_0237', 4, N'Món ăn ngon.', '2024-07-11 09:14:09');
INSERT INTO DanhGia (NguoiDungID, FoodID, SoSao, NhanXet, ThoiGian) VALUES (16, 'f101_0216', 4, N'Món ăn ngon.', '2025-05-14 09:14:09');
INSERT INTO DanhGia (NguoiDungID, FoodID, SoSao, NhanXet, ThoiGian) VALUES (16, 'f101_0253', 2, N'Nêm nếm chưa ổn.', '2024-07-15 09:14:09');
INSERT INTO DanhGia (NguoiDungID, FoodID, SoSao, NhanXet, ThoiGian) VALUES (16, 'f101_0216', 4, N'Khá ưng ý.', '2025-04-30 09:14:09');
INSERT INTO DanhGia (NguoiDungID, FoodID, SoSao, NhanXet, ThoiGian) VALUES (16, 'f101_0243', 2, N'Không hợp khẩu vị.', '2025-02-09 09:14:09');
INSERT INTO DanhGia (NguoiDungID, FoodID, SoSao, NhanXet, ThoiGian) VALUES (16, 'f101_0237', 4, N'Khá ưng ý.', '2025-02-01 09:14:09');
INSERT INTO DanhGia (NguoiDungID, FoodID, SoSao, NhanXet, ThoiGian) VALUES (16, 'f101_0242', 1, N'Không đáng thử.', '2024-08-13 09:14:09');
INSERT INTO DanhGia (NguoiDungID, FoodID, SoSao, NhanXet, ThoiGian) VALUES (16, 'f101_0236', 1, N'Rất tệ, không ngon.', '2024-07-09 09:14:09');
INSERT INTO DanhGia (NguoiDungID, FoodID, SoSao, NhanXet, ThoiGian) VALUES (16, 'f101_0232', 5, N'Hài lòng tuyệt đối.', '2024-11-19 09:14:09');
INSERT INTO DanhGia (NguoiDungID, FoodID, SoSao, NhanXet, ThoiGian) VALUES (16, 'f101_0235', 3, N'Bình thường, không quá đặc biệt.', '2025-02-12 09:14:09');
INSERT INTO DanhGia (NguoiDungID, FoodID, SoSao, NhanXet, ThoiGian) VALUES (16, 'f101_0253', 5, N'Sẽ quay lại ăn lần nữa!', '2025-04-21 09:14:09');
INSERT INTO DanhGia (NguoiDungID, FoodID, SoSao, NhanXet, ThoiGian) VALUES (16, 'f101_0246', 5, N'Món ăn rất ngon và hấp dẫn.', '2025-03-07 09:14:09');
INSERT INTO DanhGia (NguoiDungID, FoodID, SoSao, NhanXet, ThoiGian) VALUES (16, 'f101_0258', 5, N'Ngon tuyệt vời!', '2024-07-14 09:14:09');
INSERT INTO DanhGia (NguoiDungID, FoodID, SoSao, NhanXet, ThoiGian) VALUES (16, 'f101_0259', 4, N'Khá ưng ý.', '2025-03-15 09:14:09');
INSERT INTO DanhGia (NguoiDungID, FoodID, SoSao, NhanXet, ThoiGian) VALUES (16, 'f101_0214', 5, N'Hài lòng tuyệt đối.', '2024-06-30 09:14:09');
INSERT INTO DanhGia (NguoiDungID, FoodID, SoSao, NhanXet, ThoiGian) VALUES (16, 'f101_0226', 2, N'Nêm nếm chưa ổn.', '2024-11-25 09:14:09');
INSERT INTO DanhGia (NguoiDungID, FoodID, SoSao, NhanXet, ThoiGian) VALUES (16, 'f101_0214', 3, N'Cần cải thiện chút.', '2025-02-18 09:14:09');
INSERT INTO DanhGia (NguoiDungID, FoodID, SoSao, NhanXet, ThoiGian) VALUES (16, 'f101_0240', 3, N'Bình thường, không quá đặc biệt.', '2025-05-23 09:14:09');
INSERT INTO DanhGia (NguoiDungID, FoodID, SoSao, NhanXet, ThoiGian) VALUES (16, 'f101_0214', 5, N'Hài lòng tuyệt đối.', '2024-11-14 09:14:09');
INSERT INTO DanhGia (NguoiDungID, FoodID, SoSao, NhanXet, ThoiGian) VALUES (16, 'f101_0249', 2, N'Nêm nếm chưa ổn.', '2024-11-10 09:14:09');
INSERT INTO DanhGia (NguoiDungID, FoodID, SoSao, NhanXet, ThoiGian) VALUES (16, 'f101_0226', 4, N'Món ăn ngon.', '2024-11-13 09:14:09');
INSERT INTO DanhGia (NguoiDungID, FoodID, SoSao, NhanXet, ThoiGian) VALUES (16, 'f101_0240', 4, N'Khá ưng ý.', '2025-02-09 09:14:09');
INSERT INTO DanhGia (NguoiDungID, FoodID, SoSao, NhanXet, ThoiGian) VALUES (16, 'f101_0237', 5, N'Món ăn rất ngon và hấp dẫn.', '2024-09-30 09:14:09');
INSERT INTO DanhGia (NguoiDungID, FoodID, SoSao, NhanXet, ThoiGian) VALUES (16, 'f101_0235', 5, N'Ngon tuyệt vời!', '2025-02-08 09:14:09');
INSERT INTO DanhGia (NguoiDungID, FoodID, SoSao, NhanXet, ThoiGian) VALUES (16, 'f101_0258', 3, N'Bình thường, không quá đặc biệt.', '2025-05-09 09:14:09');
INSERT INTO DanhGia (NguoiDungID, FoodID, SoSao, NhanXet, ThoiGian) VALUES (16, 'f101_0245', 3, N'Cần cải thiện chút.', '2024-11-28 09:14:09');
INSERT INTO DanhGia (NguoiDungID, FoodID, SoSao, NhanXet, ThoiGian) VALUES (16, 'f101_0245', 5, N'Món ăn rất ngon và hấp dẫn.', '2024-07-17 09:14:09');
INSERT INTO DanhGia (NguoiDungID, FoodID, SoSao, NhanXet, ThoiGian) VALUES (16, 'f101_0259', 2, N'Không hợp khẩu vị.', '2024-07-14 09:14:09');
INSERT INTO DanhGia (NguoiDungID, FoodID, SoSao, NhanXet, ThoiGian) VALUES (17, 'f101_0244', 3, N'Cần cải thiện chút.', '2024-07-15 09:14:09');
INSERT INTO DanhGia (NguoiDungID, FoodID, SoSao, NhanXet, ThoiGian) VALUES (17, 'f101_0214', 4, N'Khá ưng ý.', '2024-10-18 09:14:09');
INSERT INTO DanhGia (NguoiDungID, FoodID, SoSao, NhanXet, ThoiGian) VALUES (17, 'f101_0243', 3, N'Bình thường, không quá đặc biệt.', '2024-12-21 09:14:09');
INSERT INTO DanhGia (NguoiDungID, FoodID, SoSao, NhanXet, ThoiGian) VALUES (17, 'f101_0232', 4, N'Khá ưng ý.', '2024-09-12 09:14:09');
INSERT INTO DanhGia (NguoiDungID, FoodID, SoSao, NhanXet, ThoiGian) VALUES (17, 'f101_0235', 5, N'Ngon tuyệt vời!', '2025-01-16 09:14:09');
INSERT INTO DanhGia (NguoiDungID, FoodID, SoSao, NhanXet, ThoiGian) VALUES (17, 'f101_0268', 1, N'Không đáng thử.', '2024-07-14 09:14:09');
INSERT INTO DanhGia (NguoiDungID, FoodID, SoSao, NhanXet, ThoiGian) VALUES (17, 'f101_0245', 4, N'Món ăn ngon.', '2025-01-17 09:14:09');
INSERT INTO DanhGia (NguoiDungID, FoodID, SoSao, NhanXet, ThoiGian) VALUES (17, 'f101_0232', 5, N'Món ăn rất ngon và hấp dẫn.', '2024-07-12 09:14:09');
INSERT INTO DanhGia (NguoiDungID, FoodID, SoSao, NhanXet, ThoiGian) VALUES (17, 'f101_0235', 5, N'Ngon tuyệt vời!', '2024-11-13 09:14:09');
INSERT INTO DanhGia (NguoiDungID, FoodID, SoSao, NhanXet, ThoiGian) VALUES (17, 'f101_0253', 5, N'Ngon tuyệt vời!', '2025-01-01 09:14:09');
INSERT INTO DanhGia (NguoiDungID, FoodID, SoSao, NhanXet, ThoiGian) VALUES (17, 'f101_0237', 3, N'Bình thường, không quá đặc biệt.', '2025-01-21 09:14:09');
INSERT INTO DanhGia (NguoiDungID, FoodID, SoSao, NhanXet, ThoiGian) VALUES (17, 'f101_0252', 1, N'Rất tệ, không ngon.', '2024-06-22 09:14:09');
INSERT INTO DanhGia (NguoiDungID, FoodID, SoSao, NhanXet, ThoiGian) VALUES (17, 'f101_0223', 5, N'Ngon tuyệt vời!', '2024-09-06 09:14:09');
INSERT INTO DanhGia (NguoiDungID, FoodID, SoSao, NhanXet, ThoiGian) VALUES (17, 'f101_0258', 4, N'Hợp khẩu vị.', '2025-02-06 09:14:09');
INSERT INTO DanhGia (NguoiDungID, FoodID, SoSao, NhanXet, ThoiGian) VALUES (17, 'f101_0258', 4, N'Hợp khẩu vị.', '2024-12-09 09:14:09');
INSERT INTO DanhGia (NguoiDungID, FoodID, SoSao, NhanXet, ThoiGian) VALUES (17, 'f101_0214', 4, N'Món ăn ngon.', '2024-12-06 09:14:09');
INSERT INTO DanhGia (NguoiDungID, FoodID, SoSao, NhanXet, ThoiGian) VALUES (17, 'f101_0243', 4, N'Khá ưng ý.', '2024-08-13 09:14:09');
INSERT INTO DanhGia (NguoiDungID, FoodID, SoSao, NhanXet, ThoiGian) VALUES (17, 'f101_0223', 5, N'Hài lòng tuyệt đối.', '2024-07-30 09:14:09');
INSERT INTO DanhGia (NguoiDungID, FoodID, SoSao, NhanXet, ThoiGian) VALUES (17, 'f101_0243', 4, N'Khá ưng ý.', '2024-12-30 09:14:09');
INSERT INTO DanhGia (NguoiDungID, FoodID, SoSao, NhanXet, ThoiGian) VALUES (17, 'f101_0249', 4, N'Món ăn ngon.', '2024-07-31 09:14:09');
INSERT INTO DanhGia (NguoiDungID, FoodID, SoSao, NhanXet, ThoiGian) VALUES (17, 'f101_0242', 4, N'Hợp khẩu vị.', '2024-08-11 09:14:09');
INSERT INTO DanhGia (NguoiDungID, FoodID, SoSao, NhanXet, ThoiGian) VALUES (17, 'f101_0237', 3, N'Tạm ổn.', '2024-11-17 09:14:09');
INSERT INTO DanhGia (NguoiDungID, FoodID, SoSao, NhanXet, ThoiGian) VALUES (17, 'f101_0221', 5, N'Ngon tuyệt vời!', '2025-02-01 09:14:09');
INSERT INTO DanhGia (NguoiDungID, FoodID, SoSao, NhanXet, ThoiGian) VALUES (17, 'f101_0268', 4, N'Khá ưng ý.', '2024-11-21 09:14:09');
INSERT INTO DanhGia (NguoiDungID, FoodID, SoSao, NhanXet, ThoiGian) VALUES (17, 'f101_0240', 4, N'Món ăn ngon.', '2025-04-14 09:14:09');
INSERT INTO DanhGia (NguoiDungID, FoodID, SoSao, NhanXet, ThoiGian) VALUES (17, 'f101_0249', 4, N'Món ăn ngon.', '2024-09-17 09:14:09');
INSERT INTO DanhGia (NguoiDungID, FoodID, SoSao, NhanXet, ThoiGian) VALUES (17, 'f101_0252', 5, N'Hài lòng tuyệt đối.', '2024-09-19 09:14:09');
INSERT INTO DanhGia (NguoiDungID, FoodID, SoSao, NhanXet, ThoiGian) VALUES (17, 'f101_0226', 2, N'Nêm nếm chưa ổn.', '2025-03-22 09:14:09');
INSERT INTO DanhGia (NguoiDungID, FoodID, SoSao, NhanXet, ThoiGian) VALUES (17, 'f101_0243', 5, N'Món ăn rất ngon và hấp dẫn.', '2024-08-09 09:14:09');
INSERT INTO DanhGia (NguoiDungID, FoodID, SoSao, NhanXet, ThoiGian) VALUES (17, 'f101_0216', 5, N'Ngon tuyệt vời!', '2025-04-11 09:14:09');
INSERT INTO DanhGia (NguoiDungID, FoodID, SoSao, NhanXet, ThoiGian) VALUES (17, 'f101_0216', 3, N'Tạm ổn.', '2025-02-13 09:14:09');
INSERT INTO DanhGia (NguoiDungID, FoodID, SoSao, NhanXet, ThoiGian) VALUES (17, 'f101_0237', 4, N'Hợp khẩu vị.', '2025-02-01 09:14:09');
INSERT INTO DanhGia (NguoiDungID, FoodID, SoSao, NhanXet, ThoiGian) VALUES (18, 'f101_0253', 2, N'Nêm nếm chưa ổn.', '2024-09-12 09:14:09');
INSERT INTO DanhGia (NguoiDungID, FoodID, SoSao, NhanXet, ThoiGian) VALUES (18, 'f101_0223', 4, N'Hợp khẩu vị.', '2025-01-08 09:14:09');
INSERT INTO DanhGia (NguoiDungID, FoodID, SoSao, NhanXet, ThoiGian) VALUES (18, 'f101_0249', 5, N'Hài lòng tuyệt đối.', '2024-11-30 09:14:09');
INSERT INTO DanhGia (NguoiDungID, FoodID, SoSao, NhanXet, ThoiGian) VALUES (18, 'f101_0252', 5, N'Hài lòng tuyệt đối.', '2024-10-17 09:14:09');
INSERT INTO DanhGia (NguoiDungID, FoodID, SoSao, NhanXet, ThoiGian) VALUES (18, 'f101_0211', 5, N'Món ăn rất ngon và hấp dẫn.', '2024-07-12 09:14:09');
INSERT INTO DanhGia (NguoiDungID, FoodID, SoSao, NhanXet, ThoiGian) VALUES (18, 'f101_0211', 5, N'Sẽ quay lại ăn lần nữa!', '2024-10-12 09:14:09');
INSERT INTO DanhGia (NguoiDungID, FoodID, SoSao, NhanXet, ThoiGian) VALUES (18, 'f101_0246', 5, N'Hài lòng tuyệt đối.', '2024-08-31 09:14:09');
INSERT INTO DanhGia (NguoiDungID, FoodID, SoSao, NhanXet, ThoiGian) VALUES (18, 'f101_0258', 3, N'Cần cải thiện chút.', '2025-05-12 09:14:09');
INSERT INTO DanhGia (NguoiDungID, FoodID, SoSao, NhanXet, ThoiGian) VALUES (18, 'f101_0249', 5, N'Hài lòng tuyệt đối.', '2025-01-10 09:14:09');
INSERT INTO DanhGia (NguoiDungID, FoodID, SoSao, NhanXet, ThoiGian) VALUES (18, 'f101_0237', 3, N'Cần cải thiện chút.', '2025-02-01 09:14:09');
INSERT INTO DanhGia (NguoiDungID, FoodID, SoSao, NhanXet, ThoiGian) VALUES (18, 'f101_0219', 5, N'Ngon tuyệt vời!', '2025-01-06 09:14:09');
INSERT INTO DanhGia (NguoiDungID, FoodID, SoSao, NhanXet, ThoiGian) VALUES (18, 'f101_0252', 5, N'Hài lòng tuyệt đối.', '2025-03-26 09:14:09');
INSERT INTO DanhGia (NguoiDungID, FoodID, SoSao, NhanXet, ThoiGian) VALUES (18, 'f101_0242', 5, N'Món ăn rất ngon và hấp dẫn.', '2025-01-16 09:14:09');
INSERT INTO DanhGia (NguoiDungID, FoodID, SoSao, NhanXet, ThoiGian) VALUES (18, 'f101_0236', 3, N'Tạm ổn.', '2024-12-10 09:14:09');
INSERT INTO DanhGia (NguoiDungID, FoodID, SoSao, NhanXet, ThoiGian) VALUES (18, 'f101_0243', 4, N'Món ăn ngon.', '2024-10-24 09:14:09');
INSERT INTO DanhGia (NguoiDungID, FoodID, SoSao, NhanXet, ThoiGian) VALUES (18, 'f101_0259', 2, N'Nêm nếm chưa ổn.', '2024-10-24 09:14:09');
INSERT INTO DanhGia (NguoiDungID, FoodID, SoSao, NhanXet, ThoiGian) VALUES (18, 'f101_0221', 5, N'Ngon tuyệt vời!', '2024-08-08 09:14:09');
INSERT INTO DanhGia (NguoiDungID, FoodID, SoSao, NhanXet, ThoiGian) VALUES (18, 'f101_0221', 1, N'Không đáng thử.', '2025-04-15 09:14:09');
INSERT INTO DanhGia (NguoiDungID, FoodID, SoSao, NhanXet, ThoiGian) VALUES (18, 'f101_0258', 4, N'Khá ưng ý.', '2025-02-12 09:14:09');
INSERT INTO DanhGia (NguoiDungID, FoodID, SoSao, NhanXet, ThoiGian) VALUES (18, 'f101_0221', 4, N'Món ăn ngon.', '2025-03-11 09:14:09');
INSERT INTO DanhGia (NguoiDungID, FoodID, SoSao, NhanXet, ThoiGian) VALUES (18, 'f101_0216', 4, N'Khá ưng ý.', '2024-08-13 09:14:09');
INSERT INTO DanhGia (NguoiDungID, FoodID, SoSao, NhanXet, ThoiGian) VALUES (18, 'f101_0244', 3, N'Bình thường, không quá đặc biệt.', '2025-03-02 09:14:09');
INSERT INTO DanhGia (NguoiDungID, FoodID, SoSao, NhanXet, ThoiGian) VALUES (18, 'f101_0268', 5, N'Ngon tuyệt vời!', '2025-05-17 09:14:09');
INSERT INTO DanhGia (NguoiDungID, FoodID, SoSao, NhanXet, ThoiGian) VALUES (18, 'f101_0235', 1, N'Không đáng thử.', '2024-08-31 09:14:09');
INSERT INTO DanhGia (NguoiDungID, FoodID, SoSao, NhanXet, ThoiGian) VALUES (18, 'f101_0258', 2, N'Không hợp khẩu vị.', '2025-05-02 09:14:09');
INSERT INTO DanhGia (NguoiDungID, FoodID, SoSao, NhanXet, ThoiGian) VALUES (18, 'f101_0237', 3, N'Bình thường, không quá đặc biệt.', '2024-09-19 09:14:09');
INSERT INTO DanhGia (NguoiDungID, FoodID, SoSao, NhanXet, ThoiGian) VALUES (18, 'f101_0236', 5, N'Sẽ quay lại ăn lần nữa!', '2025-06-08 09:14:09');
INSERT INTO DanhGia (NguoiDungID, FoodID, SoSao, NhanXet, ThoiGian) VALUES (18, 'f101_0237', 5, N'Món ăn rất ngon và hấp dẫn.', '2025-01-06 09:14:09');
INSERT INTO DanhGia (NguoiDungID, FoodID, SoSao, NhanXet, ThoiGian) VALUES (18, 'f101_0268', 3, N'Tạm ổn.', '2024-10-25 09:14:09');
INSERT INTO DanhGia (NguoiDungID, FoodID, SoSao, NhanXet, ThoiGian) VALUES (18, 'f101_0244', 4, N'Hợp khẩu vị.', '2024-07-07 09:14:09');
INSERT INTO DanhGia (NguoiDungID, FoodID, SoSao, NhanXet, ThoiGian) VALUES (19, 'f101_0216', 5, N'Hài lòng tuyệt đối.', '2025-03-24 09:14:09');
INSERT INTO DanhGia (NguoiDungID, FoodID, SoSao, NhanXet, ThoiGian) VALUES (19, 'f101_0211', 3, N'Cần cải thiện chút.', '2024-08-20 09:14:09');
INSERT INTO DanhGia (NguoiDungID, FoodID, SoSao, NhanXet, ThoiGian) VALUES (19, 'f101_0226', 4, N'Món ăn ngon.', '2024-10-12 09:14:09');
INSERT INTO DanhGia (NguoiDungID, FoodID, SoSao, NhanXet, ThoiGian) VALUES (19, 'f101_0232', 5, N'Món ăn rất ngon và hấp dẫn.', '2025-04-14 09:14:09');
INSERT INTO DanhGia (NguoiDungID, FoodID, SoSao, NhanXet, ThoiGian) VALUES (19, 'f101_0223', 3, N'Bình thường, không quá đặc biệt.', '2025-04-13 09:14:09');
INSERT INTO DanhGia (NguoiDungID, FoodID, SoSao, NhanXet, ThoiGian) VALUES (19, 'f101_0253', 4, N'Khá ưng ý.', '2025-04-03 09:14:09');
INSERT INTO DanhGia (NguoiDungID, FoodID, SoSao, NhanXet, ThoiGian) VALUES (19, 'f101_0243', 5, N'Món ăn rất ngon và hấp dẫn.', '2024-08-20 09:14:09');
INSERT INTO DanhGia (NguoiDungID, FoodID, SoSao, NhanXet, ThoiGian) VALUES (19, 'f101_0232', 4, N'Món ăn ngon.', '2024-08-05 09:14:09');
INSERT INTO DanhGia (NguoiDungID, FoodID, SoSao, NhanXet, ThoiGian) VALUES (19, 'f101_0237', 5, N'Hài lòng tuyệt đối.', '2025-02-11 09:14:09');
INSERT INTO DanhGia (NguoiDungID, FoodID, SoSao, NhanXet, ThoiGian) VALUES (19, 'f101_0236', 4, N'Hợp khẩu vị.', '2025-02-15 09:14:09');
INSERT INTO DanhGia (NguoiDungID, FoodID, SoSao, NhanXet, ThoiGian) VALUES (19, 'f101_0246', 3, N'Tạm ổn.', '2025-02-27 09:14:09');
INSERT INTO DanhGia (NguoiDungID, FoodID, SoSao, NhanXet, ThoiGian) VALUES (19, 'f101_0240', 3, N'Cần cải thiện chút.', '2024-12-31 09:14:09');
INSERT INTO DanhGia (NguoiDungID, FoodID, SoSao, NhanXet, ThoiGian) VALUES (19, 'f101_0242', 5, N'Ngon tuyệt vời!', '2025-04-26 09:14:09');
INSERT INTO DanhGia (NguoiDungID, FoodID, SoSao, NhanXet, ThoiGian) VALUES (19, 'f101_0243', 3, N'Bình thường, không quá đặc biệt.', '2024-11-05 09:14:09');
INSERT INTO DanhGia (NguoiDungID, FoodID, SoSao, NhanXet, ThoiGian) VALUES (19, 'f101_0223', 4, N'Hợp khẩu vị.', '2025-03-03 09:14:09');
INSERT INTO DanhGia (NguoiDungID, FoodID, SoSao, NhanXet, ThoiGian) VALUES (19, 'f101_0216', 1, N'Rất tệ, không ngon.', '2025-06-01 09:14:09');
INSERT INTO DanhGia (NguoiDungID, FoodID, SoSao, NhanXet, ThoiGian) VALUES (19, 'f101_0249', 4, N'Hợp khẩu vị.', '2024-08-13 09:14:09');
INSERT INTO DanhGia (NguoiDungID, FoodID, SoSao, NhanXet, ThoiGian) VALUES (19, 'f101_0211', 5, N'Món ăn rất ngon và hấp dẫn.', '2024-09-28 09:14:09');
INSERT INTO DanhGia (NguoiDungID, FoodID, SoSao, NhanXet, ThoiGian) VALUES (19, 'f101_0214', 4, N'Khá ưng ý.', '2024-09-26 09:14:09');
INSERT INTO DanhGia (NguoiDungID, FoodID, SoSao, NhanXet, ThoiGian) VALUES (19, 'f101_0258', 5, N'Hài lòng tuyệt đối.', '2025-02-04 09:14:09');
INSERT INTO DanhGia (NguoiDungID, FoodID, SoSao, NhanXet, ThoiGian) VALUES (19, 'f101_0211', 5, N'Hài lòng tuyệt đối.', '2024-10-21 09:14:09');
INSERT INTO DanhGia (NguoiDungID, FoodID, SoSao, NhanXet, ThoiGian) VALUES (19, 'f101_0245', 5, N'Hài lòng tuyệt đối.', '2024-07-05 09:14:09');
INSERT INTO DanhGia (NguoiDungID, FoodID, SoSao, NhanXet, ThoiGian) VALUES (19, 'f101_0235', 5, N'Sẽ quay lại ăn lần nữa!', '2024-07-16 09:14:09');
INSERT INTO DanhGia (NguoiDungID, FoodID, SoSao, NhanXet, ThoiGian) VALUES (19, 'f101_0253', 4, N'Hợp khẩu vị.', '2025-05-06 09:14:09');
INSERT INTO DanhGia (NguoiDungID, FoodID, SoSao, NhanXet, ThoiGian) VALUES (19, 'f101_0226', 5, N'Món ăn rất ngon và hấp dẫn.', '2025-01-15 09:14:09');
INSERT INTO DanhGia (NguoiDungID, FoodID, SoSao, NhanXet, ThoiGian) VALUES (19, 'f101_0226', 5, N'Ngon tuyệt vời!', '2025-05-01 09:14:09');
INSERT INTO DanhGia (NguoiDungID, FoodID, SoSao, NhanXet, ThoiGian) VALUES (19, 'f101_0223', 4, N'Khá ưng ý.', '2025-03-02 09:14:09');
INSERT INTO DanhGia (NguoiDungID, FoodID, SoSao, NhanXet, ThoiGian) VALUES (19, 'f101_0236', 4, N'Món ăn ngon.', '2024-08-15 09:14:09');
INSERT INTO DanhGia (NguoiDungID, FoodID, SoSao, NhanXet, ThoiGian) VALUES (19, 'f101_0211', 5, N'Sẽ quay lại ăn lần nữa!', '2025-04-04 09:14:09');
INSERT INTO DanhGia (NguoiDungID, FoodID, SoSao, NhanXet, ThoiGian) VALUES (19, 'f101_0240', 5, N'Hài lòng tuyệt đối.', '2024-07-27 09:14:09');
INSERT INTO DanhGia (NguoiDungID, FoodID, SoSao, NhanXet, ThoiGian) VALUES (19, 'f101_0219', 4, N'Món ăn ngon.', '2024-07-06 09:14:09');
INSERT INTO DanhGia (NguoiDungID, FoodID, SoSao, NhanXet, ThoiGian) VALUES (19, 'f101_0259', 5, N'Ngon tuyệt vời!', '2024-07-16 09:14:09');
INSERT INTO DanhGia (NguoiDungID, FoodID, SoSao, NhanXet, ThoiGian) VALUES (20, 'f101_0228', 2, N'Không hợp khẩu vị.', '2025-04-16 09:14:09');
INSERT INTO DanhGia (NguoiDungID, FoodID, SoSao, NhanXet, ThoiGian) VALUES (20, 'f101_0228', 5, N'Sẽ quay lại ăn lần nữa!', '2025-04-02 09:14:09');
INSERT INTO DanhGia (NguoiDungID, FoodID, SoSao, NhanXet, ThoiGian) VALUES (20, 'f101_0213', 3, N'Bình thường, không quá đặc biệt.', '2025-03-10 09:14:09');
INSERT INTO DanhGia (NguoiDungID, FoodID, SoSao, NhanXet, ThoiGian) VALUES (20, 'f101_0212', 4, N'Món ăn ngon.', '2025-03-24 09:14:09');
INSERT INTO DanhGia (NguoiDungID, FoodID, SoSao, NhanXet, ThoiGian) VALUES (20, 'f101_0213', 3, N'Cần cải thiện chút.', '2025-05-12 09:14:09');
INSERT INTO DanhGia (NguoiDungID, FoodID, SoSao, NhanXet, ThoiGian) VALUES (20, 'f101_0250', 4, N'Món ăn ngon.', '2025-05-20 09:14:09');
INSERT INTO DanhGia (NguoiDungID, FoodID, SoSao, NhanXet, ThoiGian) VALUES (20, 'f101_0210', 4, N'Hợp khẩu vị.', '2025-01-06 09:14:09');
INSERT INTO DanhGia (NguoiDungID, FoodID, SoSao, NhanXet, ThoiGian) VALUES (20, 'f101_0234', 4, N'Hợp khẩu vị.', '2024-07-05 09:14:09');
INSERT INTO DanhGia (NguoiDungID, FoodID, SoSao, NhanXet, ThoiGian) VALUES (20, 'f101_0228', 4, N'Hợp khẩu vị.', '2025-03-13 09:14:09');
INSERT INTO DanhGia (NguoiDungID, FoodID, SoSao, NhanXet, ThoiGian) VALUES (20, 'f101_0228', 5, N'Sẽ quay lại ăn lần nữa!', '2024-07-17 09:14:09');
INSERT INTO DanhGia (NguoiDungID, FoodID, SoSao, NhanXet, ThoiGian) VALUES (20, 'f101_0228', 2, N'Không hợp khẩu vị.', '2024-09-30 09:14:09');
INSERT INTO DanhGia (NguoiDungID, FoodID, SoSao, NhanXet, ThoiGian) VALUES (20, 'f101_0250', 4, N'Hợp khẩu vị.', '2025-04-04 09:14:09');
INSERT INTO DanhGia (NguoiDungID, FoodID, SoSao, NhanXet, ThoiGian) VALUES (20, 'f101_0213', 3, N'Tạm ổn.', '2024-08-29 09:14:09');
INSERT INTO DanhGia (NguoiDungID, FoodID, SoSao, NhanXet, ThoiGian) VALUES (20, 'f101_0210', 1, N'Không đáng thử.', '2024-09-07 09:14:09');
INSERT INTO DanhGia (NguoiDungID, FoodID, SoSao, NhanXet, ThoiGian) VALUES (20, 'f101_0234', 4, N'Khá ưng ý.', '2024-07-05 09:14:09');
INSERT INTO DanhGia (NguoiDungID, FoodID, SoSao, NhanXet, ThoiGian) VALUES (20, 'f101_0210', 4, N'Món ăn ngon.', '2025-01-01 09:14:09');
INSERT INTO DanhGia (NguoiDungID, FoodID, SoSao, NhanXet, ThoiGian) VALUES (20, 'f101_0234', 4, N'Hợp khẩu vị.', '2024-12-13 09:14:09');
INSERT INTO DanhGia (NguoiDungID, FoodID, SoSao, NhanXet, ThoiGian) VALUES (20, 'f101_0234', 5, N'Ngon tuyệt vời!', '2025-01-23 09:14:09');
INSERT INTO DanhGia (NguoiDungID, FoodID, SoSao, NhanXet, ThoiGian) VALUES (20, 'f101_0234', 2, N'Nêm nếm chưa ổn.', '2024-07-09 09:14:09');
INSERT INTO DanhGia (NguoiDungID, FoodID, SoSao, NhanXet, ThoiGian) VALUES (20, 'f101_0233', 5, N'Ngon tuyệt vời!', '2025-03-25 09:14:09');
INSERT INTO DanhGia (NguoiDungID, FoodID, SoSao, NhanXet, ThoiGian) VALUES (20, 'f101_0213', 2, N'Không hợp khẩu vị.', '2025-03-01 09:14:09');
INSERT INTO DanhGia (NguoiDungID, FoodID, SoSao, NhanXet, ThoiGian) VALUES (20, 'f101_0213', 5, N'Món ăn rất ngon và hấp dẫn.', '2025-06-08 09:14:09');
INSERT INTO DanhGia (NguoiDungID, FoodID, SoSao, NhanXet, ThoiGian) VALUES (20, 'f101_0210', 4, N'Khá ưng ý.', '2025-04-26 09:14:09');
INSERT INTO DanhGia (NguoiDungID, FoodID, SoSao, NhanXet, ThoiGian) VALUES (20, 'f101_0213', 4, N'Hợp khẩu vị.', '2025-01-15 09:14:09');
INSERT INTO DanhGia (NguoiDungID, FoodID, SoSao, NhanXet, ThoiGian) VALUES (20, 'f101_0233', 4, N'Món ăn ngon.', '2024-11-14 09:14:09');
INSERT INTO DanhGia (NguoiDungID, FoodID, SoSao, NhanXet, ThoiGian) VALUES (20, 'f101_0228', 5, N'Sẽ quay lại ăn lần nữa!', '2024-08-02 09:14:09');
INSERT INTO DanhGia (NguoiDungID, FoodID, SoSao, NhanXet, ThoiGian) VALUES (20, 'f101_0212', 3, N'Tạm ổn.', '2025-01-30 09:14:09');
INSERT INTO DanhGia (NguoiDungID, FoodID, SoSao, NhanXet, ThoiGian) VALUES (20, 'f101_0228', 4, N'Khá ưng ý.', '2024-07-10 09:14:09');
INSERT INTO DanhGia (NguoiDungID, FoodID, SoSao, NhanXet, ThoiGian) VALUES (20, 'f101_0213', 5, N'Món ăn rất ngon và hấp dẫn.', '2024-08-23 09:14:09');
INSERT INTO DanhGia (NguoiDungID, FoodID, SoSao, NhanXet, ThoiGian) VALUES (20, 'f101_0212', 1, N'Không đáng thử.', '2024-08-24 09:14:09');
INSERT INTO DanhGia (NguoiDungID, FoodID, SoSao, NhanXet, ThoiGian) VALUES (20, 'f101_0210', 5, N'Ngon tuyệt vời!', '2024-07-07 09:14:09');
INSERT INTO DanhGia (NguoiDungID, FoodID, SoSao, NhanXet, ThoiGian) VALUES (20, 'f101_0212', 4, N'Hợp khẩu vị.', '2024-07-18 09:14:09');
INSERT INTO DanhGia (NguoiDungID, FoodID, SoSao, NhanXet, ThoiGian) VALUES (20, 'f101_0212', 4, N'Món ăn ngon.', '2025-04-17 09:14:09');
INSERT INTO DanhGia (NguoiDungID, FoodID, SoSao, NhanXet, ThoiGian) VALUES (20, 'f101_0212', 5, N'Món ăn rất ngon và hấp dẫn.', '2024-07-21 09:14:09');
INSERT INTO DanhGia (NguoiDungID, FoodID, SoSao, NhanXet, ThoiGian) VALUES (20, 'f101_0212', 5, N'Hài lòng tuyệt đối.', '2025-05-05 09:14:09');
INSERT INTO DanhGia (NguoiDungID, FoodID, SoSao, NhanXet, ThoiGian) VALUES (20, 'f101_0250', 1, N'Rất tệ, không ngon.', '2024-10-19 09:14:09');



INSERT INTO FavoriteList (NguoiDungID, FoodID)
VALUES (2, 'f101_0269');
INSERT INTO FavoriteList (NguoiDungID, FoodID)
VALUES (2, 'f101_0270');
INSERT INTO FavoriteList (NguoiDungID, FoodID)
VALUES (2, 'f101_0271');
INSERT INTO FavoriteList (NguoiDungID, FoodID)
VALUES (3, 'f101_0269');
INSERT INTO FavoriteList (NguoiDungID, FoodID)
VALUES (3, 'f101_0270');
INSERT INTO FavoriteList (NguoiDungID, FoodID)
VALUES (3, 'f101_0271');